Student_ID,Study_Hours,Attendance,Previous_Marks,Assignment_Score,Internal_Exam_Score,Sleep_Hours,Extracurricular_Activities,Internet_Access,Parent_Education,Final_Score,Performance
STU_10000,6.0,76.9,53.1,81.1,52.1,6.4,Yes,Yes,Graduate,61.5,Good
STU_10001,4.7,92.7,48.0,68.0,77.1,,No,,Postgraduate,65.8,Good
STU_10002,6.3,68.6,57.3,70.1,68.9,6.4,Yes,Yes,Graduate,71.1,Good
STU_10003,8.0,76.3,79.9,80.9,79.5,6.5,Yes,Yes,School,81.4,Excellent
STU_10004,4.5,81.6,59.5,64.4,30.0,7.7,No,Yes,Postgraduate,58.4,Average
STU_10005,4.5,50.0,52.4,53.3,57.4,6.4,No,Yes,School,53.7,Average
STU_10006,8.2,83.7,83.2,58.7,64.1,8.0,Yes,Yes,Postgraduate,74.4,Good
STU_10007,6.5,95.6,80.6,58.7,82.8,6.1,No,No,School,75.2,Good
STU_10008,4.1,82.7,90.0,71.2,48.5,6.9,Yes,Yes,Graduate,75.9,Good
STU_10009,6.1,72.3,85.3,43.5,56.5,5.6,Yes,Yes,Graduate,66.2,Good
STU_10010,4.1,50.0,80.9,74.3,64.3,5.4,No,Yes,Graduate,64.4,Good
STU_10011,4.1,92.3,53.7,87.7,74.2,7.4,No,Yes,Postgraduate,73.4,Good
STU_10012,5.5,95.1,74.9,62.9,44.3,7.1,No,Yes,Graduate,68.0,Good
STU_10013,1.2,65.9,83.2,60.8,75.0,6.4,No,Yes,Graduate,61.4,Good
STU_10014,1.6,50.0,92.8,97.5,52.6,5.8,No,Yes,Graduate,66.1,Good
STU_10015,3.9,74.8,67.6,90.6,68.0,5.6,Yes,Yes,School,63.9,Good
STU_10016,3.0,80.7,57.6,76.0,58.9,7.4,,Yes,Graduate,64.6,Good
STU_10017,5.6,78.8,51.7,59.5,66.4,6.1,No,Yes,Graduate,61.1,Good
STU_10018,3.2,89.5,79.7,78.2,65.4,8.9,Yes,Yes,Graduate,81.5,Excellent
STU_10019,2.2,50.1,,55.9,82.4,7.2,Yes,Yes,Postgraduate,65.7,Good
STU_10020,7.9,64.6,66.6,51.5,58.2,7.6,Yes,Yes,School,69.7,Good
STU_10021,,94.5,,76.3,57.2,8.7,No,Yes,Postgraduate,67.2,Good
STU_10022,5.1,58.3,62.6,63.3,79.1,6.0,,Yes,Postgraduate,73.7,Good
STU_10023,2.2,60.5,71.6,41.7,84.4,7.5,No,Yes,Postgraduate,54.2,Average
STU_10024,3.9,50.8,69.0,78.2,55.7,7.6,No,Yes,School,61.9,Good
STU_10025,5.2,84.3,76.1,90.4,73.1,6.3,No,Yes,Postgraduate,76.7,Good
STU_10026,2.7,65.6,44.4,79.2,48.3,5.1,No,Yes,School,60.2,Good
STU_10027,5.8,50.0,63.3,63.0,73.2,4.4,No,Yes,Graduate,57.8,Average
STU_10028,3.8,92.0,57.9,40.0,76.7,5.9,No,Yes,Postgraduate,64.8,Good
STU_10029,4.4,64.6,50.3,72.0,57.6,8.3,No,Yes,Graduate,68.1,Good
STU_10030,3.8,75.1,53.8,60.8,79.8,6.0,Yes,Yes,Graduate,65.1,Good
STU_10031,8.7,74.2,51.6,57.4,57.8,8.1,Yes,Yes,Graduate,66.1,Good
STU_10032,5.0,60.4,70.2,42.7,62.4,6.0,No,No,Graduate,60.3,Good
STU_10033,2.9,91.4,71.0,96.3,68.3,7.0,Yes,Yes,Graduate,73.5,Good
STU_10034,6.6,90.1,78.1,54.6,,7.6,Yes,Yes,Postgraduate,72.3,Good
STU_10035,2.6,66.1,69.9,44.5,40.3,8.2,No,Yes,School,58.1,Average
STU_10036,5.4,72.4,67.4,93.7,66.5,6.4,No,Yes,School,73.5,Good
STU_10037,1.1,71.3,66.2,70.4,50.1,6.2,Yes,Yes,School,57.3,Average
STU_10038,2.3,73.6,75.1,,42.5,4.6,No,Yes,School,62.2,Good
STU_10039,5.4,70.6,33.4,74.3,74.3,6.4,No,Yes,School,70.1,Good
STU_10040,6.5,67.4,64.1,76.1,86.3,10.0,No,Yes,School,70.4,Good
STU_10041,5.3,77.7,69.8,73.0,75.7,6.7,No,Yes,Graduate,83.7,Excellent
STU_10042,4.8,85.9,91.8,48.9,43.0,5.3,Yes,Yes,School,61.1,Good
STU_10043,4.4,75.8,48.3,47.8,64.9,6.8,Yes,Yes,Graduate,61.4,Good
STU_10044,2.0,93.6,47.8,59.8,57.0,7.9,Yes,Yes,School,58.4,Average
STU_10045,3.6,64.7,30.9,62.9,48.4,6.2,Yes,Yes,Postgraduate,55.1,Average
STU_10046,4.1,87.8,44.1,65.0,63.4,5.7,Yes,Yes,Graduate,51.8,Average
STU_10047,7.1,72.6,62.7,73.2,60.9,10.0,No,No,School,58.9,Average
STU_10048,5.7,71.2,,66.1,58.3,,No,Yes,Postgraduate,61.9,Good
STU_10049,1.5,84.4,53.8,60.5,77.8,8.8,No,Yes,Graduate,57.9,Average
STU_10050,5.6,84.8,65.3,75.5,82.8,6.5,Yes,,Postgraduate,80.6,Excellent
STU_10051,4.2,91.0,73.7,80.0,56.8,9.1,Yes,Yes,Graduate,78.9,Good
STU_10052,3.6,81.7,65.2,58.7,59.1,8.1,Yes,Yes,Graduate,51.5,Average
STU_10053,6.2,85.5,65.4,50.8,58.0,7.6,No,Yes,Graduate,57.7,Average
STU_10054,7.1,84.1,71.1,72.5,70.2,5.5,No,Yes,Graduate,70.9,Good
STU_10055,6.9,95.0,37.5,64.1,67.3,6.1,No,Yes,Graduate,57.5,Average
STU_10056,3.3,82.7,66.9,81.7,50.6,7.5,No,,Graduate,62.6,Good
STU_10057,4.4,78.9,63.9,56.2,59.9,6.6,No,Yes,Graduate,57.0,Average
STU_10058,5.7,64.1,64.9,53.1,38.0,7.4,No,Yes,Graduate,59.9,Average
STU_10059,7.0,66.9,56.2,61.1,36.9,6.4,Yes,Yes,Graduate,75.9,Good
STU_10060,4.0,55.4,61.9,77.3,43.1,7.5,Yes,Yes,Graduate,55.3,Average
STU_10061,4.6,73.8,71.0,65.1,58.0,6.2,No,No,Graduate,70.4,Good
STU_10062,2.8,50.0,89.1,68.8,71.8,7.5,No,Yes,Graduate,84.7,Excellent
STU_10063,2.6,88.2,39.6,63.1,49.5,5.8,Yes,Yes,School,48.8,Average
STU_10064,6.6,65.3,73.6,84.2,60.0,6.6,No,Yes,Graduate,85.1,Excellent
STU_10065,7.7,66.9,83.3,76.8,65.5,6.7,Yes,Yes,Postgraduate,74.0,Good
STU_10066,4.9,50.0,45.9,48.7,86.6,5.9,No,Yes,Graduate,67.9,Good
STU_10067,7.0,84.8,62.3,82.6,62.9,6.2,Yes,Yes,Graduate,68.8,Good
STU_10068,5.7,81.1,69.1,78.3,63.6,7.3,No,Yes,Graduate,59.9,Average
STU_10069,3.7,74.6,95.1,85.2,52.3,7.8,,Yes,Graduate,80.3,Excellent
STU_10070,5.7,73.0,97.6,62.6,91.4,7.3,No,No,Postgraduate,83.8,Excellent
STU_10071,8.1,84.1,45.9,56.9,74.2,7.6,Yes,Yes,School,67.1,Good
STU_10072,4.9,50.0,60.5,68.8,44.2,,Yes,Yes,School,47.9,Average
STU_10073,8.1,70.0,68.0,72.3,86.0,6.2,No,No,Postgraduate,84.8,Excellent
STU_10074,1.0,87.6,73.3,86.6,73.5,4.9,No,Yes,Graduate,75.7,Good
STU_10075,6.6,50.0,68.0,78.9,65.7,6.4,No,Yes,Graduate,58.5,Average
STU_10076,5.2,50.0,50.8,72.1,72.6,6.9,Yes,Yes,Graduate,66.3,Good
STU_10077,4.4,80.9,50.1,68.2,80.2,6.2,No,No,Graduate,67.4,Good
STU_10078,5.2,56.1,41.9,70.2,50.0,8.9,Yes,Yes,Graduate,51.0,Average
STU_10079,1.0,80.1,34.7,64.5,55.8,7.3,No,No,Graduate,54.6,Average
STU_10080,,52.6,41.5,79.5,61.4,6.9,Yes,Yes,Graduate,75.7,Good
STU_10081,5.7,74.2,82.4,49.7,42.2,7.7,No,Yes,Graduate,69.1,Good
STU_10082,8.0,62.9,75.7,70.1,73.7,9.4,Yes,Yes,Postgraduate,89.2,Excellent
STU_10083,4.0,76.6,73.3,84.6,57.6,6.7,Yes,Yes,School,74.1,Good
STU_10084,,54.2,61.7,54.1,55.8,5.8,No,No,School,45.5,Average
STU_10085,4.0,82.2,64.4,97.2,51.7,7.4,No,Yes,Graduate,73.2,Good
STU_10086,6.8,51.8,61.0,54.9,61.5,5.6,Yes,Yes,Graduate,55.7,Average
STU_10087,5.7,71.5,41.2,62.9,64.5,5.9,Yes,Yes,Graduate,58.2,Average
STU_10088,3.9,60.1,74.7,84.4,77.9,8.7,No,Yes,School,69.6,Good
STU_10089,6.0,90.4,77.8,90.3,78.4,8.6,No,Yes,School,77.2,Good
STU_10090,5.2,79.2,47.7,75.0,43.9,7.8,No,,Postgraduate,55.8,Average
STU_10091,6.9,64.9,47.7,74.6,69.4,7.5,Yes,Yes,Graduate,66.4,Good
STU_10092,3.6,95.4,70.3,95.0,81.7,5.5,Yes,Yes,Graduate,77.6,Good
STU_10093,4.3,58.4,70.1,50.8,58.4,6.0,Yes,Yes,Graduate,68.8,Good
STU_10094,4.2,74.3,76.0,45.9,59.3,8.6,No,Yes,School,63.5,Good
STU_10095,2.1,57.9,86.2,43.1,55.7,6.4,No,Yes,Graduate,64.1,Good
STU_10096,5.6,54.6,49.1,58.1,70.6,6.0,No,Yes,Graduate,59.0,Average
STU_10097,5.5,50.0,63.8,60.0,66.6,6.8,No,Yes,Graduate,68.9,Good
STU_10098,5.0,96.8,50.0,75.3,77.7,7.7,Yes,Yes,Graduate,59.5,Average
STU_10099,4.5,73.6,51.1,84.1,60.2,6.8,No,Yes,Graduate,56.3,Average
STU_10100,2.2,57.9,58.6,82.7,82.2,6.8,No,Yes,Graduate,72.1,Good
STU_10101,4.2,72.3,86.6,82.3,71.6,4.4,No,Yes,Postgraduate,72.1,Good
STU_10102,,71.5,81.6,56.6,80.8,6.9,Yes,Yes,School,71.4,Good
STU_10103,3.4,91.7,63.9,75.4,52.5,8.2,No,Yes,Graduate,50.0,Average
STU_10104,4.7,50.0,32.7,59.7,87.1,6.9,No,Yes,Postgraduate,58.4,Average
STU_10105,5.8,62.9,70.9,78.4,53.1,9.5,No,Yes,School,58.6,Average
STU_10106,8.8,66.8,70.5,70.6,53.9,6.1,Yes,No,School,64.1,Good
STU_10107,5.3,85.4,51.0,82.4,55.7,6.4,No,Yes,Graduate,65.5,Good
STU_10108,5.5,50.0,77.5,100.0,54.0,6.2,No,Yes,,70.3,Good
STU_10109,4.9,79.9,50.7,69.5,92.3,6.2,Yes,Yes,Postgraduate,71.6,Good
STU_10110,1.2,94.6,77.4,54.6,70.3,7.6,Yes,Yes,School,69.9,Good
STU_10111,4.9,50.0,68.6,47.2,69.9,6.7,Yes,Yes,Graduate,60.5,Good
STU_10112,5.1,92.1,43.1,57.4,31.7,9.3,No,Yes,Postgraduate,52.8,Average
STU_10113,9.9,96.7,59.6,84.9,82.6,7.3,No,Yes,School,73.7,Good
STU_10114,4.6,68.6,67.2,76.8,45.4,6.0,No,Yes,Postgraduate,71.1,Good
STU_10115,5.6,93.0,69.5,73.2,61.4,5.8,No,Yes,School,63.6,Good
STU_10116,4.9,87.6,80.5,75.3,50.7,9.0,Yes,Yes,Postgraduate,64.3,Good
STU_10117,2.7,80.0,82.4,80.1,65.8,7.3,Yes,No,Graduate,62.7,Good
STU_10118,7.3,85.7,61.4,48.2,86.5,8.6,Yes,Yes,School,73.0,Good
STU_10119,6.5,50.0,73.4,83.8,46.6,7.1,Yes,Yes,Graduate,67.7,Good
STU_10120,6.6,57.9,89.1,75.5,50.5,7.0,,No,Graduate,67.6,Good
STU_10121,3.2,84.4,49.7,49.8,64.2,8.6,No,Yes,School,61.9,Good
STU_10122,7.8,50.0,55.9,74.7,87.1,7.4,Yes,Yes,Graduate,68.3,Good
STU_10123,2.2,59.3,40.2,,55.2,7.4,No,Yes,,51.8,Average
STU_10124,,61.7,55.5,77.1,50.5,6.5,,No,Postgraduate,62.6,Good
STU_10125,9.4,85.1,68.1,71.7,64.6,8.0,Yes,No,Postgraduate,79.1,Good
STU_10126,3.0,88.6,,55.9,62.1,6.9,Yes,Yes,Graduate,55.8,Average
STU_10127,3.9,82.0,71.6,75.8,45.6,6.3,No,Yes,School,57.6,Average
STU_10128,5.2,50.0,57.9,81.3,55.5,9.6,No,Yes,Graduate,50.0,Average
STU_10129,4.0,73.1,64.1,62.0,,6.6,Yes,Yes,School,59.4,Average
STU_10130,1.9,71.6,47.5,81.0,61.5,6.1,Yes,Yes,School,58.4,Average
STU_10131,5.1,96.9,63.5,66.1,42.1,8.4,No,No,Graduate,61.3,Good
STU_10132,2.9,78.3,90.2,82.2,100.0,7.8,Yes,Yes,Graduate,82.9,Excellent
STU_10133,5.9,80.1,59.0,,70.9,6.2,No,Yes,Postgraduate,60.7,Good
STU_10134,3.2,71.6,31.8,86.4,66.1,6.9,,Yes,Postgraduate,63.3,Good
STU_10135,8.1,89.1,83.2,57.2,70.4,7.8,No,Yes,Graduate,76.5,Good
STU_10136,3.4,80.8,73.1,57.6,54.1,7.3,No,Yes,Postgraduate,62.9,Good
STU_10137,4.4,72.0,66.4,59.0,59.7,7.9,No,Yes,Graduate,72.9,Good
STU_10138,6.6,82.6,73.5,71.8,70.1,7.0,Yes,Yes,Postgraduate,77.4,Good
STU_10139,2.5,76.0,66.2,67.9,46.4,,Yes,Yes,School,57.8,Average
STU_10140,5.5,94.7,89.6,74.0,72.9,6.6,No,Yes,School,75.9,Good
STU_10141,7.6,82.7,76.3,53.7,95.7,6.2,Yes,Yes,Graduate,73.5,Good
STU_10142,1.8,67.0,58.2,60.0,38.3,8.3,No,Yes,School,50.4,Average
STU_10143,5.4,82.9,87.4,87.8,70.5,7.3,No,Yes,School,78.9,Good
STU_10144,5.5,62.4,92.3,75.2,48.9,7.8,No,Yes,School,64.8,Good
STU_10145,6.6,68.6,78.7,78.7,73.1,8.5,Yes,Yes,Graduate,82.0,Excellent
STU_10146,2.5,87.5,71.1,66.4,67.4,6.3,No,Yes,Postgraduate,69.9,Good
STU_10147,2.4,81.1,52.2,74.1,92.1,7.6,No,Yes,Graduate,67.3,Good
STU_10148,6.0,70.6,75.3,63.4,89.2,9.8,Yes,Yes,Postgraduate,83.8,Excellent
STU_10149,5.6,52.5,70.8,44.1,38.8,6.8,Yes,Yes,Postgraduate,55.8,Average
STU_10150,5.5,77.8,64.6,84.5,74.2,5.6,Yes,Yes,School,77.3,Good
STU_10151,5.7,68.6,75.5,72.6,74.0,8.0,No,Yes,Graduate,69.9,Good
STU_10152,3.6,65.7,66.3,59.8,81.0,5.0,No,Yes,Postgraduate,76.5,Good
STU_10153,5.5,92.8,73.2,70.0,69.6,5.7,No,Yes,Postgraduate,70.1,Good
STU_10154,5.6,50.0,80.5,63.5,71.5,7.0,No,Yes,Graduate,68.4,Good
STU_10155,,62.0,45.0,91.0,45.5,7.0,No,Yes,Graduate,52.5,Average
STU_10156,8.7,91.7,49.6,79.4,68.8,7.2,No,Yes,Postgraduate,77.8,Good
STU_10157,5.9,61.5,51.3,53.9,58.5,9.6,No,Yes,Graduate,52.3,Average
STU_10158,2.6,54.9,94.1,52.0,72.9,7.1,No,Yes,School,64.6,Good
STU_10159,6.3,63.5,74.5,73.5,60.5,6.3,No,Yes,Graduate,61.0,Good
STU_10160,3.1,88.6,75.9,71.9,69.2,6.2,Yes,Yes,Graduate,73.9,Good
STU_10161,6.6,76.3,81.9,77.3,71.9,6.5,Yes,Yes,School,80.1,Excellent
STU_10162,7.3,63.6,49.3,68.0,72.2,5.5,No,Yes,Graduate,66.9,Good
STU_10163,3.4,75.0,34.4,60.9,50.1,7.7,No,Yes,Graduate,48.2,Average
STU_10164,6.9,89.5,64.1,,100.0,7.4,Yes,Yes,School,85.3,Excellent
STU_10165,5.8,62.9,78.5,78.3,66.1,7.6,No,Yes,Graduate,66.5,Good
STU_10166,6.6,59.3,62.0,87.6,72.1,8.0,Yes,No,Postgraduate,68.9,Good
STU_10167,8.8,80.8,44.5,80.3,62.9,7.7,No,Yes,Graduate,73.8,Good
STU_10168,,67.8,51.4,58.3,44.3,5.3,Yes,Yes,Graduate,58.7,Average
STU_10169,3.5,56.4,47.3,73.6,74.5,6.7,No,Yes,Graduate,64.5,Good
STU_10170,3.2,66.4,55.8,66.0,66.3,6.7,No,Yes,School,72.6,Good
STU_10171,3.4,54.8,47.6,56.8,76.2,8.7,Yes,No,,59.1,Average
STU_10172,4.8,80.3,67.2,45.0,51.4,8.8,No,Yes,Graduate,57.2,Average
STU_10173,5.7,77.1,56.8,100.0,56.7,6.5,No,Yes,School,67.4,Good
STU_10174,5.6,93.8,74.5,62.2,66.3,5.8,No,Yes,School,56.3,Average
STU_10175,6.7,85.9,50.4,68.2,62.8,7.2,No,Yes,Graduate,68.2,Good
STU_10176,5.0,58.8,68.8,73.1,57.4,6.6,No,No,Graduate,71.2,Good
STU_10177,7.9,51.5,64.4,71.6,66.3,6.9,Yes,Yes,Postgraduate,70.1,Good
STU_10178,4.5,53.5,70.9,40.0,84.9,8.5,Yes,Yes,School,72.5,Good
STU_10179,10.0,66.7,73.1,67.7,69.3,,Yes,Yes,Graduate,71.8,Good
STU_10180,6.3,86.3,74.7,94.8,80.8,6.4,No,Yes,Postgraduate,77.9,Good
STU_10181,3.3,95.9,77.5,67.0,59.3,6.2,Yes,Yes,Graduate,64.0,Good
STU_10182,2.9,72.8,73.1,92.9,62.9,5.3,Yes,Yes,Graduate,61.7,Good
STU_10183,6.0,55.0,69.5,70.4,65.9,7.7,No,Yes,Graduate,76.6,Good
STU_10184,4.6,81.7,55.0,65.1,54.9,7.3,No,Yes,School,62.5,Good
STU_10185,6.4,86.1,77.8,72.0,66.0,7.7,No,Yes,Postgraduate,79.2,Good
STU_10186,5.9,92.2,54.5,70.5,87.1,7.0,No,No,School,65.0,Good
STU_10187,4.9,69.5,60.6,70.2,89.9,5.7,Yes,Yes,School,75.7,Good
STU_10188,3.3,50.0,52.1,61.9,84.0,7.1,No,Yes,Graduate,58.6,Average
STU_10189,2.0,50.0,51.8,50.9,66.9,8.4,Yes,Yes,Graduate,52.2,Average
STU_10190,4.1,55.4,60.2,77.9,50.5,7.1,No,Yes,School,65.2,Good
STU_10191,6.7,69.6,61.5,71.3,100.0,9.0,Yes,Yes,School,72.3,Good
STU_10192,5.4,90.2,52.8,93.3,53.8,7.3,Yes,Yes,School,61.8,Good
STU_10193,2.5,62.5,65.3,69.5,86.4,9.4,Yes,Yes,School,61.0,Good
STU_10194,5.3,89.3,67.4,48.8,67.9,9.5,No,Yes,School,64.0,Good
STU_10195,5.8,81.5,56.8,74.5,45.5,5.9,No,Yes,Graduate,74.7,Good
STU_10196,3.2,63.2,99.3,71.1,38.3,6.2,Yes,Yes,School,63.2,Good
STU_10197,5.3,,70.0,64.0,84.2,6.5,No,No,Graduate,62.9,Good
STU_10198,5.1,77.3,66.8,78.7,52.8,5.0,No,Yes,Graduate,62.0,Good
STU_10199,2.7,88.1,54.9,77.0,41.8,7.6,No,Yes,Graduate,55.0,Average
STU_10200,5.7,75.2,67.1,53.2,57.7,7.5,No,Yes,School,62.1,Good
STU_10201,6.1,80.9,68.6,63.5,61.9,7.2,Yes,Yes,Graduate,71.5,Good
STU_10202,7.2,50.0,64.9,85.3,67.9,5.5,Yes,Yes,Postgraduate,61.4,Good
STU_10203,7.1,87.5,86.3,56.3,67.1,8.9,Yes,Yes,Postgraduate,70.4,Good
STU_10204,2.2,75.6,39.5,67.6,50.3,4.7,No,Yes,Graduate,43.7,Average
STU_10205,3.1,83.5,59.3,73.2,62.0,5.4,Yes,,Graduate,70.4,Good
STU_10206,6.0,58.8,75.7,53.8,89.5,8.1,Yes,No,Graduate,65.9,Good
STU_10207,6.0,88.8,51.6,68.6,45.2,7.4,No,Yes,Graduate,62.8,Good
STU_10208,6.0,50.0,41.8,,69.5,6.3,Yes,Yes,School,63.3,Good
STU_10209,10.0,66.7,57.2,65.5,45.1,7.1,Yes,,Graduate,64.1,Good
STU_10210,6.1,89.6,80.7,48.6,55.4,7.2,No,Yes,Postgraduate,54.1,Average
STU_10211,7.3,86.7,51.9,70.0,80.1,8.4,No,Yes,Graduate,79.3,Good
STU_10212,6.9,54.5,59.7,61.3,30.0,5.5,No,No,School,59.7,Average
STU_10213,6.3,66.1,71.3,84.9,95.6,7.4,Yes,Yes,Postgraduate,83.0,Excellent
STU_10214,4.4,79.2,56.3,75.8,41.3,8.3,No,No,Graduate,53.6,Average
STU_10215,6.5,94.0,58.4,59.1,30.0,5.8,No,,Graduate,68.8,Good
STU_10216,3.5,88.8,55.2,64.5,62.3,6.9,No,Yes,Graduate,57.3,Average
STU_10217,4.5,82.1,56.5,71.8,55.1,6.9,No,Yes,Graduate,67.2,Good
STU_10218,4.0,72.7,47.6,64.4,52.1,5.1,No,Yes,School,45.4,Average
STU_10219,5.2,50.0,61.1,48.8,72.3,7.4,Yes,Yes,Graduate,65.5,Good
STU_10220,9.6,50.0,81.0,74.1,47.2,7.4,Yes,No,Graduate,63.3,Good
STU_10221,1.3,59.7,88.7,77.4,71.1,8.8,No,Yes,Graduate,71.3,Good
STU_10222,6.4,64.8,83.7,80.4,75.2,7.0,Yes,Yes,School,77.2,Good
STU_10223,1.8,62.1,67.1,83.1,40.0,7.5,No,Yes,Graduate,55.5,Average
STU_10224,4.1,,89.9,58.4,78.4,8.8,No,Yes,School,67.0,Good
STU_10225,7.2,50.0,99.5,81.0,74.4,6.2,No,Yes,Graduate,87.0,Excellent
STU_10226,5.1,54.2,67.7,54.0,86.8,5.6,No,Yes,Graduate,66.9,Good
STU_10227,2.8,99.0,50.1,75.0,62.1,7.1,No,Yes,Postgraduate,66.3,Good
STU_10228,3.6,82.4,84.7,60.1,48.6,6.8,No,No,Graduate,79.3,Good
STU_10229,6.4,50.0,46.9,75.9,82.1,6.9,No,Yes,Graduate,59.8,Average
STU_10230,3.5,92.0,51.7,,62.8,6.5,No,Yes,Graduate,53.4,Average
STU_10231,5.4,55.0,33.8,77.6,91.2,6.0,No,Yes,Postgraduate,57.0,Average
STU_10232,5.1,50.0,75.9,59.0,73.3,8.1,No,Yes,School,55.6,Average
STU_10233,3.7,50.0,30.3,76.8,61.6,7.0,Yes,Yes,Graduate,67.1,Good
STU_10234,9.3,90.9,79.9,75.2,47.9,9.7,No,Yes,Graduate,73.4,Good
STU_10235,6.3,85.8,92.1,75.4,60.3,5.8,No,Yes,Graduate,60.4,Good
STU_10236,,73.9,90.9,70.7,77.0,9.4,No,,Postgraduate,70.7,Good
STU_10237,5.4,89.8,46.0,53.7,37.9,7.4,No,Yes,Graduate,51.2,Average
STU_10238,3.7,55.0,37.0,90.9,55.5,7.0,No,Yes,Postgraduate,52.8,Average
STU_10239,6.7,67.5,55.4,68.2,36.2,5.7,Yes,Yes,School,55.6,Average
STU_10240,3.4,77.9,78.2,68.1,45.3,6.2,,Yes,School,63.4,Good
STU_10241,4.8,78.7,83.1,89.4,52.2,8.5,No,Yes,Graduate,69.9,Good
STU_10242,6.0,63.7,75.0,57.6,57.7,4.0,No,Yes,Postgraduate,71.2,Good
STU_10243,6.7,92.0,72.9,69.3,67.7,4.8,Yes,Yes,Graduate,74.1,Good
STU_10244,2.6,59.5,100.0,72.4,73.2,5.1,Yes,No,Graduate,72.0,Good
STU_10245,4.3,94.1,57.8,66.8,84.1,8.4,Yes,Yes,Graduate,70.6,Good
STU_10246,4.1,88.1,53.3,73.8,87.7,7.8,No,Yes,Postgraduate,64.5,Good
STU_10247,3.7,85.8,47.2,61.9,81.0,5.8,No,Yes,School,54.8,Average
STU_10248,8.5,50.0,71.5,69.0,55.9,6.4,No,Yes,Graduate,69.2,Good
STU_10249,5.8,57.5,62.3,71.8,65.7,7.2,Yes,Yes,Graduate,63.1,Good
STU_10250,2.5,55.8,77.4,,53.0,8.2,No,Yes,Graduate,68.9,Good
STU_10251,6.8,64.1,58.2,93.2,66.0,5.8,No,Yes,Graduate,69.2,Good
STU_10252,9.2,76.4,74.4,72.4,59.4,7.2,No,Yes,School,68.5,Good
STU_10253,7.1,53.0,59.2,86.8,43.7,6.6,No,,Postgraduate,67.2,Good
STU_10254,2.0,50.3,62.6,59.8,85.2,6.9,No,Yes,Graduate,62.3,Good
STU_10255,4.0,64.3,64.0,100.0,89.3,5.9,Yes,No,Graduate,65.3,Good
STU_10256,7.5,57.6,39.5,66.6,49.9,7.3,Yes,Yes,Graduate,48.6,Average
STU_10257,,75.6,62.9,69.5,70.3,6.1,Yes,No,School,66.6,Good
STU_10258,5.9,50.0,73.4,77.4,50.6,7.1,Yes,Yes,Graduate,62.6,Good
STU_10259,6.5,80.9,50.2,81.9,60.7,8.9,Yes,Yes,Graduate,70.1,Good
STU_10260,3.1,79.7,93.7,67.6,53.5,8.3,No,No,Graduate,67.9,Good
STU_10261,4.9,67.2,65.1,,52.0,8.7,Yes,,Graduate,66.1,Good
STU_10262,1.0,80.6,55.6,79.2,65.0,7.4,No,Yes,Postgraduate,72.3,Good
STU_10263,3.0,84.0,55.1,57.3,33.0,8.4,Yes,Yes,Graduate,46.6,Average
STU_10264,4.5,81.5,85.6,80.8,53.6,4.8,No,Yes,Graduate,69.7,Good
STU_10265,2.5,88.1,52.6,80.5,100.0,5.0,Yes,No,School,68.8,Good
STU_10266,8.3,72.4,69.5,72.7,37.3,5.8,No,Yes,School,73.5,Good
STU_10267,2.1,69.8,78.2,82.7,55.9,5.9,Yes,No,Graduate,56.0,Average
STU_10268,4.1,56.3,73.3,63.1,66.6,8.3,No,Yes,School,72.1,Good
STU_10269,5.3,50.0,56.6,89.2,59.1,5.2,No,Yes,Graduate,67.9,Good
STU_10270,7.9,90.0,77.6,72.3,49.8,5.4,No,Yes,,70.2,Good
STU_10271,2.1,61.2,67.3,67.4,77.5,6.9,Yes,Yes,Graduate,70.9,Good
STU_10272,7.3,87.0,39.2,86.0,64.4,,Yes,Yes,Graduate,67.3,Good
STU_10273,5.0,65.9,83.3,60.7,52.0,8.1,Yes,Yes,School,55.9,Average
STU_10274,3.0,88.7,55.8,40.5,75.7,6.7,Yes,Yes,School,60.2,Good
STU_10275,5.9,61.8,62.4,52.5,53.6,6.8,No,Yes,School,56.6,Average
STU_10276,5.4,80.6,69.6,90.1,48.0,8.1,Yes,,Graduate,67.7,Good
STU_10277,3.8,71.0,57.0,73.5,71.4,5.9,No,Yes,Graduate,59.8,Average
STU_10278,5.1,65.0,76.4,72.4,41.1,7.1,Yes,Yes,School,67.0,Good
STU_10279,,61.4,48.4,82.8,90.1,7.7,Yes,No,Graduate,68.5,Good
STU_10280,5.2,54.0,56.4,74.1,86.3,6.6,No,Yes,Graduate,66.0,Good
STU_10281,6.3,71.7,83.4,66.1,70.8,8.0,Yes,Yes,Graduate,71.7,Good
STU_10282,8.2,81.2,65.4,63.9,52.7,6.0,Yes,Yes,Graduate,66.5,Good
STU_10283,2.5,96.1,,53.5,44.9,8.9,No,Yes,School,48.3,Average
STU_10284,9.3,59.4,66.2,55.1,30.0,6.6,Yes,Yes,,59.2,Average
STU_10285,1.1,50.0,71.0,72.4,87.9,6.5,Yes,Yes,Graduate,71.8,Good
STU_10286,4.7,50.0,41.2,67.8,46.5,5.2,No,Yes,Postgraduate,51.6,Average
STU_10287,,50.9,89.8,76.8,67.7,5.7,No,Yes,School,73.5,Good
STU_10288,5.6,70.2,91.8,68.8,65.2,6.0,No,Yes,Graduate,71.1,Good
STU_10289,3.8,68.0,66.8,55.1,35.2,5.6,No,Yes,School,41.8,Average
STU_10290,4.6,77.1,62.0,73.4,52.3,5.6,No,Yes,Graduate,64.1,Good
STU_10291,4.0,52.3,65.3,72.6,43.9,7.1,Yes,Yes,School,54.0,Average
STU_10292,3.8,77.8,78.4,70.2,74.7,7.7,Yes,Yes,School,75.2,Good
STU_10293,6.7,77.0,71.8,72.2,75.4,7.3,No,Yes,Graduate,84.2,Excellent
STU_10294,5.7,,68.6,97.5,58.1,4.0,Yes,No,Graduate,65.5,Good
STU_10295,3.6,59.2,85.7,53.3,48.5,5.8,Yes,Yes,,67.4,Good
STU_10296,6.8,50.0,82.0,56.6,65.0,8.4,No,Yes,Graduate,66.4,Good
STU_10297,5.6,87.2,50.6,46.2,79.7,5.4,Yes,,Graduate,63.4,Good
STU_10298,6.6,64.2,78.3,71.3,38.3,6.9,No,No,Graduate,65.2,Good
STU_10299,6.3,77.7,82.3,42.9,95.8,5.7,No,Yes,School,62.0,Good
STU_10300,3.3,66.2,69.2,73.1,58.1,8.6,No,Yes,Graduate,53.3,Average
STU_10301,3.9,75.8,74.0,69.2,60.1,6.0,Yes,Yes,Graduate,67.6,Good
STU_10302,6.5,83.8,60.4,62.0,87.6,7.8,No,Yes,Graduate,57.3,Average
STU_10303,6.2,71.0,46.9,76.6,61.1,6.1,Yes,Yes,School,70.3,Good
STU_10304,5.0,76.3,93.3,74.2,60.3,4.1,No,Yes,School,79.4,Good
STU_10305,5.2,87.2,44.9,92.5,47.4,7.6,No,Yes,School,64.1,Good
STU_10306,7.6,,90.2,78.6,52.8,4.7,No,Yes,School,72.8,Good
STU_10307,3.8,58.0,64.0,69.1,50.7,5.9,Yes,Yes,Postgraduate,68.6,Good
STU_10308,6.1,50.4,83.7,40.0,33.7,9.2,No,Yes,Postgraduate,56.1,Average
STU_10309,4.6,66.9,65.3,83.0,,10.0,No,,Graduate,57.8,Average
STU_10310,4.6,52.5,79.1,83.1,58.3,7.0,,Yes,,66.0,Good
STU_10311,7.2,79.5,71.7,88.5,39.9,5.9,Yes,Yes,Postgraduate,67.4,Good
STU_10312,6.7,50.0,55.0,40.0,72.4,7.0,Yes,Yes,Graduate,69.4,Good
STU_10313,6.6,57.5,67.0,72.9,58.5,5.4,No,Yes,School,72.5,Good
STU_10314,7.6,76.0,62.9,79.2,36.5,6.5,No,Yes,Graduate,59.2,Average
STU_10315,5.0,73.5,74.6,86.8,86.4,8.9,Yes,No,Graduate,73.2,Good
STU_10316,6.4,78.3,67.1,78.4,55.2,7.3,No,Yes,School,65.4,Good
STU_10317,4.4,50.0,69.3,70.8,70.2,5.3,No,Yes,School,71.2,Good
STU_10318,5.6,77.9,49.6,55.7,88.3,7.5,No,Yes,Graduate,65.1,Good
STU_10319,4.7,52.1,45.8,68.4,61.5,4.9,Yes,No,,56.4,Average
STU_10320,5.2,79.5,66.1,75.4,62.2,4.7,No,No,School,57.7,Average
STU_10321,6.2,61.4,67.7,81.0,85.0,7.9,No,Yes,School,82.9,Excellent
STU_10322,3.4,59.4,49.2,47.8,57.3,6.1,No,Yes,Postgraduate,46.7,Average
STU_10323,9.2,70.3,73.6,74.1,79.2,8.9,No,No,Graduate,75.1,Good
STU_10324,3.0,82.3,74.2,49.4,60.8,5.7,Yes,Yes,Graduate,52.5,Average
STU_10325,2.6,61.5,67.3,73.7,64.7,8.5,No,Yes,Graduate,70.8,Good
STU_10326,7.3,50.0,65.2,53.9,64.5,9.0,Yes,Yes,Graduate,66.2,Good
STU_10327,6.6,71.8,46.0,49.8,56.1,7.2,Yes,Yes,Graduate,70.0,Good
STU_10328,6.2,66.4,45.7,95.3,53.4,6.6,Yes,Yes,School,59.0,Average
STU_10329,6.3,69.6,70.9,50.6,51.6,6.3,Yes,Yes,Graduate,70.0,Good
STU_10330,5.0,98.4,52.6,61.1,41.3,6.4,No,No,School,57.0,Average
STU_10331,3.2,76.9,53.6,69.7,54.9,5.1,No,Yes,Graduate,53.6,Average
STU_10332,5.2,78.9,69.2,40.8,57.8,7.8,Yes,Yes,Postgraduate,60.1,Good
STU_10333,3.6,50.0,95.6,81.0,68.5,7.7,No,Yes,School,74.8,Good
STU_10334,7.0,89.2,,60.2,60.5,6.7,Yes,Yes,Graduate,67.8,Good
STU_10335,4.7,60.1,95.8,55.7,79.2,7.0,Yes,Yes,School,69.1,Good
STU_10336,3.3,81.5,63.9,82.9,78.5,6.5,No,No,Postgraduate,80.4,Excellent
STU_10337,4.4,58.6,73.5,51.3,83.5,5.5,Yes,No,Graduate,66.6,Good
STU_10338,5.8,50.0,79.4,76.3,58.8,,No,Yes,Postgraduate,67.6,Good
STU_10339,3.9,65.4,80.5,70.3,53.8,6.3,Yes,Yes,Graduate,60.1,Good
STU_10340,3.4,57.2,70.1,70.8,40.1,6.5,No,Yes,School,53.0,Average
STU_10341,5.5,62.4,61.6,69.2,82.9,8.4,Yes,,Postgraduate,60.2,Good
STU_10342,5.5,73.8,77.4,71.8,43.5,7.8,Yes,Yes,Graduate,67.2,Good
STU_10343,4.0,89.1,71.4,40.0,47.6,8.8,Yes,Yes,Graduate,64.3,Good
STU_10344,4.1,57.6,58.5,57.8,65.6,7.8,No,Yes,Graduate,68.6,Good
STU_10345,5.5,87.4,86.1,57.2,57.1,5.1,Yes,Yes,School,66.5,Good
STU_10346,2.1,95.2,71.9,85.5,85.2,5.2,Yes,Yes,,78.2,Good
STU_10347,2.2,50.0,53.8,72.2,49.7,5.7,Yes,Yes,Graduate,53.0,Average
STU_10348,3.6,56.1,52.0,70.2,,,Yes,Yes,Postgraduate,51.1,Average
STU_10349,4.6,77.4,94.4,96.0,32.4,6.1,Yes,Yes,School,58.3,Average
STU_10350,5.6,73.0,57.6,41.7,81.7,7.8,Yes,Yes,Graduate,65.2,Good
STU_10351,8.0,84.2,76.3,89.8,35.2,8.4,No,Yes,Postgraduate,61.2,Good
STU_10352,6.7,60.5,70.7,70.2,100.0,5.6,Yes,Yes,School,76.2,Good
STU_10353,4.7,82.4,75.8,59.4,60.1,5.0,No,Yes,School,61.8,Good
STU_10354,5.0,84.4,93.7,62.5,57.4,9.0,No,No,School,57.9,Average
STU_10355,3.0,,80.0,63.0,61.5,7.3,Yes,Yes,Graduate,49.1,Average
STU_10356,5.0,88.8,77.5,91.0,44.8,6.4,No,Yes,Graduate,65.8,Good
STU_10357,4.4,60.3,62.0,73.3,72.5,8.9,Yes,No,Postgraduate,76.4,Good
STU_10358,5.6,91.7,55.0,79.6,55.5,8.5,No,Yes,Graduate,68.2,Good
STU_10359,3.3,82.2,100.0,59.6,57.0,6.3,No,Yes,Graduate,64.9,Good
STU_10360,6.0,94.0,64.4,71.6,82.6,8.0,Yes,Yes,Postgraduate,73.1,Good
STU_10361,8.1,83.3,63.4,82.7,34.5,8.4,Yes,Yes,School,69.1,Good
STU_10362,4.8,52.0,69.3,85.8,58.9,8.0,Yes,Yes,Graduate,69.0,Good
STU_10363,5.8,97.4,67.9,51.2,60.2,8.5,No,Yes,Graduate,70.2,Good
STU_10364,6.4,81.8,88.9,81.3,64.2,5.9,Yes,Yes,School,87.8,Excellent
STU_10365,4.2,90.0,73.1,68.0,53.1,7.0,No,Yes,Postgraduate,73.7,Good
STU_10366,5.4,50.0,45.4,75.1,56.9,9.0,No,No,Graduate,63.8,Good
STU_10367,5.0,50.0,55.1,62.6,91.6,6.5,Yes,Yes,Postgraduate,69.0,Good
STU_10368,5.2,,65.2,91.4,70.0,6.2,No,Yes,Postgraduate,60.8,Good
STU_10369,3.5,,80.4,73.6,49.5,7.1,Yes,Yes,Graduate,51.2,Average
STU_10370,5.0,80.9,42.2,61.8,72.4,5.1,No,Yes,Postgraduate,65.6,Good
STU_10371,6.0,59.9,72.4,63.2,62.7,7.4,Yes,Yes,Graduate,64.7,Good
STU_10372,7.9,83.7,76.0,82.0,73.9,5.0,Yes,Yes,Postgraduate,91.5,Excellent
STU_10373,6.9,74.8,78.2,80.1,58.7,8.5,No,Yes,School,80.7,Excellent
STU_10374,9.3,78.7,63.8,71.1,49.1,5.1,No,Yes,School,68.0,Good
STU_10375,3.5,50.0,80.7,64.6,35.3,8.0,No,No,School,51.0,Average
STU_10376,6.7,,52.8,83.4,80.4,6.1,No,Yes,School,67.3,Good
STU_10377,5.4,95.6,79.2,62.6,72.9,5.7,No,Yes,,82.6,Excellent
STU_10378,9.4,66.1,64.1,61.9,67.7,7.0,No,Yes,School,70.5,Good
STU_10379,3.4,82.2,65.6,100.0,72.4,7.4,No,Yes,School,67.2,Good
STU_10380,,50.0,65.5,75.3,81.8,7.1,Yes,Yes,School,66.3,Good
STU_10381,3.8,74.6,74.8,68.8,35.1,7.4,Yes,Yes,Graduate,59.6,Average
STU_10382,1.0,70.4,48.4,63.8,63.3,7.8,Yes,No,School,63.3,Good
STU_10383,3.9,50.0,78.3,67.1,33.0,4.6,No,No,Graduate,55.8,Average
STU_10384,3.5,66.9,78.1,87.5,55.7,7.2,No,Yes,School,66.8,Good
STU_10385,5.3,72.9,60.5,81.6,,5.4,No,Yes,,60.1,Good
STU_10386,5.7,57.2,65.0,,56.4,5.5,No,Yes,School,63.0,Good
STU_10387,8.8,67.9,52.1,65.4,90.2,5.7,Yes,Yes,School,73.8,Good
STU_10388,6.9,90.8,47.6,51.6,57.3,4.6,No,No,Graduate,61.8,Good
STU_10389,3.8,86.8,68.0,73.7,49.7,7.0,No,Yes,Postgraduate,65.6,Good
STU_10390,3.2,62.0,68.1,40.0,62.5,4.9,Yes,Yes,Graduate,55.8,Average
STU_10391,6.0,68.2,59.9,48.4,45.4,7.5,No,Yes,Postgraduate,59.0,Average
STU_10392,2.4,78.6,46.3,71.3,48.0,8.8,No,Yes,Graduate,50.4,Average
STU_10393,8.7,85.5,71.9,40.0,77.0,8.9,No,Yes,Graduate,73.5,Good
STU_10394,7.4,80.7,59.6,100.0,77.8,5.7,No,Yes,Postgraduate,87.7,Excellent
STU_10395,4.1,81.4,53.8,57.6,64.5,5.6,No,Yes,Graduate,65.6,Good
STU_10396,1.6,59.7,84.1,76.8,71.8,7.9,No,No,School,62.9,Good
STU_10397,7.7,87.9,50.4,87.7,95.4,7.1,Yes,Yes,Postgraduate,81.4,Excellent
STU_10398,4.8,98.4,73.4,73.8,61.1,6.9,No,Yes,School,72.7,Good
STU_10399,7.5,79.5,42.5,69.9,48.1,5.4,No,Yes,Graduate,62.9,Good
STU_10400,1.8,70.5,43.5,62.1,70.6,7.1,Yes,Yes,School,56.0,Average
STU_10401,3.8,50.0,72.2,51.5,75.4,8.0,No,Yes,School,58.6,Average
STU_10402,5.0,73.7,60.0,63.3,76.9,6.1,No,Yes,Graduate,61.5,Good
STU_10403,5.1,50.0,47.5,71.4,80.3,7.6,No,Yes,School,57.4,Average
STU_10404,4.1,73.0,79.2,69.6,77.9,7.2,Yes,Yes,Postgraduate,74.0,Good
STU_10405,6.2,50.0,70.6,56.6,70.3,6.2,Yes,No,Graduate,67.4,Good
STU_10406,2.9,88.5,33.1,84.9,72.2,6.9,No,Yes,Graduate,51.4,Average
STU_10407,4.7,50.0,79.4,50.0,68.6,5.7,No,Yes,Graduate,68.4,Good
STU_10408,5.2,73.3,49.0,78.3,36.6,8.0,No,No,Graduate,49.3,Average
STU_10409,6.0,78.6,39.4,81.9,34.5,5.8,No,Yes,Graduate,52.6,Average
STU_10410,6.4,50.0,52.7,73.3,45.1,6.3,Yes,No,Graduate,56.8,Average
STU_10411,2.8,66.7,64.4,93.3,75.1,8.1,Yes,Yes,Postgraduate,75.2,Good
STU_10412,1.9,97.2,66.2,75.7,55.0,6.4,Yes,No,Postgraduate,73.2,Good
STU_10413,7.6,50.0,40.5,89.3,64.2,5.9,Yes,Yes,School,62.6,Good
STU_10414,5.7,58.2,43.8,40.0,87.0,7.2,No,Yes,Postgraduate,68.4,Good
STU_10415,3.5,72.5,53.6,83.1,79.3,9.2,No,Yes,Graduate,65.7,Good
STU_10416,8.1,65.9,54.5,78.2,30.0,8.4,Yes,No,Postgraduate,70.1,Good
STU_10417,5.2,93.5,76.4,77.5,73.7,7.7,Yes,Yes,Graduate,76.7,Good
STU_10418,7.4,84.5,58.8,78.6,62.9,8.2,Yes,Yes,Graduate,63.8,Good
STU_10419,5.1,77.0,76.1,63.3,51.5,7.6,No,Yes,School,59.5,Average
STU_10420,9.1,50.0,81.4,80.6,56.8,7.3,No,No,Graduate,72.7,Good
STU_10421,8.5,71.1,73.3,94.9,57.0,8.1,Yes,Yes,Graduate,77.2,Good
STU_10422,4.5,83.4,30.0,43.7,41.0,7.4,Yes,Yes,Graduate,42.3,Average
STU_10423,,71.6,60.4,86.7,65.9,6.9,No,Yes,,63.7,Good
STU_10424,6.3,57.1,62.5,68.2,96.8,7.2,No,Yes,Graduate,78.7,Good
STU_10425,7.7,71.1,64.2,60.8,78.3,7.4,Yes,Yes,Graduate,59.4,Average
STU_10426,3.1,72.1,33.8,53.1,30.0,7.4,Yes,Yes,Postgraduate,49.8,Average
STU_10427,6.4,52.9,53.5,75.3,66.7,7.4,Yes,Yes,Postgraduate,61.8,Good
STU_10428,7.1,84.6,44.6,92.2,66.7,5.8,Yes,,Graduate,83.2,Excellent
STU_10429,1.5,55.6,51.1,64.6,46.1,6.8,No,Yes,Postgraduate,39.6,Poor
STU_10430,2.6,71.2,61.1,79.3,42.6,5.5,Yes,Yes,Graduate,46.6,Average
STU_10431,1.0,55.9,53.9,69.9,76.4,7.3,No,Yes,Graduate,56.4,Average
STU_10432,4.5,90.4,52.2,47.0,63.7,7.4,No,Yes,School,64.1,Good
STU_10433,6.4,55.5,62.0,67.5,54.4,8.6,No,Yes,Postgraduate,78.0,Good
STU_10434,8.0,50.0,57.6,60.7,71.6,7.4,No,Yes,Graduate,72.7,Good
STU_10435,5.1,62.6,68.0,55.8,95.9,6.6,Yes,Yes,School,72.1,Good
STU_10436,8.3,56.6,58.7,64.0,66.1,6.5,Yes,,Graduate,62.9,Good
STU_10437,2.2,90.7,41.5,65.5,66.7,7.8,No,Yes,Graduate,53.4,Average
STU_10438,1.6,57.9,49.5,84.1,61.7,6.2,Yes,No,Postgraduate,54.9,Average
STU_10439,4.9,95.3,60.1,70.3,55.7,7.2,Yes,Yes,Graduate,64.2,Good
STU_10440,5.8,67.0,58.3,50.3,75.1,8.1,Yes,Yes,Graduate,64.3,Good
STU_10441,,83.3,43.8,86.9,58.9,9.4,Yes,,Graduate,67.3,Good
STU_10442,1.0,59.6,75.1,75.4,70.0,8.4,No,No,Graduate,58.9,Average
STU_10443,4.8,89.7,69.7,73.9,86.0,6.4,No,Yes,School,74.4,Good
STU_10444,2.4,78.6,56.0,82.2,73.9,6.1,No,No,Graduate,65.7,Good
STU_10445,6.3,57.9,62.5,69.7,41.6,7.8,No,Yes,Postgraduate,55.6,Average
STU_10446,5.7,93.9,48.9,62.5,40.7,,Yes,Yes,School,50.5,Average
STU_10447,3.1,61.9,77.8,74.9,,5.2,Yes,Yes,Postgraduate,80.2,Excellent
STU_10448,4.0,66.0,96.0,78.7,60.2,10.0,Yes,Yes,Graduate,75.6,Good
STU_10449,2.9,79.7,55.3,75.3,66.2,7.2,Yes,Yes,School,62.1,Good
STU_10450,4.9,61.2,83.4,81.4,49.3,8.5,No,Yes,School,58.5,Average
STU_10451,6.9,50.0,52.1,71.4,71.9,6.6,No,Yes,School,68.9,Good
STU_10452,3.0,95.1,57.0,56.1,92.2,7.0,No,Yes,Graduate,67.8,Good
STU_10453,6.0,56.0,86.5,61.2,64.4,7.2,No,Yes,School,77.3,Good
STU_10454,3.9,50.0,63.2,89.2,72.4,6.7,No,Yes,,67.4,Good
STU_10455,3.4,,75.3,70.5,81.9,6.1,No,Yes,Graduate,70.1,Good
STU_10456,4.8,72.6,61.0,54.2,88.9,9.6,No,Yes,,65.0,Good
STU_10457,2.9,70.5,38.0,52.9,51.1,7.4,No,Yes,Graduate,59.1,Average
STU_10458,3.9,76.4,100.0,51.3,68.6,5.1,No,Yes,,75.1,Good
STU_10459,2.6,89.1,61.7,81.5,82.4,7.1,Yes,,School,71.7,Good
STU_10460,8.9,80.6,67.3,74.3,86.9,5.3,Yes,Yes,Graduate,86.8,Excellent
STU_10461,5.1,50.0,54.0,95.8,55.2,6.0,No,Yes,Graduate,66.1,Good
STU_10462,3.6,50.0,76.7,78.1,51.3,7.1,Yes,Yes,Graduate,53.9,Average
STU_10463,5.4,87.3,75.6,78.9,59.5,7.6,No,Yes,Graduate,77.4,Good
STU_10464,4.8,99.3,41.6,97.9,56.9,4.0,No,Yes,Postgraduate,71.5,Good
STU_10465,4.6,81.7,67.6,56.4,57.5,9.1,No,Yes,School,55.3,Average
STU_10466,6.2,66.9,78.2,49.0,68.6,6.2,Yes,Yes,Graduate,72.6,Good
STU_10467,6.5,75.0,83.0,77.7,53.3,6.7,Yes,Yes,Graduate,68.5,Good
STU_10468,3.9,70.8,74.7,66.6,86.9,8.8,No,Yes,School,68.3,Good
STU_10469,3.8,76.3,76.0,74.2,55.5,9.1,No,Yes,Graduate,67.7,Good
STU_10470,4.4,80.0,56.9,87.1,52.4,6.3,Yes,No,School,63.0,Good
STU_10471,1.0,71.7,46.6,80.7,43.3,,No,Yes,Graduate,52.4,Average
STU_10472,2.0,66.3,60.3,91.2,,7.2,No,Yes,School,57.5,Average
STU_10473,7.7,86.3,,57.3,41.3,10.0,,Yes,Postgraduate,61.3,Good
STU_10474,8.3,64.0,53.9,82.6,69.3,6.2,No,Yes,School,79.8,Good
STU_10475,4.5,66.7,53.7,59.2,73.1,9.0,Yes,Yes,,65.8,Good
STU_10476,6.2,83.9,50.9,93.4,30.0,6.3,No,Yes,School,59.1,Average
STU_10477,5.6,87.9,73.0,76.3,41.1,5.7,No,Yes,School,68.5,Good
STU_10478,10.0,86.7,49.8,77.1,56.0,6.6,No,Yes,Graduate,71.6,Good
STU_10479,7.2,80.5,92.5,61.9,92.3,5.0,No,Yes,Graduate,79.7,Good
STU_10480,4.7,82.4,79.8,62.6,56.0,5.9,No,Yes,Graduate,72.2,Good
STU_10481,3.1,63.2,82.8,75.7,53.9,,No,Yes,Graduate,67.0,Good
STU_10482,1.8,50.0,54.7,94.5,50.0,6.7,Yes,Yes,Postgraduate,63.4,Good
STU_10483,5.4,50.0,,92.2,49.8,8.1,No,Yes,Graduate,65.3,Good
STU_10484,3.5,84.2,49.4,75.0,51.8,8.0,Yes,Yes,School,58.9,Average
STU_10485,2.2,75.7,68.3,64.1,51.2,7.0,Yes,No,Postgraduate,64.6,Good
STU_10486,3.7,60.6,38.5,78.0,50.6,4.9,Yes,Yes,Postgraduate,54.2,Average
STU_10487,2.8,79.3,80.9,87.6,50.5,4.4,Yes,Yes,Graduate,82.5,Excellent
STU_10488,8.4,54.4,,73.0,55.9,6.4,No,Yes,School,60.5,Good
STU_10489,6.8,88.9,69.5,64.6,77.2,6.0,Yes,Yes,School,70.0,Good
STU_10490,5.0,50.0,72.3,79.5,44.1,6.3,No,Yes,Graduate,68.8,Good
STU_10491,8.0,62.9,,66.6,51.6,8.9,Yes,Yes,Graduate,65.8,Good
STU_10492,5.2,96.5,53.0,65.0,53.7,6.3,No,Yes,School,64.3,Good
STU_10493,,53.7,63.2,69.2,62.0,6.0,No,Yes,Graduate,69.6,Good
STU_10494,8.0,96.3,77.0,79.3,49.8,7.0,Yes,Yes,School,76.9,Good
STU_10495,6.1,50.0,62.8,66.9,95.2,6.4,No,Yes,Postgraduate,75.6,Good
STU_10496,2.9,59.0,74.0,69.5,71.3,7.7,No,Yes,Graduate,62.6,Good
STU_10497,4.6,63.3,76.9,72.0,77.6,7.3,Yes,No,Postgraduate,67.5,Good
STU_10498,3.2,86.2,62.1,64.7,65.8,9.2,Yes,Yes,Graduate,56.4,Average
STU_10499,2.2,67.1,63.3,91.7,84.5,6.6,Yes,Yes,Graduate,67.7,Good
STU_10500,6.9,50.0,67.1,95.8,43.7,9.3,No,Yes,School,63.7,Good
STU_10501,8.8,92.6,82.1,65.8,53.1,7.8,No,Yes,Graduate,70.4,Good
STU_10502,2.2,79.2,59.9,58.8,48.9,7.6,No,Yes,School,52.6,Average
STU_10503,6.1,78.2,82.1,63.5,59.3,4.6,Yes,Yes,Postgraduate,69.8,Good
STU_10504,3.7,74.8,68.8,76.2,87.3,4.4,Yes,Yes,School,77.0,Good
STU_10505,4.0,87.8,54.0,68.8,97.2,5.1,Yes,Yes,Postgraduate,66.3,Good
STU_10506,3.8,50.0,64.4,52.1,77.3,7.3,Yes,Yes,Graduate,69.3,Good
STU_10507,3.3,77.7,48.2,67.8,60.4,7.9,Yes,Yes,School,63.0,Good
STU_10508,5.1,90.1,44.8,75.7,79.9,7.6,Yes,Yes,Graduate,64.3,Good
STU_10509,3.3,66.8,74.1,83.8,85.7,7.0,No,Yes,Graduate,65.9,Good
STU_10510,5.5,59.3,77.0,94.6,80.8,8.1,No,Yes,Graduate,81.4,Excellent
STU_10511,4.9,71.4,64.5,63.7,59.9,8.4,Yes,Yes,School,67.3,Good
STU_10512,4.5,50.0,65.7,61.3,60.3,6.6,No,Yes,School,54.4,Average
STU_10513,3.2,57.1,56.3,66.5,51.5,7.7,,Yes,Graduate,48.2,Average
STU_10514,3.8,94.8,67.5,56.8,58.1,7.5,No,No,Graduate,58.9,Average
STU_10515,6.5,75.2,94.7,60.2,49.2,,Yes,Yes,Postgraduate,54.5,Average
STU_10516,6.0,50.0,80.1,60.3,61.0,7.4,No,Yes,Graduate,70.0,Good
STU_10517,3.0,52.6,63.9,74.6,61.6,7.3,No,No,School,54.1,Average
STU_10518,5.2,83.5,62.6,58.3,48.2,6.3,No,Yes,School,60.3,Good
STU_10519,6.5,90.0,59.4,81.5,100.0,7.2,No,Yes,School,89.5,Excellent
STU_10520,1.7,67.6,43.8,86.1,66.7,6.6,Yes,Yes,Graduate,58.4,Average
STU_10521,6.1,75.4,57.8,54.2,82.7,5.7,Yes,,Postgraduate,74.6,Good
STU_10522,3.7,81.9,75.1,51.7,81.2,7.4,No,,Graduate,65.0,Good
STU_10523,6.1,91.5,51.0,62.5,93.1,5.8,Yes,Yes,Graduate,70.6,Good
STU_10524,3.5,74.5,60.8,64.4,47.5,6.9,Yes,Yes,School,67.0,Good
STU_10525,1.4,97.1,48.2,87.7,53.3,6.6,Yes,Yes,Postgraduate,59.5,Average
STU_10526,1.7,86.4,76.8,69.3,33.0,6.3,No,Yes,School,59.4,Average
STU_10527,,50.0,45.9,75.9,36.1,8.7,No,Yes,,57.4,Average
STU_10528,5.5,79.5,73.9,75.9,45.8,9.0,No,Yes,School,68.1,Good
STU_10529,3.2,87.1,80.4,57.7,59.6,6.6,No,Yes,School,67.5,Good
STU_10530,6.3,76.3,60.1,66.5,60.5,8.2,No,Yes,Graduate,69.2,Good
STU_10531,1.7,,54.7,69.8,100.0,5.1,No,Yes,School,62.0,Good
STU_10532,4.9,50.0,72.1,75.3,70.1,5.6,Yes,Yes,Graduate,66.8,Good
STU_10533,2.6,66.8,89.0,49.9,77.5,6.9,Yes,Yes,Graduate,70.6,Good
STU_10534,3.7,66.0,85.1,61.7,64.3,5.7,No,No,Graduate,53.6,Average
STU_10535,5.1,75.6,63.9,70.2,41.0,7.5,No,Yes,Graduate,63.0,Good
STU_10536,3.3,68.7,51.8,63.8,66.7,7.3,Yes,Yes,School,56.1,Average
STU_10537,4.2,83.2,61.5,50.4,36.2,6.9,Yes,Yes,School,60.6,Good
STU_10538,7.0,50.0,39.7,59.9,59.1,9.8,No,Yes,Graduate,46.4,Average
STU_10539,3.8,96.7,56.7,50.5,72.4,7.4,Yes,Yes,Graduate,67.4,Good
STU_10540,6.7,84.8,71.8,89.3,52.6,7.7,Yes,Yes,Graduate,76.0,Good
STU_10541,2.7,94.1,,65.5,65.1,7.6,No,Yes,Postgraduate,65.5,Good
STU_10542,6.1,65.3,56.0,69.1,52.4,5.9,Yes,Yes,Graduate,71.0,Good
STU_10543,7.9,84.5,64.2,56.3,44.3,9.3,No,Yes,School,63.1,Good
STU_10544,1.0,79.1,61.0,73.2,69.8,5.3,No,No,Graduate,61.1,Good
STU_10545,3.4,67.5,76.3,79.7,78.7,7.3,No,Yes,Postgraduate,66.1,Good
STU_10546,6.2,60.4,45.1,57.2,78.7,7.9,No,Yes,Graduate,64.0,Good
STU_10547,4.6,63.0,72.9,57.5,58.1,8.2,No,Yes,Graduate,61.5,Good
STU_10548,5.7,73.4,64.3,63.1,30.0,6.6,Yes,Yes,Graduate,57.1,Average
STU_10549,3.8,61.9,71.5,50.4,63.4,7.9,No,Yes,Graduate,51.6,Average
STU_10550,5.2,,44.2,75.3,82.3,5.7,Yes,Yes,School,79.6,Good
STU_10551,4.7,81.3,78.2,80.6,41.0,9.0,,Yes,School,61.1,Good
STU_10552,7.3,50.0,,49.9,90.5,6.8,Yes,Yes,Graduate,71.8,Good
STU_10553,5.5,65.1,90.1,82.3,30.0,6.4,No,Yes,Graduate,57.4,Average
STU_10554,5.7,72.4,52.5,82.3,68.4,6.2,Yes,Yes,Postgraduate,61.8,Good
STU_10555,4.2,67.6,56.2,40.0,75.3,7.4,Yes,Yes,School,50.7,Average
STU_10556,4.0,70.4,38.2,54.5,85.5,5.1,Yes,Yes,School,68.9,Good
STU_10557,4.1,50.0,52.6,61.5,69.3,8.1,Yes,Yes,School,49.8,Average
STU_10558,5.8,79.9,86.5,78.0,56.8,6.3,No,Yes,Graduate,69.7,Good
STU_10559,4.2,78.5,69.4,76.1,64.7,8.6,Yes,Yes,Graduate,67.6,Good
STU_10560,5.6,58.6,54.1,57.1,51.1,5.5,No,No,Graduate,50.4,Average
STU_10561,9.2,82.1,67.0,92.7,30.2,7.2,No,Yes,School,63.4,Good
STU_10562,6.7,69.3,64.1,60.2,58.1,7.7,No,Yes,Graduate,62.4,Good
STU_10563,4.3,85.3,36.4,58.3,69.9,7.8,No,Yes,Graduate,51.2,Average
STU_10564,7.4,50.0,39.1,53.7,,6.4,Yes,Yes,Graduate,68.4,Good
STU_10565,4.2,95.7,81.6,67.5,54.2,5.5,Yes,Yes,Graduate,79.0,Good
STU_10566,1.0,50.5,76.0,82.7,85.6,6.5,No,Yes,School,74.6,Good
STU_10567,3.0,62.1,42.7,57.4,59.3,8.4,No,Yes,Postgraduate,43.2,Average
STU_10568,1.3,55.4,63.1,72.9,69.7,9.5,No,Yes,Graduate,49.2,Average
STU_10569,4.3,57.9,54.3,72.8,73.9,5.1,No,Yes,Postgraduate,55.7,Average
STU_10570,5.0,75.0,81.3,69.6,62.9,6.1,No,Yes,Graduate,73.2,Good
STU_10571,8.4,,71.7,74.5,60.6,4.9,Yes,Yes,School,67.2,Good
STU_10572,5.7,87.4,48.4,82.7,86.9,6.3,No,Yes,Graduate,87.1,Excellent
STU_10573,4.6,80.2,66.8,73.8,34.8,6.2,Yes,Yes,Graduate,61.8,Good
STU_10574,6.7,53.0,64.4,84.7,62.7,5.6,No,Yes,Graduate,75.4,Good
STU_10575,1.0,51.0,64.4,54.6,32.6,9.0,Yes,Yes,Graduate,55.5,Average
STU_10576,5.5,76.1,57.3,63.8,33.2,8.4,Yes,No,School,48.9,Average
STU_10577,6.5,83.6,65.4,54.6,61.2,7.3,No,Yes,School,59.5,Average
STU_10578,2.0,64.7,52.2,77.7,53.6,,Yes,Yes,School,66.0,Good
STU_10579,7.3,61.0,47.2,87.1,95.3,8.1,Yes,Yes,Postgraduate,68.4,Good
STU_10580,5.7,50.0,46.3,65.7,57.9,5.8,No,No,School,53.2,Average
STU_10581,4.2,89.4,49.3,73.9,80.2,7.3,No,Yes,Graduate,71.9,Good
STU_10582,6.3,73.6,71.3,,62.8,6.3,No,Yes,,68.1,Good
STU_10583,9.5,78.9,71.7,70.3,42.8,9.8,No,Yes,Graduate,68.4,Good
STU_10584,5.4,52.1,86.9,46.6,33.8,5.4,No,Yes,Postgraduate,56.5,Average
STU_10585,5.5,60.2,61.6,70.8,,6.7,Yes,Yes,School,51.5,Average
STU_10586,4.1,91.9,75.5,43.1,67.2,5.4,Yes,Yes,School,59.0,Average
STU_10587,3.3,88.5,65.7,93.7,87.6,7.9,No,Yes,Graduate,86.1,Excellent
STU_10588,6.7,53.1,69.5,69.3,47.4,7.9,No,Yes,Graduate,65.1,Good
STU_10589,3.3,69.7,77.1,68.7,75.4,6.2,Yes,Yes,Graduate,66.6,Good
STU_10590,5.1,64.4,73.7,96.7,59.1,5.5,Yes,Yes,Graduate,76.7,Good
STU_10591,4.0,75.8,,70.9,45.0,6.5,Yes,Yes,Postgraduate,61.0,Good
STU_10592,6.0,61.5,55.8,47.5,67.7,6.2,No,Yes,Postgraduate,55.5,Average
STU_10593,5.7,50.0,69.1,64.0,87.5,7.1,Yes,Yes,Postgraduate,70.3,Good
STU_10594,7.1,94.0,85.5,97.2,60.8,8.9,No,Yes,Graduate,73.3,Good
STU_10595,4.0,69.5,67.6,57.5,75.3,7.8,No,Yes,School,73.7,Good
STU_10596,4.5,90.4,59.1,63.8,66.9,,No,Yes,School,67.8,Good
STU_10597,3.0,53.0,77.3,91.7,67.0,7.0,No,,Graduate,71.2,Good
STU_10598,4.1,90.0,44.2,59.2,49.2,10.0,Yes,Yes,Graduate,54.6,Average
STU_10599,5.8,76.8,59.6,68.7,69.9,7.1,No,Yes,Graduate,67.4,Good
STU_10600,6.5,68.0,50.3,88.9,38.6,7.9,No,Yes,Graduate,59.0,Average
STU_10601,3.2,81.2,63.2,62.0,67.8,8.3,Yes,Yes,Postgraduate,58.2,Average
STU_10602,6.7,62.6,83.7,,84.0,6.9,Yes,No,Graduate,80.1,Excellent
STU_10603,7.7,91.6,74.6,44.2,90.9,7.2,No,Yes,School,79.5,Good
STU_10604,5.8,81.2,37.0,54.6,45.3,6.3,No,Yes,School,54.3,Average
STU_10605,8.8,63.6,55.7,57.6,69.1,7.0,No,,Graduate,67.7,Good
STU_10606,3.5,72.3,42.5,64.9,50.7,8.8,No,Yes,Graduate,49.1,Average
STU_10607,2.5,75.5,80.9,75.0,64.2,8.4,No,Yes,School,68.7,Good
STU_10608,1.4,70.6,56.3,69.4,92.8,7.8,Yes,Yes,School,59.9,Average
STU_10609,8.0,94.6,66.1,52.8,76.0,8.1,No,Yes,Postgraduate,69.6,Good
STU_10610,6.3,90.8,66.9,89.0,51.6,7.0,No,Yes,Graduate,65.4,Good
STU_10611,4.9,93.9,68.1,54.6,50.7,8.1,Yes,Yes,School,59.0,Average
STU_10612,5.6,79.1,30.0,95.3,62.3,6.8,No,Yes,School,57.6,Average
STU_10613,2.7,71.5,70.4,72.1,63.4,5.0,No,Yes,Postgraduate,69.7,Good
STU_10614,,50.0,56.8,84.6,64.1,9.2,No,No,Postgraduate,66.2,Good
STU_10615,5.3,58.4,77.7,77.4,38.2,6.8,No,Yes,Graduate,63.4,Good
STU_10616,5.2,75.7,68.0,91.1,94.0,8.3,No,Yes,Graduate,83.3,Excellent
STU_10617,6.5,82.6,74.5,69.4,95.6,6.6,Yes,Yes,Postgraduate,89.8,Excellent
STU_10618,6.0,66.0,54.1,66.3,69.7,4.0,No,Yes,School,65.1,Good
STU_10619,5.4,82.7,48.1,74.3,48.1,6.9,Yes,No,Graduate,48.6,Average
STU_10620,3.4,69.2,78.4,66.1,52.0,4.8,Yes,Yes,School,61.2,Good
STU_10621,5.9,68.7,73.5,76.4,46.9,7.9,Yes,No,Graduate,70.4,Good
STU_10622,8.8,53.9,68.3,91.7,45.5,6.7,No,Yes,Graduate,64.7,Good
STU_10623,7.7,90.6,68.3,46.3,51.9,8.5,No,Yes,Postgraduate,75.0,Good
STU_10624,8.2,68.0,71.3,68.9,68.8,7.3,No,Yes,Graduate,81.1,Excellent
STU_10625,4.0,76.0,45.6,100.0,64.1,5.8,No,Yes,,70.5,Good
STU_10626,3.0,52.5,81.1,64.5,86.4,7.8,No,No,Graduate,73.7,Good
STU_10627,4.7,71.7,62.7,84.2,37.6,5.1,No,Yes,School,66.7,Good
STU_10628,5.1,50.0,63.1,,47.9,6.6,Yes,Yes,Postgraduate,65.4,Good
STU_10629,7.2,86.7,58.7,49.9,30.0,4.8,Yes,Yes,Graduate,63.1,Good
STU_10630,1.6,84.1,30.0,74.2,64.3,7.4,Yes,Yes,Graduate,49.2,Average
STU_10631,8.1,59.2,73.6,73.1,87.6,7.3,Yes,Yes,School,82.7,Excellent
STU_10632,4.7,56.9,50.0,100.0,54.4,7.2,Yes,No,,66.0,Good
STU_10633,4.1,,66.6,40.0,83.8,5.9,No,Yes,School,80.2,Excellent
STU_10634,3.0,65.1,52.7,47.3,73.1,8.6,Yes,Yes,School,55.3,Average
STU_10635,1.7,80.9,59.8,66.8,75.9,8.1,Yes,No,School,69.1,Good
STU_10636,6.6,86.8,59.0,65.0,71.4,7.3,Yes,Yes,Graduate,76.7,Good
STU_10637,5.1,61.8,52.3,57.6,90.9,6.3,No,Yes,Graduate,65.6,Good
STU_10638,2.4,93.0,61.6,58.5,58.8,6.6,No,Yes,Graduate,49.0,Average
STU_10639,2.4,59.2,57.8,79.6,73.0,7.0,,Yes,School,59.5,Average
STU_10640,4.3,68.6,49.4,58.2,91.5,5.7,No,Yes,Graduate,64.4,Good
STU_10641,8.3,75.0,82.6,62.4,45.6,8.0,No,Yes,Graduate,75.7,Good
STU_10642,4.5,65.2,53.0,84.0,58.6,8.5,No,Yes,School,63.8,Good
STU_10643,2.0,,73.4,81.8,71.2,9.1,No,Yes,School,69.3,Good
STU_10644,4.5,50.0,75.0,63.3,48.3,6.6,No,Yes,Graduate,65.3,Good
STU_10645,,71.4,78.9,49.5,47.6,8.7,No,Yes,Graduate,65.7,Good
STU_10646,1.0,94.3,56.8,82.3,94.5,8.7,No,No,School,73.2,Good
STU_10647,4.9,60.7,62.0,56.8,49.0,6.2,No,Yes,School,51.0,Average
STU_10648,4.5,84.9,62.5,88.1,56.1,5.8,Yes,Yes,School,73.3,Good
STU_10649,6.4,50.0,72.9,75.9,65.5,8.3,Yes,Yes,Graduate,79.3,Good
STU_10650,8.7,50.0,61.4,67.3,68.9,,Yes,Yes,Postgraduate,88.2,Excellent
STU_10651,7.3,79.5,71.9,76.1,53.3,6.1,No,,Graduate,73.4,Good
STU_10652,4.5,54.5,61.2,42.7,58.7,8.0,Yes,Yes,School,62.8,Good
STU_10653,2.8,71.8,81.8,90.7,46.0,5.3,Yes,Yes,Graduate,70.6,Good
STU_10654,10.0,68.7,64.8,67.1,53.1,6.5,No,Yes,Postgraduate,75.2,Good
STU_10655,5.1,94.7,63.0,72.3,73.1,4.8,No,Yes,Postgraduate,78.4,Good
STU_10656,5.0,69.0,70.1,61.9,,6.0,No,Yes,,60.2,Good
STU_10657,5.0,72.9,89.5,67.6,78.3,6.2,Yes,No,Graduate,76.6,Good
STU_10658,5.4,82.8,55.9,92.4,61.9,6.1,No,Yes,Graduate,71.3,Good
STU_10659,4.7,65.6,80.6,66.2,58.9,6.5,No,Yes,Postgraduate,64.7,Good
STU_10660,3.9,81.9,52.7,64.2,41.1,4.5,No,Yes,Postgraduate,47.2,Average
STU_10661,3.9,95.2,65.7,79.6,56.3,5.8,No,Yes,School,62.5,Good
STU_10662,4.9,57.3,53.1,74.3,64.8,8.6,Yes,Yes,Graduate,66.5,Good
STU_10663,3.9,75.5,59.4,91.8,79.4,7.4,,Yes,Postgraduate,72.0,Good
STU_10664,3.6,58.7,54.8,41.8,31.1,6.4,Yes,Yes,Postgraduate,50.9,Average
STU_10665,5.2,50.0,75.5,63.6,56.6,6.2,Yes,Yes,Graduate,59.5,Average
STU_10666,4.5,65.2,57.5,50.1,30.0,7.9,Yes,Yes,Graduate,53.1,Average
STU_10667,8.0,89.8,73.0,87.2,36.3,7.1,No,Yes,Graduate,73.1,Good
STU_10668,1.0,77.2,57.1,51.9,83.1,5.7,Yes,Yes,Graduate,53.5,Average
STU_10669,7.2,50.0,64.9,74.6,41.2,6.4,No,Yes,Graduate,54.1,Average
STU_10670,7.5,87.6,86.9,51.7,63.7,5.5,Yes,Yes,School,77.7,Good
STU_10671,1.0,91.8,,63.0,78.4,6.2,No,Yes,Graduate,62.2,Good
STU_10672,4.3,64.4,54.1,56.1,54.5,7.8,No,Yes,Graduate,50.6,Average
STU_10673,4.3,50.0,61.3,69.9,42.4,7.7,No,Yes,Graduate,54.3,Average
STU_10674,2.2,62.6,64.7,98.4,63.9,8.2,No,Yes,School,68.3,Good
STU_10675,3.4,85.4,74.3,50.0,87.0,7.2,Yes,Yes,Graduate,65.2,Good
STU_10676,2.8,61.4,65.6,54.1,77.9,5.2,No,Yes,Graduate,71.1,Good
STU_10677,8.5,80.9,68.7,78.4,58.0,5.5,No,Yes,Postgraduate,77.9,Good
STU_10678,6.9,88.2,47.7,67.9,53.1,7.6,No,Yes,Graduate,68.3,Good
STU_10679,7.5,81.5,69.5,52.2,80.5,7.1,No,Yes,Graduate,73.6,Good
STU_10680,6.4,76.4,69.9,63.4,38.6,5.6,No,Yes,School,64.1,Good
STU_10681,2.7,84.4,75.1,48.8,77.0,6.6,Yes,Yes,School,78.1,Good
STU_10682,4.0,50.0,60.1,63.1,53.5,9.3,Yes,Yes,School,55.2,Average
STU_10683,6.0,50.0,64.9,56.4,38.2,8.1,No,Yes,,55.8,Average
STU_10684,2.6,66.9,75.6,74.4,33.7,8.8,Yes,Yes,Graduate,72.6,Good
STU_10685,6.4,73.3,49.1,,88.2,5.6,No,Yes,Graduate,79.8,Good
STU_10686,4.5,77.1,38.1,40.0,58.8,9.0,Yes,Yes,Graduate,52.9,Average
STU_10687,4.3,82.8,48.4,71.5,47.7,6.4,Yes,Yes,School,53.4,Average
STU_10688,6.4,71.3,55.4,40.0,61.3,8.9,No,Yes,School,55.6,Average
STU_10689,5.9,50.0,81.1,70.1,52.8,7.4,No,Yes,Graduate,78.9,Good
STU_10690,4.3,83.9,95.4,92.3,53.4,7.8,No,Yes,School,75.0,Good
STU_10691,7.3,61.1,51.4,65.1,54.1,7.8,Yes,Yes,Graduate,69.7,Good
STU_10692,2.8,65.1,63.7,73.6,62.1,7.1,Yes,Yes,Postgraduate,66.6,Good
STU_10693,6.2,50.0,57.1,80.3,74.1,7.7,No,Yes,Graduate,70.5,Good
STU_10694,6.2,55.8,72.2,80.8,37.5,5.8,Yes,No,Graduate,66.5,Good
STU_10695,4.4,56.1,69.2,81.7,83.6,6.8,Yes,No,Graduate,70.7,Good
STU_10696,5.7,50.0,51.9,76.1,46.9,7.9,No,Yes,Graduate,57.4,Average
STU_10697,2.5,50.0,55.7,59.4,66.1,7.1,No,Yes,Postgraduate,67.3,Good
STU_10698,6.8,85.1,62.9,79.0,61.1,6.6,,Yes,Postgraduate,70.9,Good
STU_10699,4.6,75.4,,90.9,49.1,7.3,Yes,Yes,Graduate,75.7,Good
STU_10700,4.0,60.9,55.2,76.8,80.2,5.4,Yes,Yes,School,72.6,Good
STU_10701,7.1,61.1,41.7,72.7,49.3,8.3,Yes,Yes,Postgraduate,66.1,Good
STU_10702,3.6,83.0,84.5,46.6,84.7,4.5,No,Yes,School,73.0,Good
STU_10703,2.2,57.0,72.5,55.1,72.7,7.0,Yes,No,Graduate,51.3,Average
STU_10704,1.9,77.0,47.6,59.9,50.0,7.9,Yes,Yes,Graduate,55.3,Average
STU_10705,6.2,87.1,69.6,54.6,42.8,7.1,Yes,Yes,School,70.0,Good
STU_10706,2.4,92.0,77.2,67.7,79.0,6.4,No,Yes,Postgraduate,85.5,Excellent
STU_10707,8.5,54.7,66.4,57.0,43.7,8.3,No,Yes,Postgraduate,71.2,Good
STU_10708,1.0,59.7,85.4,82.1,59.9,6.2,No,Yes,Postgraduate,68.3,Good
STU_10709,8.4,80.0,73.3,64.4,73.1,9.0,Yes,No,School,77.4,Good
STU_10710,5.4,84.2,69.6,54.4,69.4,6.7,No,No,Graduate,69.7,Good
STU_10711,4.8,68.4,68.1,57.1,58.8,6.7,No,Yes,Postgraduate,51.6,Average
STU_10712,3.9,50.0,67.0,71.0,50.3,7.9,No,Yes,School,51.4,Average
STU_10713,5.8,70.1,78.2,66.0,73.6,6.6,No,Yes,Graduate,72.9,Good
STU_10714,4.9,58.2,62.8,70.6,31.9,7.1,Yes,Yes,Graduate,57.3,Average
STU_10715,7.2,85.3,79.2,66.5,66.2,,No,Yes,School,70.7,Good
STU_10716,5.2,92.7,69.7,94.1,41.3,5.5,No,Yes,Postgraduate,72.3,Good
STU_10717,5.3,64.6,66.6,82.0,48.0,7.7,Yes,Yes,School,67.9,Good
STU_10718,4.3,63.6,60.4,58.0,67.9,5.0,Yes,Yes,Graduate,53.5,Average
STU_10719,4.9,72.6,60.5,42.8,50.0,7.0,No,Yes,Graduate,47.8,Average
STU_10720,5.6,84.7,69.8,65.0,80.5,6.6,Yes,Yes,Graduate,71.6,Good
STU_10721,1.6,67.2,80.2,54.1,73.3,5.4,No,Yes,School,65.0,Good
STU_10722,2.3,91.3,72.6,45.8,50.8,9.0,No,Yes,Graduate,57.1,Average
STU_10723,6.5,54.9,54.3,78.9,58.4,7.2,Yes,Yes,Postgraduate,64.2,Good
STU_10724,5.3,75.8,41.0,69.9,44.3,6.2,Yes,Yes,Postgraduate,67.5,Good
STU_10725,4.6,90.3,76.1,85.7,69.6,7.2,Yes,No,Graduate,78.3,Good
STU_10726,5.0,72.0,100.0,69.0,87.1,10.0,Yes,Yes,Graduate,81.7,Excellent
STU_10727,5.7,68.3,60.9,66.9,42.9,,No,Yes,,72.0,Good
STU_10728,3.9,50.0,58.0,52.2,65.0,7.8,No,Yes,Graduate,58.1,Average
STU_10729,3.4,87.0,77.3,61.2,67.2,5.9,Yes,No,Graduate,72.4,Good
STU_10730,5.4,81.6,52.1,44.9,42.0,7.6,Yes,Yes,Postgraduate,51.4,Average
STU_10731,3.0,,87.4,84.5,45.9,6.2,Yes,Yes,Graduate,59.4,Average
STU_10732,5.8,98.3,71.2,51.6,33.1,6.8,Yes,Yes,School,55.3,Average
STU_10733,1.6,81.7,64.6,73.1,71.0,7.2,No,Yes,Graduate,67.6,Good
STU_10734,7.1,72.3,53.4,66.5,56.2,,Yes,Yes,School,63.5,Good
STU_10735,5.9,74.3,78.2,75.4,50.4,5.2,No,No,Postgraduate,66.8,Good
STU_10736,5.5,80.4,,70.5,95.0,9.0,Yes,Yes,Graduate,77.4,Good
STU_10737,7.0,63.2,75.6,51.5,33.2,4.7,No,No,Postgraduate,59.4,Average
STU_10738,8.3,50.0,71.0,65.3,82.6,7.4,No,Yes,School,80.1,Excellent
STU_10739,7.0,86.2,84.4,87.7,30.0,7.1,No,Yes,Postgraduate,68.7,Good
STU_10740,1.3,72.5,67.4,58.5,53.7,6.8,No,No,Graduate,45.8,Average
STU_10741,2.4,57.3,100.0,86.2,34.8,7.0,Yes,Yes,Postgraduate,78.3,Good
STU_10742,3.8,71.7,73.3,79.3,48.9,7.6,No,Yes,Graduate,61.9,Good
STU_10743,5.1,50.0,67.2,72.0,53.3,7.6,No,No,Graduate,67.8,Good
STU_10744,6.0,87.6,59.2,59.7,50.6,6.8,No,Yes,School,63.3,Good
STU_10745,3.5,89.2,78.2,73.8,66.0,7.8,No,Yes,School,77.7,Good
STU_10746,5.4,81.9,59.5,62.9,76.0,6.7,Yes,Yes,,65.7,Good
STU_10747,3.5,58.6,53.4,85.5,60.2,7.1,Yes,Yes,School,67.1,Good
STU_10748,3.8,63.1,58.0,52.0,67.2,8.4,No,Yes,Graduate,57.6,Average
STU_10749,2.2,85.7,62.1,74.3,87.0,8.4,Yes,Yes,Graduate,67.1,Good
STU_10750,3.2,84.1,98.7,70.4,50.8,8.3,No,Yes,Graduate,80.3,Excellent
STU_10751,2.3,95.6,69.4,74.6,76.5,5.8,No,No,School,61.4,Good
STU_10752,3.0,74.5,55.1,80.0,100.0,7.5,Yes,Yes,Graduate,68.9,Good
STU_10753,,69.7,81.3,57.6,91.0,7.6,Yes,Yes,Postgraduate,73.9,Good
STU_10754,3.1,68.1,67.8,57.6,88.1,9.1,No,Yes,Graduate,65.0,Good
STU_10755,10.0,66.4,84.4,73.0,73.6,8.0,Yes,Yes,Graduate,83.7,Excellent
STU_10756,6.0,52.8,93.7,83.5,80.4,6.2,No,No,Graduate,76.6,Good
STU_10757,5.4,74.0,42.6,66.5,54.3,6.5,Yes,Yes,Graduate,62.0,Good
STU_10758,3.3,82.1,30.0,90.1,60.7,,No,,School,47.4,Average
STU_10759,6.4,74.5,94.9,65.8,58.8,6.9,Yes,Yes,School,73.6,Good
STU_10760,3.8,59.4,54.7,60.0,51.4,6.6,No,Yes,Graduate,46.8,Average
STU_10761,5.2,62.7,,76.4,64.3,6.4,,Yes,Graduate,59.3,Average
STU_10762,10.0,85.3,57.1,62.4,53.6,6.1,Yes,Yes,Graduate,68.8,Good
STU_10763,4.8,62.6,50.5,62.5,63.0,8.8,Yes,Yes,Graduate,61.3,Good
STU_10764,7.3,69.7,53.4,73.6,39.9,4.0,Yes,Yes,School,62.6,Good
STU_10765,3.6,78.9,77.8,83.0,53.5,5.5,Yes,Yes,Graduate,61.5,Good
STU_10766,4.9,75.1,59.6,74.2,83.1,9.9,Yes,Yes,Graduate,70.2,Good
STU_10767,8.5,91.1,40.7,71.5,65.1,8.2,Yes,Yes,Graduate,83.4,Excellent
STU_10768,3.7,89.0,65.5,96.9,83.4,7.4,No,Yes,Postgraduate,77.4,Good
STU_10769,8.6,68.3,52.2,79.8,52.3,7.0,No,No,,65.4,Good
STU_10770,6.4,67.3,61.3,65.3,58.0,6.3,No,No,Postgraduate,52.2,Average
STU_10771,3.9,69.1,62.1,85.4,65.4,5.5,Yes,Yes,School,67.6,Good
STU_10772,6.3,78.9,77.7,66.6,58.9,7.4,Yes,Yes,Graduate,62.1,Good
STU_10773,6.9,,57.4,78.4,39.7,8.0,No,Yes,Graduate,47.9,Average
STU_10774,6.2,81.3,75.5,77.6,71.1,6.2,Yes,Yes,Postgraduate,80.3,Excellent
STU_10775,1.9,82.4,41.1,70.0,46.2,4.8,No,Yes,Graduate,54.2,Average
STU_10776,3.5,76.9,78.5,59.9,61.8,7.8,No,Yes,School,54.3,Average
STU_10777,4.5,74.6,84.5,69.6,30.0,7.9,No,Yes,Graduate,53.8,Average
STU_10778,4.9,71.0,61.5,63.4,51.6,8.0,No,Yes,School,54.7,Average
STU_10779,6.2,59.9,52.7,73.7,60.0,6.8,No,Yes,Postgraduate,76.6,Good
STU_10780,5.4,73.9,48.8,75.9,71.0,4.4,No,Yes,Graduate,66.9,Good
STU_10781,2.3,50.0,64.6,42.4,42.2,5.5,No,No,Graduate,50.0,Average
STU_10782,5.8,90.0,83.2,74.7,47.7,8.5,Yes,Yes,School,78.4,Good
STU_10783,6.2,64.7,58.6,100.0,90.2,5.4,No,Yes,Graduate,87.0,Excellent
STU_10784,6.1,89.7,81.7,65.6,93.4,7.8,Yes,Yes,Graduate,82.8,Excellent
STU_10785,7.2,55.2,47.7,83.8,70.2,5.8,Yes,Yes,Graduate,71.7,Good
STU_10786,6.7,69.7,59.7,80.4,82.5,5.7,No,Yes,Postgraduate,75.2,Good
STU_10787,5.9,69.7,64.3,47.0,55.7,9.2,No,Yes,Graduate,49.2,Average
STU_10788,4.9,61.4,68.2,77.0,72.5,9.2,Yes,Yes,Graduate,73.1,Good
STU_10789,1.7,91.7,60.0,58.2,71.6,7.2,,Yes,Postgraduate,61.3,Good
STU_10790,5.9,61.1,83.7,67.2,,6.4,No,Yes,Graduate,48.6,Average
STU_10791,5.4,63.1,,49.6,65.1,8.2,Yes,Yes,Graduate,64.0,Good
STU_10792,5.5,67.9,62.4,76.2,57.3,5.1,Yes,No,Graduate,61.5,Good
STU_10793,2.4,81.8,57.2,65.2,67.9,8.5,No,Yes,Graduate,67.2,Good
STU_10794,2.8,79.0,56.0,88.8,53.4,9.4,No,No,Graduate,60.1,Good
STU_10795,7.1,60.4,80.5,51.0,38.7,7.7,No,Yes,School,56.1,Average
STU_10796,4.9,67.6,55.0,82.7,62.3,5.6,No,Yes,Graduate,56.9,Average
STU_10797,6.4,90.8,43.1,75.9,75.3,8.8,,Yes,School,66.3,Good
STU_10798,5.1,78.5,45.3,58.0,75.3,7.4,No,Yes,School,62.0,Good
STU_10799,5.1,68.4,75.0,48.4,33.6,6.8,No,No,School,56.3,Average
STU_10800,6.9,70.4,44.5,65.9,64.9,5.8,No,Yes,Graduate,67.8,Good
STU_10801,4.0,78.2,59.0,73.3,73.0,5.6,No,Yes,School,56.3,Average
STU_10802,5.2,58.7,66.5,55.1,64.2,8.4,No,Yes,Postgraduate,65.9,Good
STU_10803,4.1,68.8,39.8,56.7,75.8,6.9,No,Yes,Graduate,57.5,Average
STU_10804,4.1,50.0,67.7,83.9,39.4,6.9,No,Yes,Graduate,58.4,Average
STU_10805,4.4,61.5,60.1,59.1,43.7,7.2,Yes,No,Graduate,56.5,Average
STU_10806,5.4,93.2,36.4,78.1,71.4,4.7,Yes,Yes,School,74.9,Good
STU_10807,4.0,51.1,67.9,87.1,56.4,7.0,Yes,No,Postgraduate,64.1,Good
STU_10808,7.5,50.0,70.9,58.7,80.8,7.0,Yes,Yes,School,71.8,Good
STU_10809,3.2,50.0,67.8,52.5,66.9,8.8,Yes,Yes,School,53.7,Average
STU_10810,4.6,50.0,72.6,82.2,47.7,8.0,Yes,Yes,Graduate,58.8,Average
STU_10811,4.1,71.9,68.9,65.8,46.9,5.5,No,Yes,Graduate,53.4,Average
STU_10812,7.9,50.0,76.0,63.9,32.0,6.5,Yes,Yes,Graduate,53.7,Average
STU_10813,5.4,50.1,50.8,90.0,73.0,8.3,No,Yes,Postgraduate,65.1,Good
STU_10814,7.1,85.8,44.0,66.3,60.1,5.4,No,Yes,Graduate,73.9,Good
STU_10815,2.0,82.1,47.6,,76.7,9.0,Yes,No,Graduate,57.5,Average
STU_10816,5.5,65.6,52.8,47.4,66.1,7.0,Yes,Yes,Postgraduate,60.2,Good
STU_10817,6.8,50.0,95.3,68.9,63.8,7.6,Yes,Yes,Graduate,67.1,Good
STU_10818,5.2,77.8,53.0,57.7,75.0,6.5,Yes,Yes,Graduate,64.4,Good
STU_10819,7.1,88.7,57.2,62.9,60.4,6.5,No,Yes,Graduate,60.1,Good
STU_10820,4.0,89.7,61.5,62.1,56.7,5.9,No,Yes,School,58.3,Average
STU_10821,7.8,69.9,59.6,88.2,62.0,8.8,No,Yes,Graduate,70.3,Good
STU_10822,9.6,83.5,92.2,60.7,75.5,7.7,No,Yes,Graduate,81.5,Excellent
STU_10823,4.3,59.2,39.1,62.5,46.9,5.8,Yes,Yes,Postgraduate,61.0,Good
STU_10824,4.1,61.6,97.8,91.5,76.8,7.8,No,Yes,Graduate,90.4,Excellent
STU_10825,7.9,83.5,67.2,65.0,63.0,8.1,No,Yes,School,80.4,Excellent
STU_10826,8.2,84.1,79.4,61.3,55.9,8.3,No,Yes,Graduate,73.0,Good
STU_10827,4.0,65.5,65.3,85.4,64.9,7.3,Yes,Yes,Graduate,70.0,Good
STU_10828,4.2,50.0,77.2,70.2,80.8,7.2,Yes,Yes,Graduate,72.2,Good
STU_10829,4.4,82.3,50.8,71.2,80.7,5.9,Yes,No,School,69.5,Good
STU_10830,2.3,82.7,44.7,74.2,68.3,8.6,Yes,Yes,Graduate,57.8,Average
STU_10831,3.2,,100.0,88.8,72.0,7.8,No,,School,71.8,Good
STU_10832,3.0,50.0,93.7,55.5,62.7,8.2,Yes,Yes,Graduate,54.7,Average
STU_10833,3.5,96.6,49.2,86.0,52.6,4.7,No,Yes,Postgraduate,69.1,Good
STU_10834,4.9,83.2,75.7,49.1,69.1,8.1,No,Yes,School,67.1,Good
STU_10835,5.5,80.2,82.4,58.6,54.8,7.0,Yes,Yes,Graduate,64.1,Good
STU_10836,8.1,87.2,74.9,57.4,45.6,8.0,Yes,Yes,Graduate,79.1,Good
STU_10837,3.0,87.0,61.9,68.0,55.2,5.6,No,Yes,Graduate,57.0,Average
STU_10838,7.0,89.0,95.4,59.5,35.7,9.2,No,Yes,Graduate,78.9,Good
STU_10839,4.6,57.0,75.3,87.8,42.2,6.2,No,,Graduate,59.4,Average
STU_10840,4.9,93.0,51.1,77.3,94.5,8.4,No,Yes,Graduate,75.2,Good
STU_10841,6.3,80.5,59.2,69.8,80.0,6.8,Yes,Yes,Postgraduate,77.1,Good
STU_10842,2.8,67.6,,57.7,58.2,9.2,Yes,Yes,Graduate,53.4,Average
STU_10843,5.8,68.0,63.4,89.6,70.4,,Yes,Yes,School,64.5,Good
STU_10844,5.3,88.1,62.9,71.4,46.8,9.3,No,Yes,Postgraduate,66.0,Good
STU_10845,6.0,66.1,76.3,66.5,72.6,6.9,No,No,School,63.2,Good
STU_10846,5.6,80.3,,68.1,66.2,5.7,Yes,Yes,Graduate,62.5,Good
STU_10847,9.9,79.9,70.8,66.9,50.7,7.4,Yes,Yes,Graduate,62.6,Good
STU_10848,3.7,66.9,70.4,81.8,56.8,6.8,No,No,Graduate,64.7,Good
STU_10849,3.9,89.2,80.6,85.8,55.7,6.3,No,Yes,Graduate,57.3,Average
STU_10850,3.8,94.9,,57.0,75.6,8.5,No,Yes,School,63.3,Good
STU_10851,3.9,69.3,30.0,60.9,60.7,5.4,Yes,Yes,Graduate,58.5,Average
STU_10852,3.7,84.9,96.7,61.6,36.7,9.3,No,Yes,Graduate,56.5,Average
STU_10853,7.4,79.7,51.3,74.5,54.8,6.8,No,Yes,Graduate,57.6,Average
STU_10854,7.8,78.1,75.4,84.0,49.5,5.4,No,Yes,Postgraduate,75.8,Good
STU_10855,3.9,98.8,59.9,50.8,38.4,7.5,Yes,Yes,Graduate,41.4,Average
STU_10856,3.3,85.4,86.0,55.4,49.8,7.2,Yes,No,School,61.4,Good
STU_10857,5.9,50.0,50.6,65.2,30.0,6.8,Yes,Yes,School,49.3,Average
STU_10858,3.9,90.4,54.3,77.5,47.1,6.2,No,Yes,Graduate,69.4,Good
STU_10859,6.3,67.9,57.5,56.8,65.1,8.6,No,No,Postgraduate,73.0,Good
STU_10860,5.4,75.8,73.3,64.6,69.3,7.6,No,Yes,Graduate,71.6,Good
STU_10861,2.0,67.4,68.3,59.9,70.1,6.4,Yes,Yes,Graduate,58.7,Average
STU_10862,8.1,60.1,73.5,80.6,77.3,7.5,Yes,Yes,Postgraduate,80.8,Excellent
STU_10863,8.6,68.5,66.9,68.5,81.0,6.1,Yes,Yes,School,80.7,Excellent
STU_10864,3.8,74.6,79.0,,45.6,8.2,No,Yes,Graduate,66.0,Good
STU_10865,4.2,92.9,79.2,,40.0,9.5,No,Yes,Graduate,47.8,Average
STU_10866,5.6,86.2,87.7,64.5,62.7,8.3,Yes,Yes,School,64.2,Good
STU_10867,5.7,50.0,70.2,66.3,70.7,6.2,No,Yes,Graduate,71.6,Good
STU_10868,6.3,69.4,70.1,81.9,48.6,5.8,Yes,Yes,School,59.7,Average
STU_10869,9.0,76.5,91.5,84.3,66.2,7.1,No,Yes,Graduate,84.7,Excellent
STU_10870,4.6,52.2,83.0,53.4,91.2,5.1,Yes,Yes,Graduate,77.5,Good
STU_10871,3.4,65.0,72.8,83.8,40.6,8.1,No,Yes,Graduate,65.8,Good
STU_10872,2.2,96.2,44.1,80.0,62.1,7.8,No,,School,62.3,Good
STU_10873,3.5,94.4,39.7,62.6,78.6,6.8,Yes,Yes,Graduate,60.5,Good
STU_10874,4.9,68.6,74.2,80.6,58.8,6.7,Yes,Yes,School,60.4,Good
STU_10875,8.6,73.7,74.8,58.9,68.6,,Yes,Yes,School,83.9,Excellent
STU_10876,4.0,72.6,54.2,75.7,76.6,8.9,Yes,Yes,Graduate,56.6,Average
STU_10877,5.4,71.3,70.3,100.0,57.2,6.5,No,Yes,School,71.4,Good
STU_10878,5.0,66.6,51.3,73.2,45.0,5.6,No,No,School,50.8,Average
STU_10879,7.4,70.6,73.6,65.2,60.4,6.1,No,Yes,Graduate,77.6,Good
STU_10880,10.0,67.9,74.0,51.6,44.5,8.2,No,No,School,63.9,Good
STU_10881,3.9,52.7,73.9,71.1,53.2,5.8,No,No,Postgraduate,56.3,Average
STU_10882,4.0,82.0,70.0,84.0,69.1,8.4,Yes,Yes,Graduate,70.0,Good
STU_10883,,54.8,60.6,60.1,64.9,6.8,Yes,Yes,School,70.0,Good
STU_10884,6.4,50.0,61.8,77.6,78.0,4.8,No,Yes,Graduate,76.1,Good
STU_10885,8.7,85.0,82.4,66.3,65.7,7.9,No,No,Postgraduate,80.7,Excellent
STU_10886,6.2,78.8,71.2,64.4,49.5,6.7,No,Yes,Graduate,66.0,Good
STU_10887,4.3,50.0,72.3,76.9,46.1,7.4,Yes,Yes,Graduate,57.4,Average
STU_10888,6.2,83.0,66.3,43.5,72.0,6.3,Yes,Yes,Graduate,63.0,Good
STU_10889,7.2,87.0,74.8,67.3,65.8,8.5,No,Yes,Graduate,76.5,Good
STU_10890,6.6,50.0,79.4,83.8,58.9,7.5,No,Yes,,76.2,Good
STU_10891,6.0,67.7,55.6,67.4,67.4,9.6,No,Yes,School,55.5,Average
STU_10892,7.1,,,70.1,50.7,7.9,Yes,Yes,Graduate,58.4,Average
STU_10893,7.3,76.2,61.6,68.1,30.0,6.7,Yes,Yes,Postgraduate,62.0,Good
STU_10894,7.8,82.9,69.7,96.8,78.7,6.0,Yes,Yes,Graduate,84.3,Excellent
STU_10895,6.3,76.4,77.5,75.4,72.4,5.3,Yes,Yes,Graduate,76.9,Good
STU_10896,4.7,60.1,43.2,52.1,60.6,6.8,Yes,Yes,Postgraduate,60.8,Good
STU_10897,5.3,86.9,48.7,57.9,47.6,6.9,Yes,Yes,School,54.3,Average
STU_10898,7.4,78.6,55.1,71.3,58.6,,No,Yes,Graduate,74.7,Good
STU_10899,3.4,59.9,54.0,87.6,34.3,6.5,No,Yes,Graduate,64.9,Good
STU_10900,5.7,87.3,62.6,79.3,63.8,8.2,Yes,Yes,School,73.4,Good
STU_10901,4.2,87.3,90.4,83.9,31.0,,Yes,Yes,Graduate,65.8,Good
STU_10902,5.1,50.0,82.7,54.2,63.7,9.3,No,Yes,School,47.6,Average
STU_10903,7.6,89.4,56.3,78.8,50.7,5.1,Yes,Yes,School,63.6,Good
STU_10904,5.4,72.0,78.0,59.7,59.6,8.6,No,Yes,Graduate,68.1,Good
STU_10905,5.1,50.0,64.4,68.3,43.8,6.4,No,No,Graduate,60.2,Good
STU_10906,2.3,64.2,70.2,81.9,86.1,8.1,Yes,Yes,Postgraduate,71.7,Good
STU_10907,6.5,78.5,50.3,,67.8,8.9,No,Yes,Postgraduate,66.1,Good
STU_10908,6.3,83.5,45.2,49.8,51.0,6.6,No,Yes,Postgraduate,68.5,Good
STU_10909,9.3,89.0,76.0,64.8,59.1,5.7,Yes,Yes,School,67.9,Good
STU_10910,4.4,62.5,65.5,71.7,,5.6,No,Yes,School,58.8,Average
STU_10911,5.4,94.0,72.8,79.6,46.8,6.0,No,Yes,School,52.4,Average
STU_10912,5.5,93.1,88.9,57.6,44.2,4.1,No,Yes,Graduate,72.6,Good
STU_10913,8.2,81.3,61.4,62.2,43.5,6.7,No,Yes,School,54.7,Average
STU_10914,4.8,88.9,61.6,73.0,51.1,7.8,Yes,Yes,Graduate,63.6,Good
STU_10915,5.6,50.0,91.5,77.6,85.9,7.3,Yes,Yes,Graduate,85.0,Excellent
STU_10916,6.2,,65.3,72.8,53.0,6.5,Yes,Yes,School,76.4,Good
STU_10917,5.4,74.8,53.0,67.9,55.3,5.9,Yes,Yes,Graduate,63.0,Good
STU_10918,4.1,69.2,76.0,59.6,65.2,6.3,Yes,Yes,School,59.3,Average
STU_10919,5.4,74.9,61.4,82.4,61.5,7.3,Yes,Yes,Graduate,71.7,Good
STU_10920,7.1,50.0,52.7,87.0,77.5,8.0,Yes,Yes,School,64.7,Good
STU_10921,2.9,65.6,66.3,61.8,75.1,5.2,Yes,Yes,Postgraduate,65.9,Good
STU_10922,5.3,93.4,77.4,63.4,67.2,7.2,No,No,Postgraduate,62.5,Good
STU_10923,3.6,50.0,47.6,79.6,58.3,7.3,Yes,Yes,School,53.0,Average
STU_10924,7.4,87.2,47.3,72.3,77.4,5.9,No,Yes,Postgraduate,85.4,Excellent
STU_10925,2.0,88.0,63.8,78.1,49.4,7.7,No,Yes,Graduate,67.6,Good
STU_10926,3.9,60.1,48.5,73.8,48.4,8.1,No,Yes,Graduate,52.3,Average
STU_10927,5.8,82.0,45.9,75.3,55.5,6.3,No,Yes,Graduate,59.7,Average
STU_10928,8.1,67.2,65.1,64.3,80.6,6.0,No,No,Graduate,75.4,Good
STU_10929,4.9,59.0,81.6,42.0,48.6,9.6,No,Yes,Graduate,57.6,Average
STU_10930,3.9,74.3,76.8,72.7,52.4,8.0,Yes,Yes,School,72.9,Good
STU_10931,8.8,62.3,63.4,79.7,64.8,7.2,Yes,Yes,Graduate,64.8,Good
STU_10932,2.1,71.2,84.2,74.0,61.1,6.2,No,Yes,Graduate,66.0,Good
STU_10933,1.0,84.6,91.0,59.6,55.9,6.1,No,Yes,Graduate,58.8,Average
STU_10934,5.9,71.8,72.4,61.9,69.5,7.7,Yes,No,Graduate,70.3,Good
STU_10935,4.0,69.8,59.5,100.0,54.4,6.0,No,Yes,School,65.7,Good
STU_10936,3.0,65.2,88.4,74.9,78.9,6.0,Yes,Yes,Postgraduate,76.0,Good
STU_10937,6.4,54.9,87.8,40.0,65.8,6.8,No,Yes,Postgraduate,70.7,Good
STU_10938,5.5,87.7,68.8,62.0,78.3,7.8,Yes,Yes,School,73.3,Good
STU_10939,3.9,83.7,83.3,67.0,49.3,9.1,No,Yes,Graduate,59.7,Average
STU_10940,2.4,83.5,53.3,52.7,59.6,7.3,No,Yes,Graduate,55.4,Average
STU_10941,6.7,63.9,34.0,68.2,31.6,6.0,No,Yes,Graduate,50.8,Average
STU_10942,6.3,73.0,50.4,63.1,83.4,6.7,No,Yes,Graduate,67.7,Good
STU_10943,4.8,94.6,68.1,72.7,98.7,8.6,No,No,Graduate,89.7,Excellent
STU_10944,8.7,78.8,63.9,66.0,57.4,8.4,No,Yes,Graduate,70.2,Good
STU_10945,2.9,77.5,79.4,60.2,68.0,8.5,Yes,Yes,Graduate,77.9,Good
STU_10946,1.9,85.9,42.7,65.3,63.8,8.2,No,No,Graduate,42.9,Average
STU_10947,3.6,81.4,43.0,81.9,41.3,9.3,Yes,Yes,Graduate,54.8,Average
STU_10948,4.9,78.4,76.4,70.9,82.0,7.2,Yes,No,Postgraduate,73.7,Good
STU_10949,5.5,87.6,43.5,67.0,57.6,7.9,Yes,Yes,Graduate,71.9,Good
STU_10950,4.5,84.9,60.9,74.9,30.0,6.0,No,Yes,School,43.3,Average
STU_10951,5.7,89.2,65.4,70.0,50.5,7.3,Yes,Yes,Graduate,73.1,Good
STU_10952,2.5,79.4,55.2,54.5,39.7,7.3,No,Yes,Graduate,54.8,Average
STU_10953,7.9,50.9,73.7,79.6,64.0,7.9,Yes,Yes,Graduate,77.5,Good
STU_10954,4.8,84.2,34.1,61.3,63.9,6.2,Yes,Yes,Graduate,57.7,Average
STU_10955,7.2,,92.5,65.2,81.0,5.1,No,No,Graduate,78.8,Good
STU_10956,5.7,50.0,60.0,48.8,91.3,6.3,Yes,Yes,Postgraduate,68.9,Good
STU_10957,5.9,64.3,62.4,81.5,92.6,8.3,Yes,No,School,69.8,Good
STU_10958,6.1,50.0,,71.7,45.6,6.7,Yes,Yes,Graduate,77.0,Good
STU_10959,5.9,72.1,44.6,74.0,71.9,7.6,No,Yes,Graduate,65.9,Good
STU_10960,6.3,68.2,49.3,81.4,74.7,6.3,No,Yes,Postgraduate,65.4,Good
STU_10961,7.7,59.2,86.1,81.5,53.6,8.2,No,,Postgraduate,76.2,Good
STU_10962,5.4,51.2,41.7,60.1,66.6,,Yes,Yes,Graduate,57.8,Average
STU_10963,6.4,89.3,72.4,70.2,68.4,6.9,No,Yes,Graduate,70.3,Good
STU_10964,4.8,54.1,55.9,68.8,54.2,8.6,No,Yes,,47.9,Average
STU_10965,7.9,64.8,40.8,67.5,82.5,8.9,No,No,Graduate,63.2,Good
STU_10966,3.6,83.8,72.9,58.7,65.8,8.6,No,Yes,Graduate,62.4,Good
STU_10967,8.6,87.6,73.3,90.0,59.3,6.6,No,Yes,Postgraduate,81.3,Excellent
STU_10968,4.9,85.3,65.0,84.2,42.4,6.3,Yes,Yes,School,62.3,Good
STU_10969,2.1,94.9,96.0,76.2,80.4,5.9,Yes,Yes,School,93.1,Excellent
STU_10970,5.3,50.0,53.4,89.0,63.2,5.2,No,Yes,Graduate,55.5,Average
STU_10971,3.6,83.1,78.0,76.6,63.3,5.9,No,Yes,Graduate,61.9,Good
STU_10972,6.7,50.0,69.9,65.8,48.5,6.0,Yes,,Graduate,61.1,Good
STU_10973,3.7,70.8,79.6,64.1,76.3,5.5,No,Yes,School,70.0,Good
STU_10974,4.1,87.9,57.4,75.4,,5.2,Yes,Yes,Graduate,59.7,Average
STU_10975,1.2,56.8,44.2,50.7,30.0,5.4,No,Yes,School,35.8,Poor
STU_10976,4.1,85.2,54.8,82.1,50.7,6.9,Yes,No,Postgraduate,56.5,Average
STU_10977,1.0,94.2,64.0,47.2,67.6,7.5,,Yes,Postgraduate,62.7,Good
STU_10978,1.8,50.3,75.2,85.4,67.4,7.4,Yes,Yes,School,82.2,Excellent
STU_10979,6.5,76.6,65.3,77.0,64.2,6.4,No,Yes,Graduate,63.9,Good
STU_10980,6.6,70.7,68.2,97.3,59.2,6.6,No,Yes,Postgraduate,78.4,Good
STU_10981,5.9,98.1,90.9,72.5,64.5,7.4,No,Yes,Graduate,86.8,Excellent
STU_10982,3.1,67.1,64.6,79.2,100.0,7.2,Yes,Yes,Graduate,76.0,Good
STU_10983,4.9,50.0,57.0,79.8,66.0,7.7,Yes,Yes,School,66.5,Good
STU_10984,5.0,82.2,71.6,57.6,55.2,5.8,Yes,Yes,,63.4,Good
STU_10985,2.7,95.9,39.3,55.1,60.3,9.1,Yes,No,Postgraduate,67.1,Good
STU_10986,8.0,94.5,39.2,56.9,,7.8,Yes,Yes,Graduate,69.0,Good
STU_10987,6.8,53.2,63.0,69.5,63.1,7.9,No,,Postgraduate,74.7,Good
STU_10988,4.6,60.4,51.0,69.9,47.4,5.7,No,Yes,Graduate,55.7,Average
STU_10989,5.1,50.0,55.9,70.5,74.8,5.7,Yes,No,School,66.4,Good
STU_10990,5.4,81.0,79.0,76.9,66.7,6.2,Yes,Yes,Graduate,74.1,Good
STU_10991,1.0,85.7,72.9,59.6,49.4,7.9,,Yes,Postgraduate,64.2,Good
STU_10992,4.5,55.3,63.8,81.7,78.3,5.6,No,Yes,School,65.1,Good
STU_10993,3.6,89.8,66.2,76.0,31.6,7.5,Yes,No,,64.4,Good
STU_10994,3.0,77.9,58.6,92.1,96.4,8.8,No,Yes,School,76.9,Good
STU_10995,4.4,87.0,77.7,76.0,92.2,6.2,No,Yes,School,73.8,Good
STU_10996,8.6,57.6,76.9,69.0,89.6,5.9,,Yes,School,82.8,Excellent
STU_10997,6.3,53.6,79.9,100.0,54.1,6.1,No,Yes,Postgraduate,72.9,Good
STU_10998,3.9,78.7,79.2,68.8,65.9,6.8,Yes,Yes,School,61.5,Good
STU_10999,6.1,87.0,65.8,74.1,52.1,8.1,,Yes,Postgraduate,67.5,Good
STU_11000,7.8,70.7,54.5,76.1,68.9,8.2,Yes,Yes,Graduate,70.3,Good
STU_11001,6.8,93.1,62.5,83.0,62.3,8.0,No,Yes,Graduate,65.9,Good
STU_11002,5.1,85.5,66.7,71.2,54.6,4.7,Yes,Yes,Graduate,69.9,Good
STU_11003,3.7,91.4,54.9,100.0,54.5,6.8,Yes,Yes,Graduate,71.3,Good
STU_11004,6.4,96.4,89.4,62.0,63.3,5.9,Yes,,Graduate,76.2,Good
STU_11005,5.8,89.8,89.5,90.9,100.0,7.5,Yes,No,Graduate,93.0,Excellent
STU_11006,6.8,80.0,63.2,49.5,82.9,8.1,Yes,Yes,Graduate,69.5,Good
STU_11007,6.3,50.0,80.5,56.2,63.4,6.4,No,Yes,School,56.3,Average
STU_11008,7.1,96.4,73.4,48.2,59.1,9.3,Yes,Yes,Graduate,66.5,Good
STU_11009,3.9,56.8,57.6,57.0,72.0,5.9,No,Yes,Graduate,55.3,Average
STU_11010,7.6,65.5,71.2,47.1,52.2,7.6,No,Yes,School,59.9,Average
STU_11011,5.4,54.8,53.4,71.5,58.4,9.6,Yes,Yes,,63.8,Good
STU_11012,9.2,68.9,51.8,57.5,30.8,8.1,Yes,Yes,Graduate,72.0,Good
STU_11013,3.6,59.4,72.2,91.2,63.5,7.7,No,Yes,Graduate,59.7,Average
STU_11014,8.5,76.2,72.3,77.0,63.9,6.8,No,Yes,School,78.9,Good
STU_11015,5.4,85.0,100.0,70.9,53.3,7.7,No,Yes,Graduate,68.5,Good
STU_11016,3.7,75.1,62.7,73.7,69.2,6.3,No,Yes,Graduate,68.6,Good
STU_11017,4.0,59.5,57.1,79.0,64.0,8.4,No,Yes,Graduate,59.8,Average
STU_11018,4.4,88.8,,86.7,53.5,6.1,No,Yes,Graduate,72.3,Good
STU_11019,5.8,89.9,64.6,63.0,75.2,6.7,Yes,Yes,Postgraduate,83.2,Excellent
STU_11020,6.0,50.0,55.3,60.5,59.1,6.0,No,Yes,Postgraduate,52.3,Average
STU_11021,3.9,78.1,56.2,75.8,,6.6,Yes,Yes,Postgraduate,64.2,Good
STU_11022,5.0,91.6,62.3,92.0,33.8,6.5,Yes,Yes,School,66.3,Good
STU_11023,9.3,66.8,80.8,50.9,85.0,4.6,Yes,No,Graduate,82.6,Excellent
STU_11024,8.5,74.9,71.5,75.6,64.0,7.0,No,Yes,School,73.4,Good
STU_11025,5.9,76.9,52.5,88.1,63.3,6.4,No,Yes,Graduate,88.9,Excellent
STU_11026,5.1,67.6,92.5,78.6,61.3,5.4,Yes,Yes,Graduate,82.0,Excellent
STU_11027,5.2,78.1,51.4,74.6,81.5,6.2,No,Yes,,72.6,Good
STU_11028,6.2,80.2,53.9,77.6,64.3,7.4,Yes,Yes,Graduate,71.5,Good
STU_11029,3.0,95.9,82.5,95.2,86.8,4.9,Yes,Yes,Postgraduate,86.7,Excellent
STU_11030,4.5,78.8,87.5,81.1,64.3,6.8,,No,Graduate,72.8,Good
STU_11031,1.7,95.7,70.3,48.3,30.0,8.4,Yes,Yes,Postgraduate,56.3,Average
STU_11032,5.8,61.6,45.6,68.8,82.3,6.5,Yes,No,,57.6,Average
STU_11033,6.3,76.9,66.5,71.2,67.0,8.8,Yes,Yes,Graduate,75.5,Good
STU_11034,4.0,73.5,44.5,84.4,53.9,8.3,Yes,Yes,Graduate,65.4,Good
STU_11035,8.1,83.3,100.0,71.2,57.9,7.4,Yes,Yes,School,81.7,Excellent
STU_11036,2.5,63.9,69.3,70.2,57.1,7.0,Yes,Yes,School,63.3,Good
STU_11037,2.1,93.5,77.0,70.6,42.1,7.0,No,,Graduate,66.2,Good
STU_11038,5.4,79.8,59.4,73.4,76.0,7.6,Yes,Yes,Graduate,74.3,Good
STU_11039,7.1,62.3,92.1,68.7,54.9,9.4,No,Yes,,72.2,Good
STU_11040,8.4,54.3,57.5,64.1,48.1,7.6,No,Yes,Postgraduate,66.1,Good
STU_11041,4.1,52.3,52.1,67.9,100.0,8.8,Yes,No,Graduate,75.6,Good
STU_11042,7.2,50.2,69.6,74.3,43.6,5.6,No,No,Graduate,70.7,Good
STU_11043,4.9,56.1,78.2,78.7,60.6,6.4,Yes,Yes,Graduate,64.1,Good
STU_11044,4.7,87.4,96.9,100.0,30.0,7.0,Yes,Yes,School,70.4,Good
STU_11045,6.8,54.8,89.2,51.4,82.1,8.6,No,Yes,School,78.6,Good
STU_11046,6.3,78.3,82.9,78.2,57.5,4.9,No,Yes,School,74.6,Good
STU_11047,1.8,53.9,54.7,90.7,75.1,10.0,Yes,Yes,Postgraduate,63.9,Good
STU_11048,8.0,68.1,54.4,59.2,46.9,7.0,Yes,Yes,Graduate,63.1,Good
STU_11049,7.8,68.9,51.8,79.6,36.1,8.4,Yes,Yes,School,66.8,Good
STU_11050,3.7,65.1,62.7,64.9,50.1,7.0,No,Yes,School,68.5,Good
STU_11051,5.8,70.1,36.3,62.8,83.5,6.0,No,No,Graduate,75.3,Good
STU_11052,6.0,75.4,85.5,59.7,71.2,9.1,Yes,Yes,Graduate,64.0,Good
STU_11053,5.5,74.0,49.6,68.7,36.1,6.8,Yes,No,Graduate,60.6,Good
STU_11054,3.9,84.6,47.8,68.2,30.0,6.1,Yes,Yes,School,48.7,Average
STU_11055,3.7,55.8,58.9,80.5,56.9,7.5,No,No,Postgraduate,68.0,Good
STU_11056,4.9,79.5,44.9,49.8,79.5,7.7,No,Yes,Graduate,53.6,Average
STU_11057,7.3,79.5,,81.9,49.9,7.4,Yes,,Graduate,69.2,Good
STU_11058,6.1,76.8,50.5,81.6,,7.5,Yes,,Graduate,69.4,Good
STU_11059,4.3,54.3,72.5,74.3,64.0,7.5,Yes,Yes,School,70.3,Good
STU_11060,6.5,86.6,78.9,100.0,90.0,8.5,Yes,Yes,Graduate,85.5,Excellent
STU_11061,1.0,57.7,56.8,87.3,,7.1,No,No,Graduate,50.6,Average
STU_11062,7.3,91.1,54.2,63.0,61.0,6.2,Yes,Yes,Graduate,57.8,Average
STU_11063,1.5,73.6,53.0,53.3,51.5,7.9,No,Yes,Postgraduate,49.4,Average
STU_11064,4.3,74.3,48.8,60.4,77.8,4.0,No,No,Graduate,64.2,Good
STU_11065,2.8,59.6,58.7,61.9,71.5,7.7,Yes,Yes,Postgraduate,72.4,Good
STU_11066,2.4,91.3,66.0,44.4,34.8,8.8,No,No,Graduate,44.3,Average
STU_11067,7.3,57.8,44.3,76.9,73.1,7.9,Yes,Yes,School,61.2,Good
STU_11068,4.1,88.5,55.4,51.6,38.2,5.1,Yes,Yes,School,49.1,Average
STU_11069,5.7,53.0,67.4,73.3,47.4,8.7,No,Yes,Postgraduate,63.7,Good
STU_11070,4.9,80.6,65.5,83.1,73.9,6.3,No,Yes,Graduate,73.1,Good
STU_11071,6.0,78.3,30.0,89.6,41.9,7.2,Yes,Yes,School,56.2,Average
STU_11072,5.2,62.3,74.5,66.5,56.1,8.5,Yes,Yes,Postgraduate,59.1,Average
STU_11073,2.4,50.0,83.6,60.0,74.2,6.3,Yes,Yes,Postgraduate,55.9,Average
STU_11074,7.0,51.2,56.4,88.7,68.6,7.2,Yes,No,Postgraduate,68.0,Good
STU_11075,4.0,60.3,39.0,91.1,67.7,5.4,Yes,Yes,Graduate,66.5,Good
STU_11076,1.9,94.6,53.5,79.6,74.7,6.8,Yes,Yes,School,65.5,Good
STU_11077,4.1,78.7,53.1,60.3,82.9,5.6,No,Yes,School,73.6,Good
STU_11078,8.0,67.1,83.0,51.6,42.2,7.6,No,Yes,Graduate,56.6,Average
STU_11079,6.7,89.8,,,67.3,5.3,Yes,No,Graduate,70.1,Good
STU_11080,4.3,80.7,59.6,69.1,77.4,6.9,No,Yes,School,74.7,Good
STU_11081,4.3,64.0,90.2,87.4,74.3,6.3,Yes,Yes,Graduate,76.2,Good
STU_11082,4.4,63.9,67.4,60.7,59.5,6.1,Yes,Yes,Graduate,55.7,Average
STU_11083,9.2,67.3,67.9,85.5,58.5,8.3,No,No,Graduate,56.6,Average
STU_11084,5.8,79.3,63.5,89.7,75.2,5.7,No,Yes,Graduate,72.3,Good
STU_11085,5.9,50.0,79.7,66.6,65.4,6.3,Yes,Yes,School,65.4,Good
STU_11086,7.1,86.9,71.1,74.3,79.5,7.2,Yes,Yes,Graduate,74.8,Good
STU_11087,5.5,79.3,92.8,53.7,63.8,7.8,No,Yes,Graduate,73.3,Good
STU_11088,4.5,71.8,94.4,54.1,56.0,4.8,No,No,School,74.4,Good
STU_11089,4.6,65.4,69.7,74.4,33.8,6.8,Yes,Yes,Postgraduate,54.2,Average
STU_11090,4.9,69.4,64.4,62.4,58.3,7.9,Yes,Yes,School,57.2,Average
STU_11091,4.9,66.7,67.5,73.4,42.3,9.0,No,Yes,Graduate,61.0,Good
STU_11092,6.5,60.9,56.5,72.3,32.7,7.0,Yes,Yes,Graduate,63.7,Good
STU_11093,5.1,50.0,67.0,79.1,48.2,5.3,Yes,Yes,Graduate,61.3,Good
STU_11094,6.5,90.1,43.4,77.4,73.2,7.0,Yes,Yes,Graduate,73.6,Good
STU_11095,4.8,79.6,54.3,82.9,58.1,6.4,No,Yes,Graduate,56.3,Average
STU_11096,5.2,77.8,76.8,73.2,64.9,7.4,Yes,No,Graduate,70.8,Good
STU_11097,1.0,85.6,73.1,74.3,72.8,9.2,No,No,Postgraduate,66.6,Good
STU_11098,6.8,67.3,63.1,70.0,61.4,5.6,Yes,Yes,Postgraduate,79.4,Good
STU_11099,5.7,71.9,71.3,84.7,51.0,8.3,No,Yes,Postgraduate,77.1,Good
STU_11100,7.0,51.5,,95.8,54.9,8.1,Yes,Yes,Graduate,78.1,Good
STU_11101,1.0,57.1,,80.5,74.4,7.8,Yes,Yes,Graduate,58.0,Average
STU_11102,9.2,75.9,43.5,77.0,61.6,7.3,No,Yes,School,52.9,Average
STU_11103,4.7,83.4,74.4,67.0,30.0,9.5,,Yes,School,54.0,Average
STU_11104,7.2,55.3,73.0,73.4,56.3,8.5,No,Yes,School,80.6,Excellent
STU_11105,2.9,99.1,76.4,64.5,70.5,6.3,Yes,Yes,Graduate,59.6,Average
STU_11106,6.2,94.4,47.0,61.4,64.9,,No,No,Graduate,56.8,Average
STU_11107,2.9,62.9,42.5,67.3,45.7,5.7,No,Yes,School,50.3,Average
STU_11108,3.8,84.0,69.0,95.1,50.1,8.7,No,Yes,Postgraduate,77.7,Good
STU_11109,8.8,75.3,67.9,68.8,30.8,7.1,No,Yes,Graduate,56.8,Average
STU_11110,4.6,58.4,59.6,92.7,70.8,4.7,No,Yes,School,69.8,Good
STU_11111,5.4,59.9,86.7,56.4,71.9,4.1,Yes,Yes,School,64.8,Good
STU_11112,6.7,80.7,64.9,71.9,59.9,6.3,No,Yes,School,60.0,Good
STU_11113,6.0,80.3,83.5,80.1,56.4,6.0,Yes,Yes,School,69.5,Good
STU_11114,5.3,59.9,78.2,80.8,44.7,6.5,No,No,Postgraduate,65.2,Good
STU_11115,5.7,75.2,48.7,54.8,67.3,6.8,No,Yes,Graduate,53.6,Average
STU_11116,9.8,90.5,51.7,53.0,35.7,8.6,No,Yes,School,67.0,Good
STU_11117,4.9,69.8,45.8,78.7,74.4,8.7,No,Yes,School,73.0,Good
STU_11118,5.4,74.2,71.5,62.3,71.3,9.7,,Yes,Graduate,65.3,Good
STU_11119,7.1,67.1,66.5,78.9,80.7,9.1,No,Yes,Postgraduate,81.9,Excellent
STU_11120,7.2,83.8,85.3,90.1,62.8,7.8,No,Yes,Graduate,70.5,Good
STU_11121,7.4,65.5,73.9,60.8,53.7,5.3,Yes,Yes,Graduate,66.9,Good
STU_11122,6.3,50.0,45.5,62.7,68.9,8.0,No,No,Postgraduate,65.6,Good
STU_11123,2.7,93.3,58.1,41.6,,5.1,Yes,Yes,Graduate,65.4,Good
STU_11124,8.3,55.9,33.3,81.2,43.5,7.4,No,Yes,Postgraduate,61.2,Good
STU_11125,2.7,50.0,69.4,99.8,60.9,5.2,Yes,No,School,71.6,Good
STU_11126,5.6,79.2,100.0,,66.2,9.3,Yes,Yes,Graduate,71.3,Good
STU_11127,3.5,51.1,67.0,87.4,69.7,7.5,,Yes,School,66.4,Good
STU_11128,4.9,90.8,68.0,88.7,56.4,6.8,Yes,Yes,Graduate,72.3,Good
STU_11129,5.7,66.3,64.7,81.0,72.1,6.5,No,Yes,Graduate,73.2,Good
STU_11130,5.6,91.3,70.3,61.5,46.6,7.0,Yes,Yes,Graduate,69.4,Good
STU_11131,5.8,50.0,,66.6,94.3,6.1,Yes,Yes,School,63.5,Good
STU_11132,8.2,69.6,74.3,77.7,52.0,6.6,No,Yes,Graduate,75.6,Good
STU_11133,5.9,85.2,53.4,77.3,,4.6,No,Yes,Graduate,60.7,Good
STU_11134,4.5,76.5,54.0,66.5,53.2,5.9,No,Yes,Postgraduate,66.5,Good
STU_11135,6.9,52.0,45.6,76.4,63.6,5.6,Yes,Yes,Graduate,75.0,Good
STU_11136,7.4,78.9,64.5,64.9,44.7,7.6,No,Yes,Graduate,61.7,Good
STU_11137,2.5,88.0,48.4,68.4,79.2,7.0,Yes,Yes,Graduate,59.2,Average
STU_11138,6.2,57.2,86.8,,48.9,8.0,No,Yes,School,76.4,Good
STU_11139,6.4,66.1,58.5,85.3,63.3,6.5,No,Yes,Graduate,68.4,Good
STU_11140,4.4,54.3,35.5,50.0,61.0,7.1,No,Yes,Graduate,43.4,Average
STU_11141,7.8,81.2,48.0,79.1,50.8,4.6,No,Yes,Graduate,59.5,Average
STU_11142,4.7,78.7,67.0,75.0,30.0,8.1,No,No,Postgraduate,54.0,Average
STU_11143,5.3,75.9,74.8,40.0,79.0,8.5,No,Yes,Graduate,74.8,Good
STU_11144,4.7,78.1,70.3,82.2,64.3,7.8,No,Yes,School,62.8,Good
STU_11145,5.0,69.2,52.7,83.9,34.2,5.9,Yes,Yes,Graduate,45.3,Average
STU_11146,,64.4,56.4,64.3,31.4,7.7,Yes,Yes,School,50.6,Average
STU_11147,2.1,78.2,54.7,76.8,56.8,7.2,Yes,No,Graduate,60.8,Good
STU_11148,8.2,60.8,73.5,73.7,60.7,4.6,No,Yes,School,73.3,Good
STU_11149,3.3,,66.7,100.0,58.6,8.5,No,Yes,Graduate,54.2,Average
STU_11150,3.0,88.1,58.3,77.0,85.1,5.7,No,Yes,Graduate,68.4,Good
STU_11151,1.0,78.6,55.1,71.5,35.3,7.7,No,Yes,School,47.6,Average
STU_11152,3.7,73.1,57.2,85.3,65.4,7.0,No,No,Graduate,66.3,Good
STU_11153,2.4,50.0,65.1,92.5,72.3,8.6,Yes,Yes,School,55.2,Average
STU_11154,8.3,50.0,85.1,99.0,72.0,6.0,,Yes,Postgraduate,85.4,Excellent
STU_11155,7.0,74.0,67.8,61.6,76.3,6.4,Yes,Yes,Postgraduate,75.4,Good
STU_11156,3.6,67.6,60.0,76.0,63.9,7.8,Yes,Yes,Graduate,72.1,Good
STU_11157,9.5,89.2,58.8,61.3,65.9,6.3,Yes,Yes,Graduate,75.3,Good
STU_11158,7.0,90.0,90.5,100.0,56.7,8.7,No,Yes,Graduate,86.1,Excellent
STU_11159,4.4,96.8,77.4,70.7,37.8,6.1,Yes,Yes,Graduate,58.3,Average
STU_11160,1.0,92.8,79.7,83.4,67.3,7.7,Yes,Yes,,69.0,Good
STU_11161,9.6,76.1,76.2,67.7,55.6,7.0,No,Yes,Graduate,81.6,Excellent
STU_11162,2.2,79.3,64.3,77.0,50.1,6.2,No,Yes,Graduate,57.3,Average
STU_11163,1.7,71.5,83.0,44.7,68.0,8.6,No,Yes,Postgraduate,68.2,Good
STU_11164,7.0,95.0,43.0,84.6,69.4,5.7,Yes,Yes,Postgraduate,67.1,Good
STU_11165,,79.0,88.3,88.2,50.7,7.6,No,Yes,School,77.6,Good
STU_11166,7.8,63.1,76.1,61.7,66.0,4.0,No,Yes,Graduate,60.6,Good
STU_11167,6.1,94.1,,44.7,60.7,7.4,Yes,No,Graduate,65.0,Good
STU_11168,6.2,85.1,53.6,90.8,65.0,8.5,No,Yes,Postgraduate,67.7,Good
STU_11169,6.7,88.4,79.0,89.0,82.1,6.8,Yes,Yes,Graduate,90.5,Excellent
STU_11170,6.5,57.8,82.2,81.1,69.1,7.3,No,No,Graduate,85.1,Excellent
STU_11171,5.6,69.7,54.4,67.4,67.9,9.0,No,Yes,Graduate,54.8,Average
STU_11172,5.2,82.6,54.9,66.1,47.8,8.3,Yes,Yes,Graduate,54.6,Average
STU_11173,4.9,50.0,49.5,88.7,50.1,4.3,Yes,Yes,Postgraduate,68.1,Good
STU_11174,3.5,61.6,73.2,65.5,69.7,6.3,Yes,Yes,School,60.7,Good
STU_11175,4.4,81.4,63.5,72.2,36.6,6.7,No,Yes,School,57.3,Average
STU_11176,1.6,54.7,96.8,69.9,56.3,7.4,Yes,No,Graduate,74.0,Good
STU_11177,4.8,84.8,42.0,74.6,49.8,6.9,Yes,,School,68.0,Good
STU_11178,3.0,86.1,51.9,68.5,59.7,6.4,Yes,Yes,Graduate,53.4,Average
STU_11179,2.8,83.1,65.2,70.1,58.5,6.3,Yes,Yes,School,74.1,Good
STU_11180,5.4,83.5,75.0,95.1,64.1,5.3,No,Yes,Graduate,79.1,Good
STU_11181,7.8,73.6,,77.3,69.4,5.8,No,Yes,School,79.9,Good
STU_11182,6.8,85.5,66.3,75.4,,8.0,Yes,Yes,School,71.2,Good
STU_11183,1.9,50.0,,81.5,78.7,5.7,Yes,Yes,Graduate,63.2,Good
STU_11184,3.0,,66.8,54.3,58.2,6.0,No,Yes,Postgraduate,50.3,Average
STU_11185,6.9,64.2,80.7,84.2,52.5,5.3,No,Yes,Graduate,64.2,Good
STU_11186,3.0,52.6,56.7,74.2,49.4,7.5,Yes,Yes,School,60.6,Good
STU_11187,4.6,50.0,58.4,61.4,56.8,8.2,,Yes,Graduate,62.8,Good
STU_11188,6.1,50.0,75.3,68.7,46.2,8.4,Yes,Yes,Postgraduate,71.6,Good
STU_11189,3.1,50.0,88.6,77.5,69.5,6.5,Yes,Yes,Graduate,72.7,Good
STU_11190,5.2,77.2,55.5,71.2,78.4,6.9,No,Yes,Graduate,68.3,Good
STU_11191,2.3,71.1,68.6,,37.6,7.0,Yes,Yes,Postgraduate,58.2,Average
STU_11192,3.8,90.4,59.3,59.5,62.2,6.5,Yes,Yes,School,60.4,Good
STU_11193,5.6,73.6,73.3,54.2,86.9,7.4,No,Yes,Graduate,77.4,Good
STU_11194,1.8,85.6,40.4,59.3,38.3,8.4,No,Yes,School,51.8,Average
STU_11195,5.9,61.9,59.8,64.3,85.6,8.2,Yes,No,Postgraduate,72.3,Good
STU_11196,5.0,85.3,56.4,71.9,48.2,6.8,Yes,Yes,School,56.1,Average
STU_11197,6.1,73.9,59.9,65.4,52.3,6.4,No,Yes,Postgraduate,61.4,Good
STU_11198,5.4,62.6,30.0,53.4,71.9,5.6,No,No,Graduate,45.3,Average
STU_11199,7.7,85.5,95.4,51.1,70.1,4.9,No,Yes,School,72.8,Good
STU_11200,5.3,65.3,30.0,52.1,60.3,7.7,Yes,,Graduate,42.4,Average
STU_11201,4.1,84.3,72.1,66.0,49.8,7.0,Yes,Yes,Postgraduate,64.5,Good
STU_11202,5.2,55.9,45.6,58.6,42.1,7.0,Yes,Yes,School,48.3,Average
STU_11203,6.1,95.1,46.3,64.6,60.8,9.9,Yes,Yes,Postgraduate,67.2,Good
STU_11204,5.1,50.0,67.1,88.6,58.6,8.9,Yes,No,Graduate,62.3,Good
STU_11205,5.1,56.8,75.4,53.6,49.3,7.1,No,Yes,School,63.4,Good
STU_11206,3.6,62.2,48.9,74.2,57.9,7.3,No,Yes,School,47.1,Average
STU_11207,3.7,50.0,,53.4,66.0,5.7,No,Yes,Postgraduate,46.7,Average
STU_11208,2.2,88.0,45.6,51.3,79.1,7.8,No,Yes,Postgraduate,58.9,Average
STU_11209,8.5,59.9,68.2,75.2,65.1,7.3,No,Yes,Postgraduate,75.5,Good
STU_11210,2.5,50.0,49.3,,59.2,5.9,No,Yes,Graduate,54.3,Average
STU_11211,3.6,50.0,84.3,81.0,48.8,7.3,No,Yes,Postgraduate,64.7,Good
STU_11212,3.6,64.7,47.7,85.6,50.1,8.3,Yes,Yes,Graduate,61.1,Good
STU_11213,6.8,,73.1,67.5,65.5,9.5,Yes,No,School,73.7,Good
STU_11214,4.4,84.1,88.2,73.8,66.3,5.2,No,Yes,Graduate,70.6,Good
STU_11215,7.5,58.7,66.0,64.6,58.4,5.6,No,Yes,Postgraduate,68.7,Good
STU_11216,3.7,,38.1,88.1,76.5,6.9,No,Yes,Graduate,69.8,Good
STU_11217,5.6,86.0,71.0,57.2,62.9,7.3,No,Yes,Graduate,59.0,Average
STU_11218,3.3,83.3,61.3,77.0,54.2,9.0,No,,Graduate,70.9,Good
STU_11219,9.3,76.6,64.4,55.1,51.5,8.5,No,Yes,Graduate,74.4,Good
STU_11220,2.6,78.2,88.8,71.5,50.4,4.5,No,Yes,School,58.9,Average
STU_11221,5.6,74.5,65.8,47.5,69.7,6.5,No,Yes,School,66.0,Good
STU_11222,6.3,74.2,72.7,73.2,52.1,5.2,No,Yes,School,56.8,Average
STU_11223,5.8,89.4,55.1,97.6,63.7,5.4,Yes,Yes,School,73.5,Good
STU_11224,4.6,95.4,60.8,62.2,48.4,7.7,No,Yes,Graduate,69.8,Good
STU_11225,4.7,81.3,81.8,66.6,59.3,7.2,No,Yes,School,61.3,Good
STU_11226,5.1,61.8,67.0,82.1,61.1,9.0,No,Yes,Graduate,63.5,Good
STU_11227,4.7,75.0,,70.6,99.8,5.3,Yes,Yes,Graduate,79.4,Good
STU_11228,,58.0,80.0,87.1,41.1,7.0,No,Yes,Graduate,67.0,Good
STU_11229,9.4,63.5,89.5,75.5,74.9,6.4,Yes,Yes,School,82.9,Excellent
STU_11230,3.9,79.1,47.7,82.3,49.7,8.9,No,Yes,Graduate,75.0,Good
STU_11231,2.3,77.4,57.6,42.3,83.6,5.9,No,Yes,Graduate,57.4,Average
STU_11232,4.8,92.0,86.9,,50.8,7.3,Yes,Yes,,62.5,Good
STU_11233,,90.1,94.9,54.5,78.6,5.3,No,Yes,Graduate,79.2,Good
STU_11234,3.4,95.0,61.1,64.5,65.5,8.7,No,No,Graduate,63.9,Good
STU_11235,8.3,64.1,69.1,76.0,40.7,9.2,No,Yes,School,58.1,Average
STU_11236,8.4,78.0,70.3,66.8,65.2,6.2,No,No,Graduate,66.6,Good
STU_11237,3.9,90.7,68.5,59.0,70.2,6.0,No,No,,70.0,Good
STU_11238,6.1,87.8,68.7,87.6,71.4,7.3,No,Yes,Graduate,85.6,Excellent
STU_11239,8.3,81.9,85.5,84.1,58.2,6.0,No,No,Graduate,74.0,Good
STU_11240,4.2,59.2,38.0,50.8,100.0,8.4,No,Yes,Graduate,60.3,Good
STU_11241,4.6,82.7,55.2,80.7,93.1,7.5,Yes,Yes,Graduate,67.9,Good
STU_11242,3.8,60.3,74.6,72.4,67.4,8.5,No,Yes,Graduate,68.9,Good
STU_11243,3.0,85.7,57.6,73.3,40.9,5.7,Yes,Yes,Graduate,73.1,Good
STU_11244,3.7,67.1,69.3,91.8,46.0,5.3,No,Yes,Graduate,62.1,Good
STU_11245,2.6,50.0,81.3,72.2,57.7,7.4,No,No,Postgraduate,60.9,Good
STU_11246,5.1,84.5,89.0,80.0,60.5,9.0,No,Yes,School,76.7,Good
STU_11247,3.5,54.4,69.2,73.0,48.8,5.9,Yes,Yes,Graduate,58.6,Average
STU_11248,5.5,95.2,87.3,73.1,53.3,7.6,No,No,Graduate,68.3,Good
STU_11249,1.9,65.9,67.1,57.0,30.2,6.2,No,Yes,Postgraduate,60.0,Good
STU_11250,5.7,72.6,60.4,100.0,30.0,8.3,Yes,Yes,Graduate,57.7,Average
STU_11251,6.7,88.3,41.9,40.0,62.2,5.9,No,Yes,Graduate,51.4,Average
STU_11252,1.0,58.3,50.0,59.8,87.5,7.3,No,Yes,School,61.4,Good
STU_11253,5.7,50.0,65.1,63.2,37.2,,No,Yes,Graduate,56.4,Average
STU_11254,7.5,81.8,65.4,82.7,58.6,5.4,No,Yes,Graduate,65.4,Good
STU_11255,2.6,81.1,68.4,50.2,61.7,7.7,No,Yes,Postgraduate,63.2,Good
STU_11256,8.3,50.0,92.5,67.5,68.0,6.6,No,Yes,School,72.7,Good
STU_11257,5.8,73.6,76.3,81.0,53.8,8.0,No,Yes,School,69.8,Good
STU_11258,3.6,59.0,77.1,52.9,44.4,7.4,Yes,Yes,Graduate,57.4,Average
STU_11259,4.9,76.1,92.4,68.1,72.3,6.5,No,Yes,Graduate,66.0,Good
STU_11260,6.1,90.0,59.7,67.6,30.7,6.9,No,Yes,School,64.4,Good
STU_11261,5.2,78.9,57.4,61.6,68.1,4.8,No,Yes,School,72.7,Good
STU_11262,6.1,87.5,83.3,70.5,49.1,8.0,No,Yes,Postgraduate,66.6,Good
STU_11263,3.2,68.1,72.3,64.0,65.9,9.3,Yes,Yes,Graduate,75.9,Good
STU_11264,5.3,50.5,64.3,83.5,80.6,6.3,No,Yes,School,68.9,Good
STU_11265,2.2,68.9,64.1,77.4,51.0,7.0,Yes,Yes,School,41.5,Average
STU_11266,4.8,84.1,62.4,67.4,56.1,8.9,No,Yes,School,65.5,Good
STU_11267,3.2,68.7,63.5,70.9,55.3,4.8,No,Yes,Graduate,47.0,Average
STU_11268,3.5,63.9,65.0,64.6,98.5,7.6,Yes,No,Postgraduate,68.9,Good
STU_11269,7.5,50.0,60.5,88.7,60.0,9.0,No,No,Postgraduate,73.6,Good
STU_11270,7.2,60.0,73.3,76.3,59.2,6.2,No,Yes,Graduate,73.1,Good
STU_11271,6.2,50.0,76.2,68.0,60.6,6.3,No,,Graduate,62.9,Good
STU_11272,2.8,,56.5,76.1,83.6,8.6,Yes,Yes,Graduate,74.8,Good
STU_11273,4.4,92.7,78.5,96.4,51.8,5.7,No,Yes,Graduate,78.1,Good
STU_11274,7.4,83.4,45.9,60.4,74.7,,Yes,Yes,Graduate,65.1,Good
STU_11275,5.3,62.0,72.6,82.4,49.9,7.5,No,Yes,School,63.1,Good
STU_11276,9.6,86.7,73.3,75.8,48.7,8.4,No,Yes,School,74.0,Good
STU_11277,5.8,89.0,63.7,67.0,67.9,6.8,No,Yes,Graduate,62.2,Good
STU_11278,5.4,67.8,65.9,59.8,81.4,8.8,No,Yes,Postgraduate,66.0,Good
STU_11279,4.4,69.2,61.5,82.0,55.9,6.5,No,Yes,Graduate,70.4,Good
STU_11280,5.3,67.2,57.4,74.1,55.8,5.2,Yes,Yes,School,76.4,Good
STU_11281,4.7,66.7,65.0,90.2,72.2,5.2,No,Yes,,73.0,Good
STU_11282,6.4,56.3,56.8,86.4,61.8,5.7,No,Yes,Graduate,68.7,Good
STU_11283,6.9,73.5,82.1,74.2,72.9,7.8,No,Yes,Graduate,87.7,Excellent
STU_11284,3.4,67.0,33.5,59.9,36.0,6.1,Yes,Yes,Postgraduate,43.6,Average
STU_11285,2.3,79.8,63.0,98.8,45.4,7.0,Yes,Yes,Graduate,65.5,Good
STU_11286,1.3,77.2,36.5,61.3,61.0,7.1,No,Yes,Postgraduate,58.1,Average
STU_11287,6.0,66.9,49.0,81.6,69.2,6.1,Yes,No,Graduate,61.1,Good
STU_11288,2.8,68.0,56.3,45.2,59.9,7.2,No,Yes,Postgraduate,46.1,Average
STU_11289,1.0,80.8,85.1,92.0,63.3,8.1,No,Yes,Graduate,75.5,Good
STU_11290,5.8,58.5,82.3,41.5,71.7,7.0,Yes,Yes,School,72.3,Good
STU_11291,10.0,89.5,66.1,65.6,42.1,8.1,No,Yes,Graduate,74.7,Good
STU_11292,5.0,81.6,66.0,55.1,71.7,6.5,No,Yes,Graduate,71.4,Good
STU_11293,6.7,83.4,80.6,89.5,78.8,7.3,Yes,Yes,Graduate,83.5,Excellent
STU_11294,5.2,95.2,82.0,59.6,56.5,7.1,Yes,Yes,Graduate,71.5,Good
STU_11295,4.8,78.3,56.4,77.4,48.2,8.3,Yes,No,Graduate,63.1,Good
STU_11296,6.8,72.9,75.1,73.7,76.2,7.5,Yes,Yes,School,82.1,Excellent
STU_11297,4.4,50.4,50.7,49.8,89.5,6.2,No,No,Graduate,61.4,Good
STU_11298,5.5,78.3,59.2,84.4,64.4,7.6,No,Yes,Graduate,69.8,Good
STU_11299,5.6,85.9,73.9,69.8,47.9,5.9,Yes,Yes,School,68.4,Good
STU_11300,3.7,74.2,55.1,91.1,61.9,7.5,No,Yes,Graduate,68.5,Good
STU_11301,7.0,71.1,59.7,78.6,48.7,7.0,No,Yes,School,57.8,Average
STU_11302,4.7,62.7,40.1,59.4,73.5,7.2,No,Yes,Postgraduate,68.7,Good
STU_11303,3.5,93.9,71.8,67.2,61.2,7.0,No,No,Graduate,60.6,Good
STU_11304,6.1,83.6,51.8,66.8,47.2,6.3,Yes,Yes,School,61.1,Good
STU_11305,3.2,75.6,52.7,80.9,65.2,6.1,Yes,No,Graduate,56.9,Average
STU_11306,5.1,53.0,85.3,80.4,51.5,8.3,Yes,Yes,Graduate,69.1,Good
STU_11307,5.0,88.5,54.7,60.6,41.0,9.3,No,Yes,School,59.9,Average
STU_11308,7.2,66.5,76.3,83.3,74.1,7.3,No,No,Postgraduate,78.4,Good
STU_11309,5.9,52.3,81.5,75.7,66.8,7.0,No,No,Graduate,66.3,Good
STU_11310,,80.7,78.8,79.4,54.5,5.5,No,No,School,61.9,Good
STU_11311,6.6,70.6,61.3,77.2,82.4,4.9,Yes,Yes,Graduate,76.1,Good
STU_11312,7.8,80.0,58.6,,50.1,5.1,,No,School,71.0,Good
STU_11313,6.1,80.2,51.3,56.9,55.0,7.6,Yes,Yes,Postgraduate,72.1,Good
STU_11314,5.0,80.1,38.6,72.7,68.0,4.9,No,Yes,Graduate,73.5,Good
STU_11315,2.4,81.5,76.6,84.1,76.0,7.8,Yes,Yes,Graduate,69.5,Good
STU_11316,2.9,95.3,75.2,85.6,68.3,5.7,Yes,Yes,Graduate,68.7,Good
STU_11317,4.4,83.6,72.2,,53.0,7.2,Yes,Yes,School,68.0,Good
STU_11318,3.8,75.8,30.0,57.6,58.2,6.5,No,Yes,Graduate,50.9,Average
STU_11319,4.6,87.7,62.3,99.1,51.7,5.7,No,Yes,School,58.8,Average
STU_11320,5.1,67.4,74.4,94.7,56.7,5.3,Yes,Yes,,77.5,Good
STU_11321,6.1,74.4,84.3,57.9,57.9,4.9,Yes,Yes,School,63.8,Good
STU_11322,4.9,93.3,69.5,65.8,68.7,5.7,Yes,Yes,School,65.4,Good
STU_11323,6.0,60.5,67.9,79.6,51.0,9.7,Yes,Yes,Graduate,70.7,Good
STU_11324,5.1,50.9,54.8,59.9,77.3,8.6,Yes,No,Postgraduate,57.2,Average
STU_11325,1.0,60.8,70.7,78.1,61.6,7.2,No,Yes,Graduate,60.1,Good
STU_11326,3.1,74.7,61.4,73.0,48.3,6.6,No,Yes,School,62.2,Good
STU_11327,4.7,70.5,54.1,88.0,68.2,6.3,No,Yes,Graduate,67.6,Good
STU_11328,2.6,,47.6,76.0,60.1,7.1,Yes,No,Graduate,62.6,Good
STU_11329,6.2,65.3,50.8,41.6,54.6,6.3,No,Yes,Graduate,61.5,Good
STU_11330,8.1,77.3,69.9,82.1,84.7,6.3,Yes,No,Graduate,79.0,Good
STU_11331,7.4,76.4,44.2,87.2,57.0,7.6,Yes,Yes,Graduate,48.3,Average
STU_11332,4.6,84.1,,69.1,54.7,5.8,Yes,Yes,Graduate,71.8,Good
STU_11333,8.0,87.4,84.6,72.1,77.4,4.0,No,No,School,76.4,Good
STU_11334,5.3,72.4,43.5,72.1,70.1,6.3,No,,Postgraduate,69.3,Good
STU_11335,4.3,53.3,71.7,61.8,74.1,8.7,No,Yes,Graduate,74.5,Good
STU_11336,3.8,86.7,73.2,100.0,53.0,5.0,Yes,Yes,Graduate,61.2,Good
STU_11337,4.4,71.5,60.6,59.0,65.5,5.5,No,No,School,58.4,Average
STU_11338,4.2,50.0,74.3,83.0,39.8,6.2,No,Yes,Graduate,70.7,Good
STU_11339,5.3,90.4,62.2,82.9,31.3,5.1,Yes,No,School,58.5,Average
STU_11340,5.3,74.8,76.9,63.6,52.5,8.8,Yes,Yes,Graduate,73.6,Good
STU_11341,5.0,90.0,49.0,56.9,62.8,7.1,No,Yes,Graduate,54.5,Average
STU_11342,5.9,76.7,93.3,68.5,100.0,4.9,No,Yes,School,84.6,Excellent
STU_11343,7.4,50.0,86.6,79.8,82.0,6.8,No,Yes,Postgraduate,73.4,Good
STU_11344,6.9,52.2,31.6,74.3,44.5,7.0,No,Yes,School,58.6,Average
STU_11345,2.0,77.5,82.6,95.4,76.0,6.7,No,Yes,Graduate,71.9,Good
STU_11346,1.0,71.6,56.3,61.8,40.5,6.8,No,Yes,School,57.5,Average
STU_11347,6.9,83.7,86.5,62.1,86.5,6.8,No,Yes,Graduate,88.4,Excellent
STU_11348,2.3,73.8,80.1,82.3,53.9,7.4,Yes,Yes,School,62.5,Good
STU_11349,4.6,76.1,48.7,46.6,52.8,7.4,No,Yes,Graduate,64.6,Good
STU_11350,2.7,93.3,73.6,62.1,78.3,5.2,Yes,No,School,63.1,Good
STU_11351,1.4,63.4,54.5,68.2,53.1,7.1,Yes,No,Postgraduate,59.3,Average
STU_11352,6.1,52.9,73.1,69.8,90.0,7.2,Yes,Yes,Graduate,75.8,Good
STU_11353,6.5,88.4,65.7,62.9,52.9,6.3,No,Yes,School,61.9,Good
STU_11354,3.8,58.4,54.1,44.5,76.2,9.0,Yes,Yes,Graduate,65.1,Good
STU_11355,1.0,50.0,44.9,89.8,63.9,,No,Yes,Graduate,53.8,Average
STU_11356,3.9,69.1,68.5,89.1,72.9,7.6,No,Yes,Postgraduate,69.4,Good
STU_11357,5.8,71.8,72.0,46.7,45.9,6.5,No,No,Graduate,57.9,Average
STU_11358,2.0,87.4,62.6,79.4,32.7,6.6,Yes,No,Graduate,61.5,Good
STU_11359,5.4,63.9,53.4,68.1,47.0,7.4,No,Yes,Graduate,60.0,Good
STU_11360,5.0,50.0,,77.8,55.5,5.3,No,No,Postgraduate,58.6,Average
STU_11361,6.2,94.2,,73.9,58.8,7.9,Yes,Yes,Graduate,64.2,Good
STU_11362,5.2,51.7,76.0,49.6,54.3,5.5,Yes,Yes,Graduate,60.6,Good
STU_11363,3.1,80.9,32.6,81.2,30.0,8.1,No,Yes,Graduate,53.4,Average
STU_11364,7.4,89.5,79.3,62.3,51.8,6.7,Yes,Yes,Postgraduate,67.0,Good
STU_11365,4.7,76.3,63.9,40.0,62.6,9.5,Yes,Yes,Postgraduate,59.2,Average
STU_11366,4.9,79.0,72.8,72.8,58.1,8.2,No,No,Postgraduate,72.3,Good
STU_11367,3.1,84.3,74.3,48.1,56.0,8.2,No,Yes,,55.9,Average
STU_11368,4.1,72.4,66.8,86.0,54.6,7.2,No,Yes,School,61.3,Good
STU_11369,3.2,,59.1,65.9,62.9,8.2,Yes,Yes,School,63.1,Good
STU_11370,4.7,91.2,81.6,71.1,45.2,7.9,Yes,No,Postgraduate,63.7,Good
STU_11371,8.4,74.7,39.3,77.3,58.1,4.7,Yes,No,Postgraduate,62.8,Good
STU_11372,2.3,93.7,84.5,71.5,55.5,6.0,No,Yes,Graduate,67.9,Good
STU_11373,1.8,81.5,48.2,61.7,42.0,5.9,No,No,School,51.5,Average
STU_11374,7.9,66.1,60.1,85.8,59.1,6.1,Yes,Yes,Graduate,67.4,Good
STU_11375,4.6,68.8,86.5,68.5,30.2,6.7,No,Yes,Graduate,56.9,Average
STU_11376,3.7,65.8,98.4,,51.1,7.6,No,Yes,School,71.1,Good
STU_11377,7.1,89.4,67.7,75.0,67.4,8.4,Yes,Yes,Graduate,71.6,Good
STU_11378,3.8,69.7,44.7,68.9,68.6,7.7,,Yes,Graduate,55.7,Average
STU_11379,8.7,,77.8,69.7,62.2,8.5,Yes,Yes,School,63.6,Good
STU_11380,6.4,,64.4,71.8,65.6,5.7,No,Yes,Postgraduate,74.5,Good
STU_11381,4.0,82.5,49.1,70.8,71.9,6.4,No,Yes,School,70.5,Good
STU_11382,9.3,79.3,68.3,90.4,63.7,6.7,No,No,Postgraduate,77.5,Good
STU_11383,3.8,,45.4,58.8,80.8,6.2,Yes,Yes,Graduate,62.2,Good
STU_11384,6.5,84.6,67.9,40.9,30.0,5.7,Yes,Yes,School,55.8,Average
STU_11385,5.6,75.7,51.2,70.0,75.2,7.5,Yes,No,Postgraduate,61.4,Good
STU_11386,7.6,77.9,35.5,81.6,,6.2,,No,Graduate,60.2,Good
STU_11387,8.1,62.9,40.1,48.1,52.0,8.0,No,Yes,Postgraduate,66.3,Good
STU_11388,5.1,74.5,,75.1,73.7,5.5,No,Yes,Graduate,67.4,Good
STU_11389,3.5,50.0,72.5,50.3,71.9,8.0,No,Yes,Graduate,66.2,Good
STU_11390,5.9,53.8,83.8,81.8,46.5,7.3,Yes,Yes,Postgraduate,66.2,Good
STU_11391,3.6,93.3,86.4,70.2,61.2,7.3,No,Yes,School,63.7,Good
STU_11392,9.0,56.9,42.3,57.7,52.5,7.3,Yes,Yes,School,62.6,Good
STU_11393,5.3,64.1,61.6,47.6,75.6,6.9,No,Yes,School,71.1,Good
STU_11394,4.3,86.3,55.8,100.0,60.8,6.9,Yes,Yes,Postgraduate,68.8,Good
STU_11395,5.4,75.4,63.4,100.0,51.6,6.7,No,Yes,Graduate,68.5,Good
STU_11396,2.3,84.4,86.2,54.9,68.1,7.4,Yes,Yes,School,69.9,Good
STU_11397,3.1,95.3,67.4,54.6,71.3,,Yes,Yes,School,62.5,Good
STU_11398,7.4,76.2,78.0,71.1,58.9,6.5,No,No,Graduate,73.2,Good
STU_11399,3.7,59.4,98.2,64.6,72.5,8.7,No,No,Postgraduate,66.6,Good
STU_11400,2.9,61.7,41.5,65.4,87.0,6.6,No,Yes,Postgraduate,65.0,Good
STU_11401,6.1,50.0,57.9,74.0,30.0,6.2,Yes,Yes,Postgraduate,57.6,Average
STU_11402,7.4,79.1,73.6,96.8,81.3,6.8,Yes,Yes,Graduate,74.2,Good
STU_11403,6.4,60.5,69.0,89.1,84.9,6.1,Yes,Yes,School,70.8,Good
STU_11404,7.0,79.6,80.7,65.5,69.2,7.6,No,Yes,Graduate,76.4,Good
STU_11405,3.5,50.0,59.2,80.1,57.0,6.8,Yes,Yes,Graduate,70.2,Good
STU_11406,2.2,69.0,68.1,44.1,37.1,7.9,No,Yes,Graduate,42.9,Average
STU_11407,8.0,84.4,53.7,71.9,62.7,6.9,No,Yes,Graduate,75.3,Good
STU_11408,4.4,,81.0,66.7,55.6,6.9,No,Yes,Graduate,71.3,Good
STU_11409,4.5,73.1,65.6,83.5,39.7,6.5,,Yes,School,66.5,Good
STU_11410,7.7,77.8,86.1,78.7,51.5,8.0,No,Yes,Postgraduate,75.5,Good
STU_11411,6.1,88.1,86.2,74.3,61.4,6.7,Yes,Yes,Graduate,80.2,Excellent
STU_11412,5.9,54.3,45.8,76.4,66.3,7.3,Yes,Yes,Graduate,75.5,Good
STU_11413,9.3,76.7,88.5,63.9,45.6,8.3,Yes,Yes,School,74.6,Good
STU_11414,3.7,86.2,79.0,83.5,30.0,6.9,No,Yes,Graduate,57.5,Average
STU_11415,6.9,85.7,62.7,76.4,57.9,6.9,Yes,Yes,Postgraduate,81.3,Excellent
STU_11416,5.1,58.5,,67.7,,6.7,No,Yes,School,65.1,Good
STU_11417,5.5,60.8,57.4,71.4,55.0,7.2,Yes,Yes,School,63.5,Good
STU_11418,8.1,77.5,85.4,81.8,30.0,8.0,No,Yes,School,79.8,Good
STU_11419,6.0,82.8,66.5,83.1,56.9,7.9,No,Yes,Graduate,78.7,Good
STU_11420,6.1,75.4,,65.2,68.0,7.6,No,Yes,Graduate,74.6,Good
STU_11421,7.1,70.4,55.5,57.5,54.9,8.5,Yes,Yes,School,57.0,Average
STU_11422,,71.0,69.2,63.6,63.7,7.1,No,Yes,Graduate,62.6,Good
STU_11423,3.3,71.3,78.3,64.3,57.3,8.7,,Yes,Postgraduate,67.2,Good
STU_11424,2.9,79.5,69.6,71.7,30.5,8.3,Yes,Yes,School,57.1,Average
STU_11425,1.1,86.6,73.4,86.8,63.3,6.2,No,Yes,Graduate,64.1,Good
STU_11426,9.1,76.4,53.6,63.4,49.4,7.9,Yes,Yes,Graduate,65.5,Good
STU_11427,2.8,74.6,69.6,75.4,40.8,4.8,Yes,Yes,Graduate,66.8,Good
STU_11428,4.6,77.8,53.7,67.4,72.9,8.4,Yes,Yes,Graduate,68.2,Good
STU_11429,4.4,75.5,64.7,70.3,66.3,6.9,Yes,Yes,School,63.4,Good
STU_11430,5.6,82.2,57.6,74.2,52.2,6.1,No,Yes,Postgraduate,69.4,Good
STU_11431,6.6,55.3,61.9,86.8,59.5,4.9,Yes,Yes,School,71.2,Good
STU_11432,6.7,58.7,38.7,73.5,64.6,6.8,No,Yes,Graduate,61.4,Good
STU_11433,3.8,50.0,65.4,40.0,34.8,8.5,No,No,,40.7,Average
STU_11434,4.7,52.1,63.4,67.2,43.8,7.3,No,No,Postgraduate,56.6,Average
STU_11435,5.6,86.7,42.3,92.0,44.5,6.5,Yes,No,Graduate,61.7,Good
STU_11436,4.5,80.4,70.1,86.0,70.0,6.8,No,No,Postgraduate,77.0,Good
STU_11437,8.2,50.0,77.4,81.1,87.0,8.6,Yes,No,Postgraduate,77.0,Good
STU_11438,6.0,81.6,69.7,86.5,71.5,7.8,No,No,Graduate,71.6,Good
STU_11439,6.5,60.5,76.8,81.5,63.9,7.0,No,Yes,Postgraduate,83.3,Excellent
STU_11440,6.3,89.4,57.1,86.2,45.6,8.1,Yes,Yes,,66.9,Good
STU_11441,7.3,79.8,61.8,54.4,73.8,8.0,Yes,Yes,School,69.0,Good
STU_11442,5.4,87.3,,69.2,56.2,5.9,No,Yes,School,75.7,Good
STU_11443,2.4,82.4,67.2,72.1,45.8,,Yes,Yes,Postgraduate,57.3,Average
STU_11444,5.8,70.0,30.0,70.8,73.6,8.7,Yes,No,Graduate,68.8,Good
STU_11445,3.7,80.5,51.2,61.9,83.3,7.8,Yes,No,Graduate,62.3,Good
STU_11446,3.9,71.6,80.0,72.0,73.8,9.1,No,Yes,Postgraduate,74.4,Good
STU_11447,6.2,64.4,53.3,46.2,100.0,7.7,Yes,Yes,Postgraduate,73.5,Good
STU_11448,7.5,76.4,61.3,76.3,49.9,6.1,No,Yes,School,64.1,Good
STU_11449,5.0,56.0,,60.6,54.5,7.0,No,Yes,Graduate,54.5,Average
STU_11450,5.6,57.2,44.9,40.0,47.9,7.9,No,Yes,Postgraduate,48.3,Average
STU_11451,8.4,78.6,88.7,70.2,47.8,7.0,No,No,Postgraduate,72.2,Good
STU_11452,5.5,72.7,64.5,91.7,84.4,7.1,No,No,Graduate,69.7,Good
STU_11453,10.0,80.1,52.2,43.4,44.3,9.4,Yes,Yes,School,61.6,Good
STU_11454,6.1,67.5,74.7,66.6,53.2,6.7,Yes,Yes,Graduate,63.3,Good
STU_11455,1.5,50.0,60.5,47.3,82.2,7.4,No,Yes,Graduate,52.3,Average
STU_11456,6.5,93.6,65.9,73.6,68.2,,No,Yes,School,61.7,Good
STU_11457,5.8,93.4,86.1,82.2,45.7,8.1,No,Yes,Graduate,83.1,Excellent
STU_11458,7.6,67.9,56.9,58.7,60.7,7.3,Yes,No,Graduate,63.6,Good
STU_11459,6.3,81.9,82.1,64.1,34.8,7.2,No,Yes,Graduate,60.9,Good
STU_11460,4.7,54.6,59.9,67.9,58.8,9.4,No,Yes,Graduate,55.7,Average
STU_11461,2.6,96.2,66.0,87.4,63.2,6.9,Yes,No,School,63.3,Good
STU_11462,4.6,67.1,69.5,50.4,64.3,7.9,No,Yes,Graduate,51.4,Average
STU_11463,3.3,91.3,59.8,63.6,92.0,5.5,Yes,Yes,Graduate,67.5,Good
STU_11464,3.8,63.0,49.7,92.0,73.9,7.0,No,Yes,School,69.3,Good
STU_11465,6.2,74.9,71.8,59.8,43.3,6.9,Yes,Yes,School,58.9,Average
STU_11466,8.3,76.4,81.8,64.5,63.7,6.9,Yes,Yes,Graduate,79.8,Good
STU_11467,5.8,85.9,74.4,72.5,,4.9,No,Yes,School,74.4,Good
STU_11468,2.6,95.2,74.0,100.0,91.8,6.6,No,Yes,School,82.4,Excellent
STU_11469,5.9,86.7,58.1,54.4,54.9,6.0,Yes,No,Postgraduate,62.9,Good
STU_11470,7.4,82.4,75.3,80.6,64.1,8.3,Yes,Yes,School,82.9,Excellent
STU_11471,3.8,93.1,70.4,53.4,66.3,6.0,Yes,Yes,Graduate,73.1,Good
STU_11472,4.7,50.0,77.9,55.9,,7.8,No,Yes,School,53.6,Average
STU_11473,5.0,68.2,66.5,62.8,37.6,7.8,Yes,Yes,Postgraduate,56.2,Average
STU_11474,3.4,90.9,74.0,76.5,58.4,6.3,No,No,Graduate,63.0,Good
STU_11475,6.3,53.2,57.8,62.3,72.7,6.0,No,No,School,59.5,Average
STU_11476,4.8,69.6,75.4,71.9,41.0,6.7,No,Yes,Graduate,69.8,Good
STU_11477,5.8,66.4,46.1,60.0,60.4,6.5,Yes,Yes,Graduate,65.4,Good
STU_11478,3.2,74.4,,71.1,51.3,5.8,Yes,Yes,Postgraduate,63.0,Good
STU_11479,4.1,78.6,54.5,51.8,31.0,6.6,Yes,No,Graduate,51.4,Average
STU_11480,6.4,72.7,100.0,52.2,65.7,7.4,Yes,Yes,School,67.5,Good
STU_11481,4.3,79.4,74.8,62.8,68.5,5.6,No,Yes,Graduate,74.3,Good
STU_11482,8.5,85.7,48.7,78.6,72.7,6.8,Yes,Yes,Graduate,75.2,Good
STU_11483,4.2,50.0,44.5,72.7,74.5,6.4,Yes,Yes,Graduate,55.9,Average
STU_11484,5.4,74.3,38.8,59.2,60.4,7.1,No,Yes,Graduate,47.3,Average
STU_11485,6.9,52.8,47.9,54.2,68.4,9.3,No,No,Graduate,51.7,Average
STU_11486,2.2,79.8,52.3,84.5,65.0,5.2,,Yes,School,62.7,Good
STU_11487,1.5,71.7,50.4,89.1,30.0,6.9,No,Yes,Graduate,37.3,Poor
STU_11488,1.9,80.3,58.0,77.1,38.0,7.3,No,Yes,Graduate,48.6,Average
STU_11489,7.5,76.7,77.5,75.0,50.2,6.4,No,No,Postgraduate,73.3,Good
STU_11490,3.9,54.6,62.0,40.1,62.8,7.4,No,Yes,School,51.8,Average
STU_11491,10.0,80.6,75.7,78.3,66.3,5.2,Yes,Yes,Postgraduate,71.4,Good
STU_11492,3.9,53.0,49.0,92.2,72.4,6.6,No,Yes,School,59.8,Average
STU_11493,5.4,73.3,59.3,85.0,72.8,4.0,No,No,School,65.9,Good
STU_11494,8.1,90.5,50.9,,65.0,6.7,No,Yes,Graduate,77.8,Good
STU_11495,9.0,81.4,71.6,46.8,69.9,5.5,Yes,Yes,Graduate,75.5,Good
STU_11496,9.1,75.0,62.3,60.1,86.5,7.4,Yes,Yes,Graduate,79.7,Good
STU_11497,7.4,74.0,91.6,68.0,68.6,8.7,Yes,Yes,Graduate,83.6,Excellent
STU_11498,7.0,65.1,54.9,60.0,61.5,7.3,No,Yes,Graduate,53.4,Average
STU_11499,6.2,50.0,49.4,53.8,69.3,6.9,No,Yes,School,65.9,Good
STU_11500,6.6,77.9,69.5,75.9,75.1,6.4,No,Yes,Graduate,81.6,Excellent
STU_11501,3.9,,62.4,84.0,86.8,6.7,Yes,Yes,Graduate,71.1,Good
STU_11502,3.4,50.0,72.5,50.5,44.5,6.7,Yes,Yes,Graduate,38.2,Poor
STU_11503,5.0,76.7,64.1,84.5,35.8,7.0,No,Yes,Graduate,70.3,Good
STU_11504,4.7,83.7,62.9,73.1,65.3,7.6,No,Yes,School,49.5,Average
STU_11505,4.1,50.0,55.0,92.7,38.9,,No,Yes,Postgraduate,62.0,Good
STU_11506,6.4,84.5,61.0,81.1,58.0,8.4,No,Yes,Postgraduate,68.4,Good
STU_11507,6.9,50.0,42.1,71.8,91.0,6.7,Yes,Yes,Graduate,66.1,Good
STU_11508,5.2,56.2,83.0,71.9,62.1,7.0,No,No,Graduate,64.7,Good
STU_11509,8.0,61.2,84.0,70.0,62.2,8.5,No,Yes,Graduate,75.1,Good
STU_11510,2.7,74.3,79.1,95.5,55.6,4.4,Yes,Yes,School,56.0,Average
STU_11511,4.6,70.9,58.1,78.6,86.1,4.0,No,Yes,Graduate,69.1,Good
STU_11512,3.6,81.1,55.6,64.8,68.8,7.5,Yes,No,Postgraduate,55.4,Average
STU_11513,1.3,78.8,72.5,78.0,54.5,7.0,No,Yes,Graduate,59.4,Average
STU_11514,4.8,94.5,50.7,76.5,85.7,8.8,No,Yes,Graduate,72.7,Good
STU_11515,4.8,63.4,82.0,64.1,65.0,5.6,Yes,Yes,Postgraduate,76.3,Good
STU_11516,8.0,60.8,,58.5,55.4,7.6,No,Yes,Postgraduate,53.6,Average
STU_11517,6.3,50.0,58.2,86.5,,6.6,No,Yes,Graduate,69.7,Good
STU_11518,3.0,51.1,49.0,66.3,64.2,8.1,No,No,School,47.8,Average
STU_11519,8.7,83.2,83.7,65.5,54.8,4.4,Yes,Yes,School,68.5,Good
STU_11520,7.4,89.2,81.1,78.1,57.0,6.7,No,Yes,Postgraduate,83.0,Excellent
STU_11521,6.2,78.5,73.5,62.8,56.1,7.9,Yes,Yes,Postgraduate,69.1,Good
STU_11522,4.5,93.0,93.7,73.2,32.7,6.0,Yes,Yes,Graduate,69.9,Good
STU_11523,3.1,54.1,65.2,64.7,100.0,6.9,Yes,,School,66.6,Good
STU_11524,4.3,64.0,74.5,40.0,50.9,7.1,Yes,Yes,,56.7,Average
STU_11525,7.2,58.4,41.0,75.4,72.7,7.4,No,Yes,Graduate,67.6,Good
STU_11526,8.8,85.6,60.2,73.7,58.5,5.7,Yes,Yes,School,78.7,Good
STU_11527,8.1,79.7,66.7,75.0,30.0,6.4,Yes,Yes,Postgraduate,68.2,Good
STU_11528,,59.4,51.2,40.9,59.6,7.6,Yes,No,School,53.8,Average
STU_11529,2.8,74.6,68.8,51.1,63.9,7.9,Yes,Yes,Graduate,67.9,Good
STU_11530,5.3,84.8,35.5,86.3,53.3,7.2,Yes,Yes,Graduate,59.9,Average
STU_11531,1.5,94.4,72.5,71.0,85.2,6.6,No,Yes,Postgraduate,66.1,Good
STU_11532,5.6,79.6,58.5,43.5,90.7,7.1,No,Yes,Graduate,61.5,Good
STU_11533,4.7,85.7,53.2,71.2,66.6,8.0,No,Yes,School,58.5,Average
STU_11534,4.1,92.5,76.2,48.0,68.8,7.2,No,Yes,Graduate,60.3,Good
STU_11535,1.8,50.0,87.0,62.0,43.6,5.6,No,Yes,School,62.7,Good
STU_11536,6.0,80.2,78.4,73.6,43.5,5.7,No,Yes,Graduate,55.8,Average
STU_11537,3.9,71.4,52.8,73.6,51.5,7.0,No,Yes,Graduate,62.6,Good
STU_11538,2.7,75.8,75.0,84.1,94.0,5.0,Yes,No,Graduate,67.6,Good
STU_11539,1.0,70.9,61.2,76.5,53.2,8.0,No,Yes,Graduate,68.7,Good
STU_11540,4.9,64.8,81.9,77.4,83.1,5.9,No,Yes,School,76.5,Good
STU_11541,8.5,63.8,68.3,64.7,50.4,5.6,Yes,Yes,School,61.4,Good
STU_11542,8.3,50.0,42.9,58.1,46.6,9.0,No,,Graduate,53.9,Average
STU_11543,4.1,50.0,61.4,70.7,,6.4,Yes,Yes,Graduate,60.2,Good
STU_11544,3.8,60.4,52.6,84.3,53.6,7.3,No,No,Graduate,62.3,Good
STU_11545,5.9,77.7,53.3,81.6,50.4,7.7,No,Yes,Postgraduate,67.8,Good
STU_11546,3.0,60.4,60.1,67.2,87.0,8.7,Yes,Yes,Graduate,67.8,Good
STU_11547,5.6,50.7,69.1,69.2,61.1,6.3,Yes,Yes,Graduate,62.2,Good
STU_11548,6.5,50.0,78.6,,58.8,7.2,No,Yes,Graduate,64.1,Good
STU_11549,7.5,70.0,57.1,86.1,62.4,6.9,Yes,Yes,Postgraduate,81.6,Excellent
STU_11550,4.8,69.9,83.2,92.6,76.6,9.9,Yes,,Postgraduate,94.4,Excellent
STU_11551,4.6,57.1,39.5,76.2,62.4,4.6,No,Yes,Graduate,64.6,Good
STU_11552,3.2,83.4,52.4,47.1,66.9,6.8,No,Yes,Graduate,51.8,Average
STU_11553,3.3,50.0,95.7,79.4,78.3,7.0,Yes,Yes,Graduate,84.7,Excellent
STU_11554,4.5,79.5,47.9,93.2,44.9,6.9,Yes,Yes,School,59.8,Average
STU_11555,5.7,86.8,83.8,54.3,48.6,5.3,No,Yes,Graduate,66.0,Good
STU_11556,6.8,66.6,64.6,81.8,63.7,4.8,Yes,Yes,School,62.4,Good
STU_11557,3.4,50.0,63.9,67.4,50.7,5.2,No,Yes,School,56.2,Average
STU_11558,8.0,65.9,79.0,87.4,58.3,8.0,Yes,Yes,Graduate,72.7,Good
STU_11559,4.5,72.6,76.9,53.8,44.4,7.0,No,Yes,Postgraduate,70.1,Good
STU_11560,5.0,81.8,85.0,63.9,48.2,4.9,Yes,Yes,Graduate,83.3,Excellent
STU_11561,3.5,50.0,61.3,48.0,79.8,8.7,No,Yes,Postgraduate,62.3,Good
STU_11562,1.0,86.3,67.1,74.8,56.1,9.4,Yes,Yes,Graduate,66.1,Good
STU_11563,6.8,93.4,61.2,77.7,54.7,7.4,Yes,Yes,Postgraduate,70.6,Good
STU_11564,6.5,50.0,48.3,74.8,,7.5,Yes,No,Graduate,59.6,Average
STU_11565,4.4,51.4,67.6,62.8,47.8,7.1,Yes,Yes,Postgraduate,57.9,Average
STU_11566,5.1,62.2,62.5,63.8,45.4,6.2,No,Yes,Graduate,60.5,Good
STU_11567,,,36.9,65.4,41.3,4.8,No,Yes,Postgraduate,55.5,Average
STU_11568,1.9,55.3,81.6,82.4,50.7,5.7,No,Yes,Postgraduate,66.2,Good
STU_11569,3.9,82.4,67.2,49.7,60.1,6.9,No,Yes,Graduate,65.6,Good
STU_11570,6.6,50.0,54.5,65.2,72.3,7.7,Yes,Yes,,62.9,Good
STU_11571,2.5,88.8,70.0,49.4,60.6,6.7,Yes,No,Postgraduate,77.5,Good
STU_11572,5.6,54.8,57.1,64.3,45.9,6.9,Yes,Yes,Graduate,55.3,Average
STU_11573,2.3,81.9,68.0,69.8,53.3,7.1,No,Yes,Postgraduate,58.7,Average
STU_11574,5.9,50.0,85.8,99.4,52.4,7.1,Yes,Yes,Graduate,60.0,Good
STU_11575,4.9,73.9,71.0,60.7,51.4,6.3,No,Yes,School,65.6,Good
STU_11576,1.8,95.0,57.7,84.4,55.9,7.5,No,Yes,School,44.2,Average
STU_11577,7.3,71.0,49.5,46.1,,5.7,,Yes,Graduate,61.6,Good
STU_11578,3.5,50.0,54.3,70.6,72.8,7.4,No,Yes,School,55.5,Average
STU_11579,3.4,,77.2,70.5,87.5,5.2,No,Yes,Graduate,61.5,Good
STU_11580,5.4,50.4,64.2,80.4,47.7,5.6,Yes,Yes,Graduate,64.0,Good
STU_11581,7.3,95.3,73.4,62.4,44.1,6.1,No,Yes,,78.0,Good
STU_11582,3.0,97.2,60.8,59.0,56.1,7.2,No,No,Postgraduate,64.4,Good
STU_11583,5.1,63.9,51.0,40.9,80.7,7.3,Yes,Yes,School,55.9,Average
STU_11584,5.9,58.0,74.0,74.6,30.0,6.0,Yes,,Graduate,72.0,Good
STU_11585,6.4,55.2,52.9,61.0,63.8,5.3,Yes,Yes,Graduate,58.4,Average
STU_11586,5.4,70.5,58.9,,56.6,8.4,No,Yes,Postgraduate,74.6,Good
STU_11587,4.3,77.3,46.6,77.2,72.0,7.1,Yes,Yes,School,54.1,Average
STU_11588,3.3,95.9,51.0,86.6,68.7,6.8,No,Yes,Graduate,65.6,Good
STU_11589,5.2,64.5,78.4,57.8,71.9,,Yes,Yes,,64.6,Good
STU_11590,2.9,84.6,80.7,72.9,69.8,5.9,No,Yes,Graduate,82.5,Excellent
STU_11591,1.0,65.9,81.4,72.7,100.0,8.3,No,Yes,Postgraduate,70.9,Good
STU_11592,5.9,76.8,81.4,63.1,90.5,7.7,Yes,Yes,Postgraduate,74.4,Good
STU_11593,6.8,54.8,59.7,87.2,75.2,6.7,No,Yes,Postgraduate,76.3,Good
STU_11594,1.0,70.4,75.0,80.9,54.2,6.9,No,Yes,Graduate,60.7,Good
STU_11595,3.0,79.1,80.8,98.4,56.0,6.7,No,Yes,Graduate,84.3,Excellent
STU_11596,6.2,82.2,51.9,79.7,80.4,8.6,No,Yes,School,72.5,Good
STU_11597,9.1,83.7,67.9,96.2,81.0,7.5,Yes,Yes,School,84.3,Excellent
STU_11598,5.0,81.9,63.1,95.8,48.4,7.7,No,Yes,School,71.0,Good
STU_11599,3.5,70.5,36.9,,30.0,7.1,Yes,Yes,School,45.6,Average
STU_11600,4.6,81.1,69.9,49.4,32.7,7.0,Yes,No,School,55.2,Average
STU_11601,7.7,66.5,54.3,93.6,80.8,9.3,Yes,No,School,69.5,Good
STU_11602,3.7,78.0,80.8,79.7,83.8,6.6,Yes,Yes,School,71.9,Good
STU_11603,3.4,72.3,53.6,77.3,62.3,7.3,Yes,No,School,54.6,Average
STU_11604,4.0,78.2,69.9,63.7,67.2,9.5,No,No,School,65.6,Good
STU_11605,3.1,78.0,66.7,75.6,90.5,8.6,No,Yes,Graduate,68.5,Good
STU_11606,5.2,54.8,39.2,84.2,94.2,7.5,Yes,Yes,Postgraduate,76.5,Good
STU_11607,8.2,73.4,60.2,79.2,72.9,5.2,Yes,No,Postgraduate,69.4,Good
STU_11608,,80.7,70.4,61.4,61.7,9.6,No,Yes,Postgraduate,63.4,Good
STU_11609,4.5,52.7,80.4,91.6,55.1,,No,Yes,Graduate,70.8,Good
STU_11610,4.4,78.4,65.3,71.7,57.5,7.1,Yes,Yes,School,65.6,Good
STU_11611,1.9,87.0,78.6,79.5,49.6,8.2,No,Yes,Graduate,70.2,Good
STU_11612,6.8,78.4,73.1,81.8,72.4,6.8,Yes,Yes,Graduate,70.4,Good
STU_11613,4.8,51.0,73.6,99.8,59.9,7.3,No,Yes,Graduate,61.7,Good
STU_11614,4.6,56.3,74.2,75.8,48.9,7.1,No,Yes,Postgraduate,72.5,Good
STU_11615,10.0,71.0,,69.3,80.1,,Yes,Yes,School,68.2,Good
STU_11616,5.6,97.6,50.2,96.8,,7.4,No,,Graduate,78.1,Good
STU_11617,3.5,75.3,88.5,85.5,66.1,6.2,Yes,Yes,Graduate,61.0,Good
STU_11618,4.1,64.9,76.5,74.3,59.4,5.6,Yes,Yes,Postgraduate,72.8,Good
STU_11619,7.3,79.5,64.0,73.4,69.3,7.6,No,Yes,School,70.7,Good
STU_11620,5.2,67.3,74.3,42.6,56.4,8.5,Yes,No,School,61.8,Good
STU_11621,2.1,65.4,71.0,68.8,100.0,6.1,No,Yes,Graduate,75.8,Good
STU_11622,6.8,69.4,52.2,,98.5,6.4,No,Yes,Postgraduate,77.2,Good
STU_11623,3.7,73.3,59.9,40.0,48.9,7.0,No,Yes,School,54.6,Average
STU_11624,8.7,93.9,84.9,61.7,57.8,7.0,Yes,Yes,Graduate,82.2,Excellent
STU_11625,7.2,79.6,64.9,50.7,47.6,4.6,No,Yes,School,66.9,Good
STU_11626,4.1,50.0,70.6,65.0,32.0,6.5,Yes,Yes,School,62.6,Good
STU_11627,7.6,81.0,83.9,74.3,89.3,9.2,Yes,Yes,Graduate,88.1,Excellent
STU_11628,5.1,95.3,64.9,77.1,59.6,8.7,No,Yes,Graduate,63.7,Good
STU_11629,6.7,87.4,51.0,68.5,44.5,9.0,No,Yes,Postgraduate,62.1,Good
STU_11630,6.0,74.4,66.7,52.0,34.3,7.7,Yes,Yes,Graduate,58.4,Average
STU_11631,3.3,50.0,56.6,68.3,65.6,6.4,No,Yes,Graduate,55.2,Average
STU_11632,3.7,89.2,44.1,55.1,67.7,7.3,No,Yes,School,50.4,Average
STU_11633,7.1,84.0,77.0,89.6,68.6,7.7,No,Yes,School,82.8,Excellent
STU_11634,4.3,50.0,61.2,67.9,79.1,6.6,No,Yes,Graduate,67.1,Good
STU_11635,4.2,83.4,30.0,54.1,76.3,4.9,No,Yes,School,51.2,Average
STU_11636,3.1,53.9,68.8,55.3,41.4,8.1,Yes,Yes,School,54.4,Average
STU_11637,5.8,50.0,69.0,70.1,44.6,6.5,No,Yes,Graduate,63.0,Good
STU_11638,9.1,69.5,94.3,70.8,77.6,7.8,No,Yes,Postgraduate,77.8,Good
STU_11639,2.9,74.8,64.9,67.3,52.1,5.1,Yes,No,School,52.5,Average
STU_11640,5.0,60.9,81.0,83.9,38.5,6.2,Yes,Yes,Graduate,64.9,Good
STU_11641,7.8,90.3,74.7,56.5,40.0,7.5,Yes,Yes,School,65.2,Good
STU_11642,4.8,79.3,56.2,84.1,77.0,7.8,Yes,Yes,School,61.1,Good
STU_11643,5.9,58.8,70.2,68.7,,7.9,No,Yes,Postgraduate,76.6,Good
STU_11644,2.9,86.5,62.5,82.1,64.1,6.9,Yes,Yes,Graduate,68.0,Good
STU_11645,5.9,81.7,54.7,61.2,46.9,7.2,No,Yes,,57.0,Average
STU_11646,4.6,64.9,57.3,80.9,61.0,7.5,No,Yes,Postgraduate,61.7,Good
STU_11647,7.0,66.1,55.2,58.7,59.4,7.4,No,Yes,Graduate,56.8,Average
STU_11648,7.4,86.8,64.9,93.1,55.0,7.7,Yes,Yes,Graduate,75.4,Good
STU_11649,10.0,,64.9,68.9,72.9,5.6,No,Yes,Graduate,75.5,Good
STU_11650,6.2,93.2,56.8,64.0,54.3,9.2,No,Yes,School,75.3,Good
STU_11651,5.7,61.8,61.9,53.6,70.6,6.8,,Yes,Graduate,77.6,Good
STU_11652,5.4,72.6,36.9,72.4,67.3,6.9,Yes,Yes,School,57.9,Average
STU_11653,4.3,75.0,49.9,67.9,38.9,6.7,No,Yes,School,47.7,Average
STU_11654,5.7,68.7,60.6,51.3,93.9,7.3,No,,Graduate,60.0,Good
STU_11655,4.4,56.5,90.1,59.7,71.2,5.3,No,Yes,School,68.4,Good
STU_11656,5.3,50.0,74.5,42.6,36.5,6.4,No,Yes,Graduate,46.8,Average
STU_11657,7.6,79.2,50.3,54.2,39.0,4.7,No,Yes,Graduate,48.9,Average
STU_11658,,80.5,89.2,68.3,87.3,6.4,Yes,Yes,Graduate,72.5,Good
STU_11659,7.3,94.4,65.0,75.0,64.9,7.2,Yes,Yes,Graduate,71.0,Good
STU_11660,7.6,90.3,48.0,65.5,71.0,7.7,Yes,Yes,Postgraduate,67.3,Good
STU_11661,4.8,60.1,63.8,76.6,68.2,6.9,Yes,Yes,Postgraduate,60.0,Good
STU_11662,1.0,69.9,,56.6,79.4,7.3,Yes,Yes,,67.4,Good
STU_11663,3.8,63.0,48.0,76.2,80.1,5.0,Yes,No,Graduate,62.9,Good
STU_11664,7.6,70.9,49.5,68.9,48.0,7.2,No,Yes,Graduate,70.0,Good
STU_11665,5.0,72.0,92.1,67.1,70.1,8.5,Yes,Yes,School,66.8,Good
STU_11666,3.0,88.4,69.4,70.0,39.5,7.6,No,No,Graduate,61.1,Good
STU_11667,4.0,54.5,57.9,61.6,44.6,6.1,No,Yes,Graduate,65.1,Good
STU_11668,6.7,50.0,63.4,48.5,57.1,7.2,No,Yes,Graduate,51.4,Average
STU_11669,6.1,86.2,69.3,55.4,34.8,8.6,No,Yes,Graduate,54.0,Average
STU_11670,4.5,79.3,62.1,50.2,49.6,7.7,Yes,Yes,,52.0,Average
STU_11671,4.3,60.0,85.2,66.8,30.0,7.7,No,No,Postgraduate,62.2,Good
STU_11672,4.2,,66.5,79.6,61.7,6.1,,Yes,School,68.1,Good
STU_11673,3.2,50.0,75.0,90.8,88.3,6.6,No,Yes,Graduate,79.7,Good
STU_11674,8.2,83.5,66.2,63.5,62.5,6.9,No,Yes,Graduate,71.2,Good
STU_11675,4.4,76.2,64.4,67.7,62.6,,Yes,Yes,School,76.1,Good
STU_11676,7.4,50.0,78.4,96.4,56.3,5.9,No,Yes,Postgraduate,78.8,Good
STU_11677,8.0,70.6,78.7,64.4,77.6,7.3,No,Yes,Graduate,83.9,Excellent
STU_11678,7.0,,40.5,61.2,61.2,7.8,No,Yes,Graduate,60.1,Good
STU_11679,4.1,88.9,64.7,68.2,44.4,7.9,Yes,Yes,Graduate,60.6,Good
STU_11680,5.8,96.5,95.7,64.1,64.7,6.7,No,Yes,School,73.9,Good
STU_11681,5.0,90.1,58.3,60.5,86.8,6.6,Yes,Yes,Graduate,79.8,Good
STU_11682,3.2,79.5,71.8,50.3,39.2,9.3,Yes,Yes,School,61.2,Good
STU_11683,5.6,78.3,83.7,92.3,46.9,6.7,No,No,Graduate,74.9,Good
STU_11684,2.6,76.4,48.4,77.7,60.3,6.5,No,Yes,School,63.8,Good
STU_11685,7.4,70.2,59.4,92.6,56.4,8.1,Yes,Yes,Postgraduate,75.7,Good
STU_11686,4.1,50.3,41.4,83.4,68.7,7.2,Yes,Yes,Graduate,79.1,Good
STU_11687,5.4,60.0,66.6,70.2,46.3,5.4,No,Yes,Postgraduate,61.4,Good
STU_11688,5.6,83.8,70.8,46.6,53.5,8.2,Yes,Yes,Graduate,64.9,Good
STU_11689,4.5,50.0,74.7,57.3,62.8,6.5,Yes,Yes,Graduate,61.5,Good
STU_11690,6.2,71.3,88.6,65.1,63.4,6.5,Yes,Yes,Graduate,77.1,Good
STU_11691,4.1,50.0,66.0,56.5,100.0,10.0,No,Yes,Graduate,59.4,Average
STU_11692,6.7,97.0,47.7,44.5,74.5,6.7,No,Yes,School,45.1,Average
STU_11693,2.3,72.5,51.8,57.5,37.4,7.1,No,Yes,Postgraduate,47.4,Average
STU_11694,5.3,92.1,53.6,67.3,45.8,8.1,Yes,Yes,Graduate,66.0,Good
STU_11695,8.9,85.7,68.1,92.3,40.2,5.9,No,Yes,Postgraduate,80.1,Excellent
STU_11696,3.0,74.4,100.0,60.6,87.8,7.7,No,Yes,Graduate,68.9,Good
STU_11697,3.6,66.5,63.9,79.2,44.9,8.1,Yes,Yes,School,50.6,Average
STU_11698,6.0,62.3,85.6,56.3,71.4,8.6,Yes,Yes,School,67.1,Good
STU_11699,5.4,67.3,63.3,66.9,69.8,7.8,No,Yes,Graduate,62.5,Good
STU_11700,5.7,84.3,47.6,69.5,38.5,5.7,Yes,Yes,School,58.6,Average
STU_11701,6.0,74.3,,92.4,55.3,7.5,No,No,School,64.6,Good
STU_11702,6.3,95.9,54.1,40.0,57.8,5.4,No,Yes,School,67.2,Good
STU_11703,7.2,80.5,63.2,58.6,36.7,8.5,No,Yes,School,57.2,Average
STU_11704,5.8,50.0,71.1,73.5,90.6,8.3,No,Yes,,64.9,Good
STU_11705,4.5,50.0,55.1,75.9,64.7,7.3,No,No,Postgraduate,63.5,Good
STU_11706,6.3,66.3,76.9,53.5,87.5,7.2,No,Yes,Graduate,67.4,Good
STU_11707,,51.4,80.7,69.5,97.3,7.0,No,Yes,School,74.8,Good
STU_11708,4.7,65.1,61.0,,64.6,7.0,No,Yes,Graduate,74.4,Good
STU_11709,3.1,74.0,78.8,90.6,68.0,8.2,No,Yes,School,76.5,Good
STU_11710,7.2,71.2,35.9,72.9,49.4,6.6,No,Yes,Graduate,56.4,Average
STU_11711,4.8,83.4,30.0,68.0,83.3,9.6,No,Yes,Graduate,74.3,Good
STU_11712,1.0,69.2,77.5,60.1,61.2,7.2,Yes,Yes,School,65.4,Good
STU_11713,6.7,69.4,58.7,78.5,55.2,8.5,No,Yes,Graduate,69.1,Good
STU_11714,3.9,72.9,98.1,66.4,49.7,5.0,Yes,Yes,Graduate,65.6,Good
STU_11715,4.8,79.8,63.6,62.1,63.2,6.3,No,Yes,School,50.5,Average
STU_11716,5.7,56.6,50.0,56.3,71.9,8.1,No,Yes,Postgraduate,57.8,Average
STU_11717,5.4,69.7,90.3,65.8,65.3,7.4,Yes,Yes,Postgraduate,72.5,Good
STU_11718,6.4,53.8,74.8,79.8,69.4,7.0,Yes,Yes,Graduate,66.6,Good
STU_11719,4.1,84.0,88.2,62.8,58.5,8.3,Yes,Yes,School,70.1,Good
STU_11720,6.0,82.8,56.2,70.5,70.1,9.5,No,Yes,Graduate,56.6,Average
STU_11721,4.5,84.3,70.5,62.2,69.6,5.6,No,Yes,School,74.0,Good
STU_11722,6.5,62.9,51.9,72.4,81.4,8.2,Yes,Yes,School,66.7,Good
STU_11723,6.2,52.7,38.8,71.2,74.9,6.5,Yes,No,Postgraduate,67.8,Good
STU_11724,3.1,55.0,76.1,59.0,64.5,8.0,No,Yes,School,65.5,Good
STU_11725,7.2,80.3,58.1,81.6,68.6,6.5,No,,Graduate,64.5,Good
STU_11726,3.9,70.4,50.1,49.6,43.6,7.6,No,No,Postgraduate,40.7,Average
STU_11727,6.6,54.4,44.2,85.9,82.4,7.7,No,Yes,,64.3,Good
STU_11728,5.7,50.0,67.7,74.6,58.0,6.2,No,Yes,Graduate,67.2,Good
STU_11729,8.7,80.5,66.0,78.2,60.0,6.4,No,Yes,Postgraduate,75.7,Good
STU_11730,4.6,79.4,57.7,46.9,54.3,6.8,No,,School,62.9,Good
STU_11731,4.3,73.5,54.9,69.3,47.8,5.0,No,Yes,Graduate,60.4,Good
STU_11732,5.0,97.4,76.5,91.5,48.9,7.5,Yes,Yes,School,75.1,Good
STU_11733,4.4,65.5,30.0,68.0,44.8,8.8,No,Yes,Graduate,46.3,Average
STU_11734,6.6,65.7,74.5,71.8,58.2,5.5,Yes,Yes,Graduate,68.9,Good
STU_11735,1.8,87.4,72.0,54.0,75.3,7.8,Yes,Yes,Graduate,64.6,Good
STU_11736,2.9,72.3,46.5,49.9,61.6,7.4,No,Yes,Graduate,57.6,Average
STU_11737,2.9,63.5,36.0,73.2,72.6,6.2,No,Yes,School,60.6,Good
STU_11738,6.9,64.7,73.8,60.5,69.7,9.4,No,Yes,Graduate,69.3,Good
STU_11739,8.4,50.0,47.4,62.2,54.8,8.4,Yes,Yes,School,60.0,Good
STU_11740,4.8,71.7,88.6,70.9,81.8,8.5,Yes,Yes,Postgraduate,81.9,Excellent
STU_11741,4.7,73.0,96.8,79.6,78.0,7.0,Yes,Yes,Graduate,92.3,Excellent
STU_11742,5.1,79.0,71.4,77.4,75.1,5.2,No,No,Graduate,60.0,Good
STU_11743,7.3,74.4,63.5,71.4,68.7,7.2,No,Yes,Graduate,65.5,Good
STU_11744,3.1,92.8,61.7,82.4,56.6,6.8,No,Yes,Postgraduate,61.4,Good
STU_11745,5.5,59.1,39.4,84.6,56.5,8.2,No,,Graduate,52.7,Average
STU_11746,7.0,67.6,60.7,68.2,61.5,6.3,Yes,Yes,School,61.8,Good
STU_11747,6.0,76.5,58.1,93.4,84.0,8.6,No,No,Postgraduate,78.3,Good
STU_11748,5.4,78.0,55.5,54.8,79.9,6.3,No,No,Graduate,69.5,Good
STU_11749,7.0,94.6,70.9,48.5,38.9,7.8,Yes,Yes,School,63.9,Good
STU_11750,1.0,67.9,67.0,89.4,,6.1,No,Yes,School,64.3,Good
STU_11751,6.4,83.0,76.8,60.2,30.0,7.0,Yes,Yes,Postgraduate,59.4,Average
STU_11752,3.7,60.4,58.3,40.0,54.9,5.4,No,No,School,33.3,Poor
STU_11753,1.3,81.7,74.0,65.4,51.2,7.1,Yes,Yes,Graduate,63.5,Good
STU_11754,6.0,77.8,65.1,87.2,70.9,5.8,No,Yes,School,79.7,Good
STU_11755,7.7,92.6,73.9,65.7,44.6,7.7,,Yes,Graduate,76.3,Good
STU_11756,4.7,79.9,63.8,45.1,37.5,7.8,Yes,Yes,School,54.3,Average
STU_11757,6.9,71.4,91.7,65.9,54.0,7.0,No,Yes,School,71.3,Good
STU_11758,8.2,75.0,30.0,67.4,61.9,6.2,Yes,Yes,Graduate,71.2,Good
STU_11759,7.6,76.5,74.4,65.3,34.2,7.5,No,Yes,Postgraduate,62.0,Good
STU_11760,8.3,62.7,77.8,59.9,80.2,8.1,Yes,,Graduate,74.5,Good
STU_11761,6.5,62.6,46.0,60.6,58.8,6.8,No,Yes,School,47.2,Average
STU_11762,5.2,77.0,92.4,80.2,62.4,6.5,No,Yes,School,76.7,Good
STU_11763,1.8,76.5,65.3,61.9,79.6,5.5,No,Yes,Graduate,60.8,Good
STU_11764,4.5,84.5,63.1,72.3,50.3,7.3,Yes,Yes,Graduate,63.0,Good
STU_11765,3.3,50.0,70.6,72.2,85.7,8.3,No,Yes,Graduate,73.1,Good
STU_11766,9.3,66.6,78.3,61.4,62.1,8.7,No,Yes,Graduate,69.2,Good
STU_11767,4.6,72.3,67.0,59.5,74.7,7.3,No,Yes,Graduate,69.8,Good
STU_11768,5.2,82.9,66.5,71.0,69.1,5.3,Yes,No,Graduate,71.8,Good
STU_11769,6.1,79.6,77.6,46.9,73.0,6.4,No,Yes,,67.1,Good
STU_11770,5.1,65.6,79.5,97.9,63.2,8.4,No,Yes,School,78.6,Good
STU_11771,8.4,77.8,70.0,62.0,54.5,8.0,Yes,No,Graduate,68.3,Good
STU_11772,3.8,76.5,41.8,64.5,93.0,5.8,No,Yes,Graduate,69.2,Good
STU_11773,5.4,61.1,49.7,80.3,61.7,9.4,Yes,Yes,Graduate,61.8,Good
STU_11774,3.5,56.6,81.3,67.6,44.4,5.7,No,Yes,Graduate,64.3,Good
STU_11775,2.4,81.7,60.8,64.2,85.5,6.5,Yes,No,School,62.2,Good
STU_11776,3.8,82.5,56.0,51.3,57.0,7.6,Yes,Yes,School,59.9,Average
STU_11777,4.9,72.6,71.6,71.4,34.4,6.9,Yes,No,School,60.7,Good
STU_11778,4.1,90.3,69.7,62.3,48.8,6.6,No,Yes,Graduate,60.0,Good
STU_11779,3.6,68.7,61.7,99.1,30.7,7.0,,Yes,Graduate,59.4,Average
STU_11780,2.2,84.2,76.2,67.1,49.5,8.2,Yes,Yes,Graduate,62.3,Good
STU_11781,4.8,50.0,46.0,40.0,90.1,9.3,No,Yes,Graduate,60.5,Good
STU_11782,2.0,80.9,39.0,83.3,69.3,7.4,Yes,Yes,Graduate,65.1,Good
STU_11783,6.5,68.7,,56.0,61.9,6.2,Yes,Yes,Graduate,73.1,Good
STU_11784,5.2,,48.2,71.5,52.8,7.1,No,Yes,Postgraduate,42.9,Average
STU_11785,2.1,50.0,42.9,89.7,59.8,9.4,No,Yes,Graduate,62.7,Good
STU_11786,4.4,62.0,60.1,65.7,79.8,8.0,No,Yes,Graduate,68.8,Good
STU_11787,3.5,56.6,64.6,67.1,32.8,8.6,No,Yes,School,59.9,Average
STU_11788,5.6,79.7,57.8,83.1,100.0,8.0,Yes,Yes,Graduate,84.5,Excellent
STU_11789,,72.4,61.6,90.0,47.9,8.1,No,Yes,Graduate,67.2,Good
STU_11790,1.2,84.5,43.7,68.1,,,Yes,Yes,Postgraduate,50.6,Average
STU_11791,5.2,69.1,75.7,98.3,59.4,8.7,Yes,Yes,Graduate,86.2,Excellent
STU_11792,4.7,88.5,42.1,45.7,59.0,4.0,Yes,Yes,School,62.5,Good
STU_11793,6.3,58.1,65.3,57.4,51.3,7.7,No,Yes,Graduate,65.8,Good
STU_11794,5.4,99.7,68.5,63.3,76.0,7.6,No,Yes,Postgraduate,69.0,Good
STU_11795,3.5,59.2,74.7,84.8,80.3,,No,Yes,Graduate,64.1,Good
STU_11796,4.4,89.5,,73.2,77.3,7.4,Yes,No,School,67.4,Good
STU_11797,3.4,90.7,48.7,60.5,63.4,7.7,No,Yes,Graduate,64.9,Good
STU_11798,7.2,82.3,58.8,54.2,52.6,4.9,No,,School,46.5,Average
STU_11799,5.0,,54.4,49.1,59.0,7.4,Yes,Yes,Postgraduate,54.7,Average
STU_11800,8.8,56.2,41.4,77.2,60.6,8.6,No,Yes,Graduate,81.5,Excellent
STU_11801,4.9,92.3,71.5,64.5,46.3,9.0,No,No,Postgraduate,62.0,Good
STU_11802,3.6,68.1,53.7,84.2,64.9,7.8,Yes,No,School,62.4,Good
STU_11803,2.0,70.1,67.2,49.9,90.8,6.9,Yes,Yes,Postgraduate,67.6,Good
STU_11804,1.4,89.1,63.3,76.0,59.3,8.2,No,Yes,School,71.3,Good
STU_11805,1.8,50.0,48.0,69.4,70.0,6.0,Yes,Yes,Graduate,55.6,Average
STU_11806,,78.8,47.0,61.4,51.5,8.0,No,Yes,School,46.3,Average
STU_11807,6.0,86.5,60.0,62.4,76.2,7.0,No,Yes,School,74.1,Good
STU_11808,1.8,69.3,45.3,71.4,51.5,8.4,No,Yes,Postgraduate,48.8,Average
STU_11809,6.8,60.5,79.8,69.6,55.4,6.4,Yes,Yes,School,60.1,Good
STU_11810,4.0,65.3,85.2,57.5,70.3,9.1,Yes,Yes,School,77.8,Good
STU_11811,5.3,63.1,76.7,77.2,46.1,8.5,No,Yes,Postgraduate,72.0,Good
STU_11812,8.2,85.1,70.2,86.9,68.9,7.5,Yes,No,Graduate,75.6,Good
STU_11813,6.8,74.8,65.9,66.6,78.8,7.4,Yes,Yes,Graduate,81.0,Excellent
STU_11814,4.5,50.0,49.3,78.1,64.6,9.1,Yes,Yes,School,67.5,Good
STU_11815,3.2,69.8,77.4,67.8,75.9,9.6,Yes,Yes,Graduate,67.0,Good
STU_11816,1.0,59.6,85.6,100.0,41.3,6.6,Yes,Yes,Graduate,67.0,Good
STU_11817,3.6,85.1,59.9,70.2,69.2,6.7,Yes,Yes,Graduate,66.3,Good
STU_11818,4.6,73.4,64.5,79.8,54.7,8.6,No,Yes,Graduate,61.7,Good
STU_11819,3.0,72.6,52.9,86.3,68.2,4.2,No,No,Graduate,62.1,Good
STU_11820,4.7,70.2,60.0,61.0,87.3,4.0,No,Yes,Graduate,72.2,Good
STU_11821,5.2,84.2,46.1,79.9,30.0,6.1,Yes,Yes,Postgraduate,53.6,Average
STU_11822,4.6,56.2,60.7,82.1,52.1,7.4,No,No,Graduate,65.4,Good
STU_11823,3.7,76.8,71.5,76.0,30.0,5.7,No,Yes,,47.6,Average
STU_11824,5.3,87.2,69.9,80.7,42.3,5.6,No,Yes,Graduate,67.1,Good
STU_11825,5.9,,68.8,60.9,,6.5,No,Yes,Graduate,60.4,Good
STU_11826,2.8,62.1,30.0,100.0,75.8,8.7,No,Yes,Graduate,72.0,Good
STU_11827,7.8,70.7,65.7,40.0,74.9,6.6,Yes,Yes,Postgraduate,60.4,Good
STU_11828,4.8,69.9,74.2,58.2,74.5,8.4,Yes,Yes,,68.7,Good
STU_11829,5.0,77.8,64.9,51.3,71.0,7.2,Yes,No,Graduate,59.3,Average
STU_11830,6.4,98.4,,94.1,40.5,8.9,Yes,Yes,Graduate,72.7,Good
STU_11831,5.5,57.7,63.5,68.2,74.8,6.8,No,Yes,School,59.1,Average
STU_11832,6.9,50.0,,56.8,51.2,7.6,No,Yes,,63.7,Good
STU_11833,5.6,65.6,50.0,61.5,69.2,7.3,No,No,Postgraduate,63.2,Good
STU_11834,3.8,67.6,73.8,48.7,47.3,6.9,Yes,Yes,School,47.3,Average
STU_11835,5.7,80.0,76.8,78.8,59.1,8.0,No,Yes,Graduate,75.5,Good
STU_11836,2.7,86.5,54.3,80.2,60.9,7.9,Yes,Yes,School,53.5,Average
STU_11837,5.2,86.6,,74.2,67.5,7.4,Yes,Yes,Graduate,66.1,Good
STU_11838,4.9,50.0,58.2,60.0,48.6,4.8,No,Yes,Graduate,66.3,Good
STU_11839,4.6,57.6,50.0,91.4,72.6,5.7,No,Yes,Graduate,61.4,Good
STU_11840,4.7,50.0,74.0,80.9,41.0,6.0,No,Yes,School,58.7,Average
STU_11841,1.2,89.7,57.7,45.6,89.2,7.4,Yes,No,Postgraduate,58.2,Average
STU_11842,3.9,55.1,75.8,67.3,50.0,7.0,No,Yes,School,56.0,Average
STU_11843,5.2,87.5,41.5,53.8,30.7,6.2,No,Yes,Graduate,52.3,Average
STU_11844,5.3,91.1,52.6,90.6,60.8,6.1,No,Yes,Graduate,78.2,Good
STU_11845,2.9,51.4,53.5,63.7,55.4,7.9,No,Yes,Graduate,54.7,Average
STU_11846,7.5,65.2,69.1,50.7,47.3,6.2,Yes,No,School,67.2,Good
STU_11847,3.3,70.6,33.9,68.0,83.5,4.1,No,Yes,Graduate,55.1,Average
STU_11848,6.9,88.5,60.9,92.3,74.1,7.3,No,Yes,Graduate,83.4,Excellent
STU_11849,5.9,50.0,59.5,82.1,69.4,6.4,No,Yes,Graduate,77.6,Good
STU_11850,3.7,88.2,70.4,62.7,46.7,8.0,No,Yes,Graduate,69.0,Good
STU_11851,8.6,64.9,65.8,67.6,53.5,6.2,Yes,Yes,Graduate,73.7,Good
STU_11852,2.6,77.1,50.7,83.9,52.2,6.8,Yes,Yes,Postgraduate,66.1,Good
STU_11853,6.8,95.1,31.1,89.5,32.8,7.4,Yes,Yes,Graduate,55.9,Average
STU_11854,7.0,76.4,53.4,48.3,66.3,4.4,No,Yes,Graduate,53.5,Average
STU_11855,3.7,59.0,46.0,72.2,67.5,6.3,Yes,Yes,Postgraduate,66.3,Good
STU_11856,7.8,74.6,46.9,65.0,64.0,6.1,Yes,Yes,Graduate,61.7,Good
STU_11857,4.5,72.4,54.0,63.2,65.6,6.5,No,Yes,Graduate,57.4,Average
STU_11858,5.6,69.7,77.3,88.8,43.9,6.4,No,Yes,Graduate,59.6,Average
STU_11859,5.5,84.4,46.0,51.0,47.7,7.1,No,No,Postgraduate,51.6,Average
STU_11860,4.7,80.9,37.2,81.3,56.9,7.3,No,Yes,Graduate,66.8,Good
STU_11861,6.6,79.3,56.3,40.0,84.2,7.8,No,Yes,Graduate,72.1,Good
STU_11862,6.6,51.6,60.8,,80.6,7.7,Yes,Yes,School,59.9,Average
STU_11863,1.5,93.2,59.8,70.5,70.3,8.5,No,No,School,54.5,Average
STU_11864,7.6,74.3,55.1,51.6,94.2,8.2,Yes,Yes,Graduate,62.7,Good
STU_11865,1.7,85.5,61.3,100.0,70.2,8.7,No,Yes,School,70.3,Good
STU_11866,7.1,52.4,68.2,60.0,72.2,8.5,Yes,Yes,School,69.7,Good
STU_11867,7.3,,51.9,58.8,85.7,6.4,No,Yes,Postgraduate,74.8,Good
STU_11868,2.8,68.5,80.0,60.3,73.1,6.7,Yes,,Postgraduate,64.9,Good
STU_11869,4.2,90.2,62.3,78.2,88.4,6.8,Yes,No,Graduate,77.3,Good
STU_11870,2.8,75.9,79.7,82.7,62.5,8.5,Yes,Yes,Graduate,69.3,Good
STU_11871,4.6,53.1,69.0,63.9,51.8,6.8,Yes,Yes,Postgraduate,69.1,Good
STU_11872,4.4,85.8,46.1,74.4,60.5,8.0,No,Yes,Graduate,55.6,Average
STU_11873,6.6,50.0,35.7,75.5,65.8,4.8,No,,School,61.8,Good
STU_11874,,75.1,81.0,49.8,47.5,4.6,No,Yes,School,66.7,Good
STU_11875,7.8,89.4,51.3,68.3,50.6,8.6,No,Yes,School,67.9,Good
STU_11876,3.9,50.0,63.5,61.2,55.2,7.7,No,Yes,Graduate,56.2,Average
STU_11877,4.6,63.0,56.0,48.2,44.4,8.5,Yes,Yes,Graduate,65.6,Good
STU_11878,1.6,94.4,85.1,73.0,52.6,5.3,No,Yes,Graduate,61.4,Good
STU_11879,3.4,68.2,63.9,84.2,73.8,7.3,Yes,Yes,Graduate,83.7,Excellent
STU_11880,6.9,84.7,44.3,70.6,74.7,5.3,No,No,Graduate,68.2,Good
STU_11881,8.2,85.9,61.0,40.0,39.6,8.2,Yes,Yes,School,66.5,Good
STU_11882,2.5,93.8,81.9,63.6,66.9,7.1,No,Yes,Graduate,77.1,Good
STU_11883,3.8,75.5,51.9,57.5,60.9,7.0,No,Yes,Postgraduate,64.4,Good
STU_11884,4.9,77.4,41.6,94.9,78.8,8.2,Yes,No,Postgraduate,82.0,Excellent
STU_11885,5.6,55.3,76.0,65.3,57.7,7.0,No,Yes,School,69.8,Good
STU_11886,3.4,89.4,50.3,47.4,42.2,7.0,No,Yes,School,54.8,Average
STU_11887,5.8,87.9,39.5,69.4,54.2,5.4,No,No,Graduate,60.5,Good
STU_11888,4.1,70.1,50.8,78.9,42.8,8.7,No,Yes,Graduate,60.3,Good
STU_11889,5.0,86.7,68.3,71.4,30.0,7.2,No,Yes,Graduate,67.0,Good
STU_11890,6.1,91.4,70.8,58.8,61.1,7.7,Yes,No,Graduate,62.9,Good
STU_11891,5.0,76.6,70.2,63.6,70.3,5.5,Yes,No,Graduate,66.5,Good
STU_11892,4.1,79.2,48.8,80.7,65.0,,Yes,No,School,65.4,Good
STU_11893,4.8,69.2,77.7,71.4,41.4,7.3,Yes,Yes,Postgraduate,62.1,Good
STU_11894,4.8,77.9,75.3,98.4,40.4,,Yes,Yes,School,75.2,Good
STU_11895,4.3,,71.5,71.4,65.5,8.3,No,Yes,School,62.8,Good
STU_11896,4.5,73.9,48.4,48.6,89.2,4.2,Yes,Yes,School,55.1,Average
STU_11897,8.2,50.0,55.2,67.2,82.7,8.0,Yes,No,Postgraduate,68.1,Good
STU_11898,6.1,64.8,69.2,62.1,57.3,8.2,No,No,School,67.5,Good
STU_11899,4.4,95.9,73.2,48.3,65.4,7.8,Yes,No,,60.7,Good
STU_11900,6.4,67.6,49.3,71.8,,7.3,Yes,Yes,School,61.8,Good
STU_11901,4.3,82.9,90.8,64.1,,6.8,Yes,Yes,School,73.5,Good
STU_11902,7.3,68.5,62.5,72.1,40.5,7.0,Yes,No,Graduate,54.8,Average
STU_11903,5.7,84.5,78.8,95.6,30.0,8.8,No,Yes,Postgraduate,73.9,Good
STU_11904,4.8,83.3,45.9,68.2,64.9,8.8,No,Yes,Graduate,50.2,Average
STU_11905,5.9,85.4,67.6,84.3,58.8,6.9,Yes,Yes,School,73.9,Good
STU_11906,1.9,50.0,45.6,67.3,34.7,6.1,Yes,Yes,Postgraduate,48.9,Average
STU_11907,2.7,65.8,66.8,75.8,39.2,8.6,Yes,No,School,65.7,Good
STU_11908,2.6,86.5,71.5,,57.8,8.2,No,Yes,Graduate,53.1,Average
STU_11909,5.3,50.9,72.3,73.7,53.3,7.3,No,Yes,Graduate,60.6,Good
STU_11910,8.5,69.4,53.5,68.2,84.9,5.9,No,No,School,72.5,Good
STU_11911,9.5,50.0,37.3,90.3,84.7,5.0,No,No,Graduate,70.3,Good
STU_11912,6.3,85.4,69.4,78.8,48.4,8.0,Yes,Yes,Graduate,67.2,Good
STU_11913,6.0,67.8,,71.6,86.1,6.4,No,Yes,Postgraduate,62.3,Good
STU_11914,1.4,50.0,58.6,82.7,87.9,6.4,Yes,No,Graduate,67.4,Good
STU_11915,3.9,87.4,50.7,71.8,66.7,7.6,Yes,No,Graduate,76.8,Good
STU_11916,3.4,93.1,63.7,85.6,47.1,6.4,No,Yes,Graduate,59.9,Average
STU_11917,3.8,61.6,64.5,53.5,63.9,6.5,Yes,Yes,Graduate,61.7,Good
STU_11918,4.7,80.0,80.4,99.8,30.0,6.2,,Yes,Graduate,69.8,Good
STU_11919,4.1,56.6,34.3,72.4,52.6,7.9,No,Yes,School,49.6,Average
STU_11920,1.0,61.6,44.7,54.0,66.3,5.9,Yes,No,Graduate,50.4,Average
STU_11921,6.5,82.6,71.4,80.5,68.2,5.2,Yes,Yes,Graduate,69.1,Good
STU_11922,2.9,60.7,31.5,88.1,54.9,5.9,Yes,No,Graduate,45.8,Average
STU_11923,5.5,78.4,53.7,55.7,63.1,8.7,Yes,Yes,School,71.1,Good
STU_11924,9.1,57.9,100.0,63.4,45.7,6.3,No,Yes,Graduate,72.9,Good
STU_11925,3.2,89.9,60.4,84.2,84.5,7.6,Yes,Yes,Postgraduate,78.5,Good
STU_11926,1.0,84.2,75.0,77.9,85.2,6.6,No,Yes,School,71.8,Good
STU_11927,4.4,91.1,39.3,63.8,73.4,6.8,No,Yes,Graduate,56.1,Average
STU_11928,7.2,86.1,75.1,66.5,57.7,8.6,Yes,Yes,School,63.7,Good
STU_11929,8.9,71.2,58.9,52.5,48.8,7.2,No,Yes,Graduate,59.5,Average
STU_11930,2.5,79.0,68.9,56.2,75.5,9.0,No,Yes,Graduate,66.1,Good
STU_11931,6.0,54.4,72.9,46.6,65.0,9.3,,No,Graduate,58.6,Average
STU_11932,4.1,81.3,56.8,65.1,46.0,8.9,No,No,School,52.4,Average
STU_11933,4.8,76.0,71.9,79.5,78.9,6.4,No,Yes,Graduate,61.4,Good
STU_11934,10.0,62.0,47.7,66.3,54.8,7.2,No,Yes,,66.7,Good
STU_11935,2.0,50.0,65.4,85.6,48.2,8.8,Yes,Yes,School,59.7,Average
STU_11936,5.5,90.9,72.4,61.0,77.1,8.0,No,Yes,School,70.9,Good
STU_11937,5.9,89.9,56.5,49.1,49.4,8.4,No,,Postgraduate,55.2,Average
STU_11938,7.2,93.8,50.1,86.2,64.0,8.5,Yes,Yes,School,65.7,Good
STU_11939,5.2,60.2,57.7,75.1,82.5,8.6,No,Yes,Graduate,63.0,Good
STU_11940,5.6,74.5,80.9,87.2,80.9,5.8,No,Yes,School,74.6,Good
STU_11941,4.2,86.4,78.6,65.3,67.5,6.9,No,Yes,School,64.0,Good
STU_11942,5.5,88.6,76.0,92.3,43.2,6.2,No,Yes,Graduate,78.9,Good
STU_11943,4.3,50.0,87.6,54.9,54.0,6.9,Yes,Yes,Graduate,75.4,Good
STU_11944,6.2,88.2,65.1,,100.0,7.3,Yes,No,School,81.3,Excellent
STU_11945,4.3,76.9,67.6,75.7,77.2,7.1,No,No,Graduate,69.3,Good
STU_11946,5.8,81.1,35.1,63.4,58.3,6.3,Yes,Yes,Graduate,57.5,Average
STU_11947,4.9,56.9,51.3,73.2,41.8,5.5,No,Yes,Graduate,50.8,Average
STU_11948,7.3,93.3,72.7,87.5,31.6,5.2,Yes,,Postgraduate,72.1,Good
STU_11949,4.9,66.9,78.0,75.3,81.4,9.2,No,Yes,Graduate,73.8,Good
STU_11950,,76.9,45.6,67.5,81.8,8.5,No,Yes,School,53.2,Average
STU_11951,7.5,66.3,63.6,87.2,61.4,7.4,No,Yes,School,65.7,Good
STU_11952,3.2,73.0,97.4,77.2,55.4,4.0,Yes,Yes,Graduate,60.1,Good
STU_11953,3.7,92.6,63.7,69.9,80.1,6.0,No,No,Postgraduate,63.1,Good
STU_11954,3.8,75.9,86.7,68.9,38.3,7.6,No,Yes,School,64.6,Good
STU_11955,7.7,77.2,70.2,64.9,94.0,8.0,No,Yes,Postgraduate,86.5,Excellent
STU_11956,1.0,55.0,73.4,81.8,73.8,6.6,No,No,School,65.0,Good
STU_11957,10.0,91.0,51.4,82.3,42.0,7.7,Yes,Yes,School,66.3,Good
STU_11958,7.1,79.3,40.9,87.7,74.6,6.9,Yes,Yes,Postgraduate,63.2,Good
STU_11959,5.4,60.9,75.8,76.0,51.1,8.4,Yes,Yes,School,59.5,Average
STU_11960,4.9,68.0,69.6,62.4,40.6,7.0,No,Yes,Graduate,62.1,Good
STU_11961,5.6,81.8,65.9,74.6,74.5,6.9,Yes,Yes,Graduate,75.8,Good
STU_11962,6.0,87.3,45.1,62.1,44.3,6.4,No,Yes,School,52.2,Average
STU_11963,6.3,87.7,59.6,72.3,40.6,7.9,Yes,Yes,Graduate,62.3,Good
STU_11964,6.1,55.7,55.7,,69.8,7.5,No,Yes,Postgraduate,82.5,Excellent
STU_11965,5.2,72.2,57.2,86.5,60.3,5.6,Yes,,Graduate,57.5,Average
STU_11966,4.6,81.0,68.4,82.7,78.2,7.5,No,Yes,,73.6,Good
STU_11967,4.7,59.0,75.6,69.7,57.2,7.2,No,No,Graduate,56.1,Average
STU_11968,4.6,86.7,69.3,82.5,55.8,8.2,No,Yes,School,60.5,Good
STU_11969,7.3,92.8,67.9,61.0,30.0,6.9,No,Yes,Graduate,64.6,Good
STU_11970,6.2,64.0,66.7,49.5,70.0,5.8,No,No,Graduate,72.9,Good
STU_11971,1.0,58.2,62.4,73.8,61.7,6.5,No,Yes,Graduate,61.9,Good
STU_11972,6.3,76.9,52.5,64.7,81.0,9.2,Yes,Yes,Graduate,80.1,Excellent
STU_11973,5.4,71.8,65.7,95.0,74.2,6.7,Yes,Yes,School,62.8,Good
STU_11974,5.0,58.7,76.2,92.9,67.3,8.2,No,Yes,Graduate,76.3,Good
STU_11975,4.2,66.7,63.3,60.4,50.3,5.4,No,Yes,Postgraduate,65.2,Good
STU_11976,7.2,69.1,51.2,79.7,55.4,7.5,No,Yes,School,62.7,Good
STU_11977,6.9,51.2,47.1,42.4,70.8,5.2,No,Yes,School,61.7,Good
STU_11978,3.5,74.7,50.7,74.8,61.2,7.1,No,Yes,Graduate,76.4,Good
STU_11979,5.8,64.2,47.8,74.4,84.7,6.1,No,Yes,Graduate,69.1,Good
STU_11980,3.1,64.0,100.0,56.1,83.0,5.9,No,Yes,School,69.1,Good
STU_11981,2.2,52.5,51.8,72.3,58.0,5.7,No,Yes,Graduate,62.2,Good
STU_11982,3.7,50.0,64.4,57.0,63.5,6.7,Yes,Yes,Graduate,67.3,Good
STU_11983,6.7,72.5,63.7,81.9,49.3,4.7,Yes,Yes,School,65.0,Good
STU_11984,6.9,92.9,86.2,72.6,60.4,5.3,Yes,Yes,Graduate,73.8,Good
STU_11985,6.0,50.0,71.4,90.9,77.2,7.1,No,No,School,77.7,Good
STU_11986,6.5,71.3,71.4,48.6,53.3,4.9,Yes,No,Graduate,59.4,Average
STU_11987,6.0,72.2,67.6,57.8,56.1,5.2,No,Yes,Graduate,63.2,Good
STU_11988,3.7,75.2,69.1,63.2,43.3,9.1,No,Yes,Graduate,61.4,Good
STU_11989,5.9,59.8,69.8,76.9,53.0,8.9,No,No,School,62.0,Good
STU_11990,6.6,68.5,55.6,73.8,71.8,6.0,No,No,Graduate,66.5,Good
STU_11991,6.5,80.5,51.2,76.0,58.1,7.4,Yes,Yes,School,60.7,Good
STU_11992,7.4,85.6,65.9,60.9,43.6,6.0,Yes,Yes,School,67.6,Good
STU_11993,6.4,66.3,56.9,43.4,65.4,6.1,Yes,Yes,School,58.1,Average
STU_11994,5.7,84.6,67.8,59.4,61.2,4.0,No,Yes,School,73.3,Good
STU_11995,7.1,80.9,48.8,89.7,79.9,8.8,Yes,Yes,Postgraduate,78.3,Good
STU_11996,4.9,79.7,42.9,61.3,59.8,7.7,Yes,Yes,Graduate,66.4,Good
STU_11997,3.2,,45.8,72.5,46.1,7.9,No,Yes,Postgraduate,59.5,Average
STU_11998,4.7,50.7,63.9,70.9,77.4,7.6,Yes,Yes,School,73.8,Good
STU_11999,3.5,87.7,40.8,72.6,46.5,6.8,No,Yes,Graduate,52.9,Average
STU_12000,3.6,53.1,94.2,51.3,41.2,6.4,No,Yes,School,51.3,Average
STU_12001,4.7,77.8,94.3,81.5,45.4,7.0,No,Yes,School,64.4,Good
STU_12002,3.4,88.6,78.3,68.6,52.2,8.8,No,Yes,Graduate,60.2,Good
STU_12003,4.4,67.4,59.5,100.0,31.8,7.0,Yes,Yes,Graduate,58.0,Average
STU_12004,1.2,90.4,57.7,64.8,34.4,9.3,Yes,Yes,School,45.6,Average
STU_12005,5.4,62.9,69.4,83.7,74.5,6.1,Yes,Yes,Graduate,72.9,Good
STU_12006,5.0,80.0,73.9,64.6,59.3,5.2,No,Yes,School,69.5,Good
STU_12007,3.4,61.6,69.4,96.9,59.4,5.9,No,Yes,Graduate,60.1,Good
STU_12008,6.3,80.3,,80.2,61.1,6.8,No,Yes,Graduate,61.3,Good
STU_12009,6.9,54.6,62.2,52.0,71.0,8.7,No,Yes,Graduate,71.3,Good
STU_12010,1.8,78.2,73.0,89.7,48.9,6.4,No,Yes,Graduate,54.8,Average
STU_12011,3.5,64.9,30.0,80.9,71.0,5.3,No,Yes,Graduate,58.0,Average
STU_12012,3.5,79.9,48.4,63.5,63.8,7.0,No,Yes,Graduate,62.8,Good
STU_12013,3.1,57.7,72.9,47.4,46.7,8.5,No,Yes,Graduate,67.9,Good
STU_12014,6.7,84.9,60.3,86.8,71.7,7.0,Yes,Yes,Graduate,61.5,Good
STU_12015,4.6,56.8,60.3,94.2,62.9,7.2,Yes,Yes,Graduate,61.1,Good
STU_12016,4.5,67.1,81.6,85.7,45.3,7.0,Yes,Yes,Graduate,70.8,Good
STU_12017,1.0,65.2,64.2,82.2,46.5,6.7,Yes,Yes,School,55.1,Average
STU_12018,6.3,82.8,57.9,77.8,69.7,9.9,No,Yes,Postgraduate,56.2,Average
STU_12019,2.5,71.6,60.4,84.8,78.2,8.6,No,No,Graduate,63.5,Good
STU_12020,5.1,86.6,60.9,66.3,66.5,9.2,No,No,Graduate,59.8,Average
STU_12021,5.6,77.0,52.5,44.6,76.2,10.0,Yes,No,Postgraduate,54.3,Average
STU_12022,7.7,82.6,61.7,80.6,81.7,8.5,No,Yes,Postgraduate,76.6,Good
STU_12023,2.4,55.7,47.9,75.5,58.4,6.4,No,Yes,Graduate,48.0,Average
STU_12024,1.0,85.1,60.0,50.3,64.6,8.1,Yes,Yes,School,51.6,Average
STU_12025,5.4,67.2,57.3,40.0,72.7,9.3,No,Yes,Graduate,68.9,Good
STU_12026,8.6,56.5,68.5,71.1,43.6,7.6,No,Yes,School,75.9,Good
STU_12027,7.5,50.0,87.7,67.8,78.5,6.6,No,Yes,Graduate,71.1,Good
STU_12028,5.4,75.1,68.9,66.6,83.8,8.6,No,Yes,Graduate,73.4,Good
STU_12029,4.0,84.2,66.5,78.1,50.2,5.5,Yes,No,Graduate,67.3,Good
STU_12030,6.6,67.4,68.5,59.6,100.0,7.2,No,Yes,Graduate,70.9,Good
STU_12031,3.1,87.5,52.1,79.6,74.7,7.9,No,Yes,Graduate,60.7,Good
STU_12032,6.0,75.5,75.5,79.7,59.6,6.9,No,Yes,School,73.8,Good
STU_12033,6.0,50.0,71.1,40.0,,7.8,Yes,Yes,Graduate,52.9,Average
STU_12034,7.1,73.5,64.3,69.0,60.5,7.8,No,No,Graduate,65.2,Good
STU_12035,10.0,50.0,70.3,72.8,68.8,7.7,Yes,Yes,Graduate,69.2,Good
STU_12036,5.8,60.3,69.9,80.5,66.9,6.8,No,Yes,Postgraduate,65.6,Good
STU_12037,4.0,98.2,69.9,77.7,41.0,6.5,No,Yes,Graduate,64.6,Good
STU_12038,4.9,85.9,79.9,45.5,51.4,6.9,No,Yes,Graduate,60.5,Good
STU_12039,,50.0,53.6,71.3,72.9,5.4,Yes,Yes,Graduate,60.0,Good
STU_12040,3.6,85.2,84.7,66.4,71.5,8.7,Yes,Yes,Graduate,79.1,Good
STU_12041,4.2,56.2,41.0,85.0,77.1,7.6,Yes,Yes,Graduate,66.2,Good
STU_12042,4.0,89.0,74.9,,63.9,7.2,No,Yes,School,60.1,Good
STU_12043,5.3,84.1,67.5,70.0,61.5,6.2,No,Yes,Graduate,73.1,Good
STU_12044,3.4,71.6,50.6,82.2,70.2,7.2,No,Yes,Graduate,64.0,Good
STU_12045,7.2,92.5,80.4,80.6,63.5,7.1,Yes,Yes,Postgraduate,88.3,Excellent
STU_12046,5.0,72.1,37.8,67.8,37.5,6.5,No,Yes,Graduate,48.0,Average
STU_12047,5.0,68.1,89.4,86.5,86.3,8.3,Yes,Yes,Postgraduate,83.4,Excellent
STU_12048,4.3,75.1,98.9,59.8,76.7,5.6,Yes,Yes,School,72.7,Good
STU_12049,5.3,81.2,62.6,,68.8,5.9,No,No,Graduate,68.6,Good
STU_12050,6.7,83.0,49.6,82.6,40.1,8.3,Yes,,Postgraduate,67.3,Good
STU_12051,3.3,64.1,56.3,50.8,,8.8,Yes,Yes,Graduate,61.6,Good
STU_12052,3.7,54.1,79.6,88.2,55.0,7.3,Yes,Yes,Graduate,73.9,Good
STU_12053,4.4,94.0,60.2,46.9,75.3,5.8,No,Yes,Graduate,66.7,Good
STU_12054,2.3,86.6,30.0,75.2,70.7,8.6,Yes,Yes,Postgraduate,75.6,Good
STU_12055,3.4,,70.8,63.4,56.6,7.3,Yes,Yes,Postgraduate,81.2,Excellent
STU_12056,4.0,55.5,78.4,84.2,78.8,7.1,Yes,Yes,Graduate,70.2,Good
STU_12057,6.7,75.6,72.7,74.6,42.9,8.9,,Yes,Graduate,65.5,Good
STU_12058,,69.9,75.1,95.1,62.9,8.0,No,Yes,Postgraduate,68.0,Good
STU_12059,5.4,77.2,89.1,85.9,88.5,6.6,No,No,School,88.7,Excellent
STU_12060,6.7,70.7,61.8,,,5.1,Yes,Yes,Graduate,68.0,Good
STU_12061,4.7,78.0,90.8,86.9,76.6,6.6,No,Yes,Postgraduate,82.2,Excellent
STU_12062,5.8,75.0,62.7,68.6,63.3,7.6,Yes,Yes,Graduate,61.1,Good
STU_12063,4.8,73.2,81.9,54.8,61.7,7.8,Yes,Yes,,69.1,Good
STU_12064,5.5,71.4,62.9,63.6,42.5,5.5,No,Yes,Graduate,48.7,Average
STU_12065,3.8,74.9,95.6,68.4,59.5,6.2,No,Yes,School,76.4,Good
STU_12066,1.0,63.2,74.7,40.0,72.8,4.0,Yes,Yes,Postgraduate,71.2,Good
STU_12067,4.7,91.0,63.6,89.4,44.5,7.4,Yes,Yes,Graduate,72.1,Good
STU_12068,7.8,82.7,47.0,68.6,46.6,4.9,No,Yes,Graduate,56.1,Average
STU_12069,6.9,73.9,68.1,83.5,68.7,6.4,No,Yes,Graduate,77.1,Good
STU_12070,6.9,86.7,52.7,72.2,75.2,,No,Yes,Graduate,71.6,Good
STU_12071,7.5,80.9,71.6,48.4,94.2,7.8,No,Yes,Graduate,84.3,Excellent
STU_12072,,68.7,74.9,71.1,57.6,7.5,No,Yes,,72.5,Good
STU_12073,5.4,69.8,80.6,68.3,58.0,6.1,No,Yes,Graduate,62.0,Good
STU_12074,3.8,73.0,73.1,60.4,75.3,7.2,No,Yes,Graduate,74.5,Good
STU_12075,4.4,90.0,66.2,64.5,71.1,7.8,No,Yes,School,66.3,Good
STU_12076,6.2,71.7,84.9,70.4,57.9,7.4,No,Yes,Postgraduate,81.0,Excellent
STU_12077,7.4,,86.6,40.0,61.5,4.0,No,Yes,Graduate,59.3,Average
STU_12078,4.7,69.8,49.2,75.0,51.9,9.8,Yes,Yes,,63.4,Good
STU_12079,4.1,67.6,91.4,78.5,43.5,7.6,No,Yes,Graduate,66.0,Good
STU_12080,5.0,63.2,83.4,77.0,59.8,8.3,No,Yes,School,69.7,Good
STU_12081,6.2,55.9,52.2,66.1,86.4,6.1,Yes,Yes,Graduate,65.2,Good
STU_12082,2.1,74.9,36.8,97.5,50.5,5.9,Yes,Yes,Graduate,61.4,Good
STU_12083,1.0,77.9,83.1,77.2,39.0,6.4,Yes,Yes,School,54.7,Average
STU_12084,3.9,64.7,68.1,64.2,45.9,9.4,No,Yes,School,48.6,Average
STU_12085,2.6,86.2,58.2,52.7,70.5,6.6,No,Yes,School,54.4,Average
STU_12086,4.0,64.9,69.7,50.9,68.9,6.9,Yes,Yes,Postgraduate,61.1,Good
STU_12087,4.7,83.6,82.8,75.6,82.3,9.2,Yes,Yes,Graduate,77.2,Good
STU_12088,4.1,62.8,34.5,80.1,79.0,6.6,No,Yes,Graduate,66.3,Good
STU_12089,7.9,68.1,66.9,71.7,66.8,7.0,No,Yes,Graduate,66.1,Good
STU_12090,5.7,90.2,65.9,69.2,72.4,5.4,Yes,Yes,Graduate,77.1,Good
STU_12091,5.6,65.8,87.4,65.3,50.0,9.3,No,Yes,Graduate,71.7,Good
STU_12092,6.2,65.0,77.4,76.9,73.0,6.1,No,Yes,School,78.4,Good
STU_12093,2.7,62.7,77.3,59.1,60.3,6.8,No,No,School,56.0,Average
STU_12094,7.1,59.2,58.3,69.7,75.6,4.0,No,Yes,Graduate,77.8,Good
STU_12095,4.8,72.4,75.0,71.3,68.7,6.8,Yes,Yes,Postgraduate,71.0,Good
STU_12096,6.3,51.4,57.7,78.1,54.4,6.9,No,Yes,School,67.3,Good
STU_12097,2.9,67.0,63.4,58.5,44.4,6.5,No,Yes,School,63.4,Good
STU_12098,1.9,78.8,73.6,55.9,54.0,4.9,No,Yes,School,64.3,Good
STU_12099,6.6,69.4,66.3,70.7,65.0,7.7,Yes,No,Graduate,68.0,Good
STU_12100,5.8,67.1,69.7,72.9,48.9,4.7,No,Yes,School,56.2,Average
STU_12101,3.2,77.6,84.7,69.9,59.6,5.0,No,Yes,School,60.1,Good
STU_12102,3.3,92.5,59.5,40.0,79.4,6.7,No,Yes,Graduate,56.2,Average
STU_12103,7.3,86.9,49.4,74.7,80.8,8.5,,Yes,School,67.1,Good
STU_12104,2.6,53.1,51.4,100.0,69.7,6.9,Yes,Yes,School,64.5,Good
STU_12105,8.3,82.7,48.1,82.9,83.8,7.4,Yes,Yes,Graduate,81.0,Excellent
STU_12106,3.2,55.0,89.1,42.6,41.8,6.2,Yes,Yes,Graduate,62.8,Good
STU_12107,6.3,87.2,74.8,64.3,82.8,6.2,No,Yes,Postgraduate,82.7,Excellent
STU_12108,4.3,94.8,81.1,67.3,40.2,8.1,No,Yes,Graduate,70.6,Good
STU_12109,6.2,79.8,78.4,65.5,62.2,8.5,Yes,Yes,School,70.4,Good
STU_12110,3.9,75.6,62.0,52.7,49.0,8.3,No,Yes,Graduate,61.2,Good
STU_12111,4.7,70.7,89.4,57.5,73.8,7.7,No,Yes,Graduate,70.3,Good
STU_12112,5.1,80.1,54.6,83.1,36.9,7.4,No,Yes,School,60.8,Good
STU_12113,3.0,94.7,95.2,80.5,33.8,5.3,No,Yes,School,64.3,Good
STU_12114,6.5,70.6,66.9,68.4,51.5,6.3,No,Yes,School,63.5,Good
STU_12115,4.0,50.0,91.8,83.3,50.4,6.1,Yes,Yes,Postgraduate,69.2,Good
STU_12116,4.5,72.2,49.3,60.8,52.9,7.1,Yes,Yes,Postgraduate,49.3,Average
STU_12117,3.0,75.5,58.5,65.2,51.2,7.9,Yes,No,Graduate,55.9,Average
STU_12118,1.0,97.4,41.0,64.9,73.0,6.6,No,Yes,School,60.0,Good
STU_12119,4.6,78.5,80.6,48.3,60.6,4.0,No,Yes,Graduate,69.9,Good
STU_12120,9.8,84.2,68.8,66.4,86.8,8.5,Yes,Yes,Graduate,85.4,Excellent
STU_12121,,,95.2,92.9,65.7,5.9,Yes,Yes,Graduate,78.9,Good
STU_12122,5.0,71.6,57.7,91.4,76.1,,Yes,Yes,Postgraduate,71.4,Good
STU_12123,4.5,,85.1,71.6,71.3,7.8,Yes,Yes,Graduate,64.6,Good
STU_12124,5.0,70.7,66.2,66.9,47.6,6.4,No,Yes,Postgraduate,67.1,Good
STU_12125,6.1,59.0,63.6,94.8,53.7,7.0,No,Yes,Postgraduate,64.7,Good
STU_12126,2.6,91.5,60.7,66.5,77.9,7.4,Yes,Yes,Graduate,70.1,Good
STU_12127,7.2,62.1,52.3,62.7,33.6,7.2,Yes,No,Graduate,58.5,Average
STU_12128,6.4,64.3,70.6,83.4,,6.7,No,Yes,Graduate,67.7,Good
STU_12129,6.4,83.6,68.2,46.0,59.1,,Yes,Yes,Graduate,67.4,Good
STU_12130,5.9,50.0,41.4,68.4,50.1,9.8,No,Yes,Graduate,67.2,Good
STU_12131,5.0,72.8,30.0,69.1,57.7,8.6,Yes,Yes,Graduate,55.6,Average
STU_12132,6.3,78.2,60.3,77.2,87.9,8.2,No,Yes,Graduate,81.8,Excellent
STU_12133,6.2,85.4,82.4,61.7,34.4,7.6,No,Yes,Graduate,66.4,Good
STU_12134,4.3,92.5,68.3,67.6,42.5,9.0,Yes,Yes,Postgraduate,67.5,Good
STU_12135,3.9,50.0,45.5,71.3,31.0,8.2,Yes,Yes,School,49.2,Average
STU_12136,5.2,60.3,38.4,66.4,55.0,8.7,No,No,Graduate,59.7,Average
STU_12137,8.1,81.8,,67.4,52.0,8.7,No,Yes,Postgraduate,73.6,Good
STU_12138,2.5,66.5,40.2,81.7,64.6,7.9,No,Yes,School,60.5,Good
STU_12139,2.1,70.9,76.4,78.1,54.3,7.7,No,Yes,Postgraduate,71.1,Good
STU_12140,5.3,75.3,,77.3,69.2,6.7,No,Yes,Graduate,77.9,Good
STU_12141,5.1,67.3,89.5,47.0,49.4,,Yes,Yes,Postgraduate,70.7,Good
STU_12142,5.3,50.0,55.6,76.0,95.6,7.0,Yes,Yes,Postgraduate,78.8,Good
STU_12143,5.5,85.7,79.1,58.2,71.8,5.8,Yes,No,Graduate,70.8,Good
STU_12144,4.6,54.9,86.0,97.9,70.3,7.5,Yes,Yes,School,73.9,Good
STU_12145,8.0,50.0,44.9,69.9,72.0,6.9,No,Yes,Graduate,67.4,Good
STU_12146,1.8,88.1,67.0,,45.3,5.9,Yes,Yes,School,60.1,Good
STU_12147,3.3,74.7,64.4,91.3,58.1,5.9,Yes,Yes,Postgraduate,71.3,Good
STU_12148,4.8,93.1,49.0,86.9,58.7,7.1,Yes,No,Graduate,72.3,Good
STU_12149,1.7,91.4,69.0,66.7,54.4,7.2,Yes,Yes,School,61.4,Good
STU_12150,4.6,66.3,47.5,53.5,56.4,5.4,Yes,Yes,Graduate,48.4,Average
STU_12151,8.3,86.7,70.7,45.3,75.3,6.6,Yes,No,School,57.6,Average
STU_12152,5.0,85.7,97.6,55.3,61.1,8.2,No,Yes,Graduate,73.5,Good
STU_12153,5.5,50.0,61.9,74.5,66.8,4.0,No,Yes,Graduate,71.0,Good
STU_12154,2.5,65.9,63.6,67.9,35.0,,No,Yes,School,51.0,Average
STU_12155,3.8,92.6,86.2,56.9,34.0,7.0,No,Yes,Graduate,72.9,Good
STU_12156,4.2,88.1,83.9,64.5,46.9,7.8,No,Yes,School,65.6,Good
STU_12157,4.4,90.3,55.7,94.0,88.2,6.7,Yes,No,School,88.0,Excellent
STU_12158,7.6,73.6,75.3,85.7,94.1,6.5,No,Yes,School,81.4,Excellent
STU_12159,6.1,84.4,30.0,,77.7,7.7,No,Yes,Postgraduate,79.8,Good
STU_12160,2.8,86.6,49.9,60.3,55.7,6.9,Yes,Yes,Graduate,55.6,Average
STU_12161,5.5,77.2,81.0,81.3,68.8,9.1,No,No,Graduate,79.9,Good
STU_12162,6.0,73.6,57.3,79.8,82.2,7.7,Yes,No,Graduate,75.7,Good
STU_12163,7.3,76.4,62.0,90.6,91.7,8.0,Yes,Yes,Graduate,84.3,Excellent
STU_12164,8.2,91.5,51.1,70.2,43.6,7.1,Yes,Yes,,66.6,Good
STU_12165,3.0,93.6,48.7,59.0,65.3,9.3,Yes,Yes,School,68.6,Good
STU_12166,3.4,67.3,30.0,57.4,56.8,6.3,No,Yes,School,47.6,Average
STU_12167,2.5,74.3,59.6,69.8,71.4,5.6,Yes,Yes,School,63.6,Good
STU_12168,4.5,73.7,72.0,71.1,62.8,6.9,No,Yes,Graduate,83.8,Excellent
STU_12169,5.9,,68.7,73.8,46.0,6.7,Yes,Yes,School,69.2,Good
STU_12170,7.0,69.0,52.5,50.5,68.3,6.8,Yes,Yes,Graduate,71.9,Good
STU_12171,4.8,59.5,43.6,88.1,50.9,9.4,Yes,No,School,56.9,Average
STU_12172,4.4,76.6,59.4,51.1,61.4,6.1,No,Yes,Graduate,56.6,Average
STU_12173,5.3,85.9,45.1,88.1,,6.9,No,Yes,Postgraduate,72.4,Good
STU_12174,3.3,54.4,53.5,65.5,89.0,5.0,Yes,Yes,School,65.3,Good
STU_12175,9.2,50.0,66.9,95.8,67.1,,No,No,School,72.7,Good
STU_12176,1.8,78.2,51.9,45.6,60.6,4.2,No,Yes,Graduate,42.3,Average
STU_12177,5.4,89.3,84.3,86.5,73.6,7.2,Yes,Yes,School,68.5,Good
STU_12178,9.0,84.7,49.3,55.6,47.9,5.4,No,Yes,School,49.2,Average
STU_12179,5.0,65.4,55.9,54.6,63.6,5.3,No,No,School,58.3,Average
STU_12180,4.6,83.3,77.7,,,5.9,No,Yes,Postgraduate,71.5,Good
STU_12181,4.3,50.0,75.4,80.5,71.4,5.7,No,Yes,Graduate,58.8,Average
STU_12182,4.6,86.0,72.7,,53.5,7.3,Yes,No,Postgraduate,58.0,Average
STU_12183,7.7,50.0,55.4,72.8,67.8,5.5,Yes,Yes,Graduate,56.9,Average
STU_12184,1.0,50.0,73.8,89.7,72.9,8.2,Yes,Yes,Postgraduate,66.0,Good
STU_12185,8.1,50.0,76.9,77.8,47.5,8.6,No,Yes,Postgraduate,67.0,Good
STU_12186,2.2,90.5,71.6,70.4,52.3,9.0,No,Yes,Postgraduate,67.7,Good
STU_12187,4.5,94.4,64.5,86.1,56.8,5.2,No,No,School,66.0,Good
STU_12188,4.1,91.4,73.7,75.2,99.3,6.1,No,Yes,Graduate,75.7,Good
STU_12189,6.2,93.5,63.9,46.8,50.0,6.4,Yes,No,Graduate,65.0,Good
STU_12190,1.8,,71.1,71.3,67.2,,Yes,Yes,Graduate,55.7,Average
STU_12191,5.9,88.0,66.1,76.8,56.4,8.0,No,Yes,Graduate,66.3,Good
STU_12192,9.0,72.5,42.3,73.1,47.0,7.4,Yes,No,Graduate,57.8,Average
STU_12193,2.3,67.9,56.2,64.3,73.2,5.9,No,No,Postgraduate,59.6,Average
STU_12194,5.4,72.3,96.2,76.4,39.4,6.7,Yes,Yes,Postgraduate,60.3,Good
STU_12195,3.7,88.4,35.9,72.6,85.1,7.0,Yes,Yes,Postgraduate,81.1,Excellent
STU_12196,5.9,60.5,88.3,42.1,45.4,6.8,Yes,Yes,Graduate,65.6,Good
STU_12197,5.0,96.8,74.4,51.4,51.4,6.1,No,Yes,Graduate,66.3,Good
STU_12198,3.7,61.6,65.5,74.3,71.1,5.7,No,No,Graduate,51.4,Average
STU_12199,6.0,83.7,39.8,80.4,74.0,7.9,No,Yes,Graduate,68.7,Good
STU_12200,8.6,68.3,65.0,59.1,65.7,5.6,No,Yes,Postgraduate,69.3,Good
STU_12201,4.6,94.7,53.8,80.3,53.5,7.8,Yes,Yes,Postgraduate,74.4,Good
STU_12202,6.4,78.2,82.8,77.0,36.5,7.3,Yes,Yes,Graduate,67.7,Good
STU_12203,2.4,53.2,55.0,67.4,60.6,6.0,Yes,Yes,Postgraduate,57.2,Average
STU_12204,3.1,74.8,60.9,76.0,48.4,7.6,,Yes,Graduate,61.2,Good
STU_12205,5.9,65.2,68.7,75.7,100.0,6.1,No,Yes,Graduate,86.0,Excellent
STU_12206,8.0,74.1,55.3,82.3,64.1,7.7,No,Yes,Postgraduate,63.2,Good
STU_12207,5.7,80.0,79.4,82.9,41.4,6.1,No,Yes,Graduate,57.9,Average
STU_12208,4.4,65.5,60.6,55.4,56.7,7.1,No,Yes,School,43.9,Average
STU_12209,5.0,50.0,36.8,59.7,74.1,6.9,No,Yes,Graduate,63.9,Good
STU_12210,2.5,71.1,67.3,90.7,80.6,6.3,No,Yes,,76.8,Good
STU_12211,6.2,61.8,77.1,82.4,57.1,6.6,Yes,No,School,61.4,Good
STU_12212,6.8,50.0,86.6,78.9,60.1,6.2,No,Yes,Graduate,64.2,Good
STU_12213,4.1,73.3,73.3,81.1,71.0,8.4,No,Yes,Postgraduate,78.6,Good
STU_12214,4.1,92.2,82.3,85.9,47.0,6.2,No,Yes,Postgraduate,62.7,Good
STU_12215,5.5,75.8,,71.9,67.6,6.9,Yes,No,Graduate,68.2,Good
STU_12216,4.1,70.6,50.6,64.7,66.6,4.5,Yes,Yes,Graduate,58.3,Average
STU_12217,4.9,81.3,,77.9,70.5,6.2,No,Yes,School,85.1,Excellent
STU_12218,9.2,79.2,30.5,69.6,61.4,7.8,Yes,Yes,Graduate,64.6,Good
STU_12219,4.5,72.9,61.7,91.7,37.0,7.6,No,No,Graduate,68.1,Good
STU_12220,4.3,73.1,74.8,91.5,65.6,7.5,,No,Graduate,74.8,Good
STU_12221,3.7,50.9,41.3,82.5,48.0,7.0,No,Yes,Graduate,51.9,Average
STU_12222,6.5,85.5,84.4,52.1,89.6,7.3,Yes,Yes,School,74.1,Good
STU_12223,4.6,78.9,63.5,54.7,90.1,8.7,No,Yes,Postgraduate,71.8,Good
STU_12224,3.7,50.0,51.6,51.6,43.7,5.9,Yes,Yes,Graduate,51.7,Average
STU_12225,7.6,90.7,41.3,72.6,48.3,8.5,No,Yes,Graduate,60.0,Good
STU_12226,,90.5,89.9,82.9,30.0,5.9,Yes,Yes,School,75.6,Good
STU_12227,3.8,74.4,82.7,65.7,73.8,7.4,Yes,Yes,Graduate,72.5,Good
STU_12228,1.3,90.3,58.9,61.0,52.8,6.0,No,No,School,48.4,Average
STU_12229,7.0,63.1,78.9,71.5,66.3,8.0,Yes,Yes,Postgraduate,73.7,Good
STU_12230,3.6,50.0,61.9,59.0,53.4,5.5,No,Yes,Postgraduate,60.5,Good
STU_12231,6.6,91.7,55.9,73.7,36.4,5.8,Yes,Yes,School,55.5,Average
STU_12232,1.1,88.7,55.2,66.6,65.4,6.9,No,Yes,Graduate,52.9,Average
STU_12233,6.8,57.4,61.5,60.8,82.6,6.1,No,Yes,School,60.0,Good
STU_12234,2.6,69.2,59.0,71.6,61.6,6.1,No,Yes,Postgraduate,59.6,Average
STU_12235,6.5,84.1,65.9,82.4,45.6,6.9,No,No,School,62.7,Good
STU_12236,5.0,69.1,89.1,48.7,59.6,5.5,No,No,,56.0,Average
STU_12237,3.1,74.1,99.2,72.4,70.2,7.2,No,Yes,School,72.7,Good
STU_12238,4.2,,47.0,40.6,58.8,7.4,Yes,Yes,Graduate,56.0,Average
STU_12239,6.4,84.7,71.9,66.4,44.4,5.1,No,Yes,School,69.3,Good
STU_12240,5.2,83.3,68.1,79.7,,7.3,No,,Graduate,83.4,Excellent
STU_12241,6.2,94.1,73.0,84.3,37.8,7.2,Yes,Yes,Graduate,58.1,Average
STU_12242,9.0,86.5,58.2,62.7,98.4,7.5,No,No,Graduate,78.9,Good
STU_12243,1.9,83.9,73.2,62.5,60.5,7.1,Yes,No,Graduate,50.1,Average
STU_12244,8.2,75.3,44.3,66.8,76.4,7.4,No,Yes,School,70.6,Good
STU_12245,5.2,93.6,100.0,54.6,65.4,7.4,No,Yes,Postgraduate,79.6,Good
STU_12246,3.2,80.5,69.4,72.3,,7.3,No,Yes,School,54.5,Average
STU_12247,2.3,83.9,76.0,56.0,83.3,7.4,No,Yes,Postgraduate,71.7,Good
STU_12248,4.6,69.3,48.2,77.8,71.9,8.8,Yes,No,Graduate,58.4,Average
STU_12249,6.8,80.0,54.6,60.0,60.5,8.6,Yes,Yes,Graduate,65.3,Good
STU_12250,4.7,85.6,43.0,65.5,73.6,6.9,Yes,Yes,School,63.6,Good
STU_12251,8.0,82.5,86.8,77.0,59.8,6.3,Yes,No,School,73.8,Good
STU_12252,2.1,50.0,48.4,78.9,30.0,8.5,No,Yes,Graduate,53.6,Average
STU_12253,5.0,76.2,,78.3,34.6,9.7,No,Yes,School,54.7,Average
STU_12254,2.5,75.2,62.8,73.7,61.6,7.0,Yes,Yes,Graduate,66.9,Good
STU_12255,5.7,58.0,72.1,54.8,56.9,7.6,Yes,Yes,Graduate,57.1,Average
STU_12256,6.8,80.2,45.6,69.6,60.6,6.6,Yes,Yes,School,51.2,Average
STU_12257,4.2,92.9,77.9,67.6,56.6,7.6,Yes,,School,57.8,Average
STU_12258,1.0,59.5,83.7,64.1,44.1,4.6,No,No,Postgraduate,50.4,Average
STU_12259,5.4,90.9,55.1,71.0,39.9,6.4,Yes,Yes,Graduate,65.7,Good
STU_12260,5.9,,64.5,57.9,48.5,7.9,No,Yes,Postgraduate,67.2,Good
STU_12261,5.8,91.1,74.4,69.5,,6.0,No,Yes,School,71.0,Good
STU_12262,7.5,,68.8,65.8,48.9,7.7,No,Yes,School,50.3,Average
STU_12263,2.9,72.7,50.0,63.6,78.7,7.6,Yes,Yes,Graduate,74.3,Good
STU_12264,,75.9,,54.4,45.4,,Yes,No,Postgraduate,55.6,Average
STU_12265,7.4,93.3,87.7,54.0,81.0,6.4,No,Yes,Graduate,80.6,Excellent
STU_12266,1.4,89.9,87.6,88.8,53.8,7.9,Yes,Yes,Graduate,68.7,Good
STU_12267,5.6,,73.6,71.6,57.1,9.2,No,Yes,School,68.8,Good
STU_12268,,71.6,76.5,95.4,57.2,6.4,No,No,Postgraduate,78.2,Good
STU_12269,4.8,81.8,,96.1,71.3,6.2,Yes,Yes,Graduate,74.9,Good
STU_12270,5.7,79.7,51.2,87.2,66.0,6.8,Yes,Yes,School,72.7,Good
STU_12271,4.0,68.1,64.0,52.1,64.2,7.3,,Yes,Graduate,80.6,Excellent
STU_12272,3.6,71.3,99.0,89.8,60.7,5.8,No,Yes,School,80.0,Excellent
STU_12273,5.1,82.1,57.0,68.2,52.9,6.5,No,,Graduate,52.3,Average
STU_12274,2.8,74.6,71.5,66.1,79.6,8.7,No,Yes,Graduate,51.8,Average
STU_12275,2.8,68.2,70.7,64.1,63.4,8.4,Yes,Yes,Graduate,67.7,Good
STU_12276,6.4,68.6,59.4,65.1,71.2,5.8,Yes,Yes,Graduate,65.8,Good
STU_12277,2.7,60.2,87.3,75.6,65.2,9.2,Yes,Yes,Graduate,75.4,Good
STU_12278,6.3,68.1,88.8,100.0,55.3,6.5,No,Yes,Graduate,62.1,Good
STU_12279,5.9,63.4,100.0,47.0,100.0,7.4,No,Yes,Graduate,86.9,Excellent
STU_12280,1.5,74.1,53.0,97.2,81.7,7.1,Yes,Yes,Graduate,68.9,Good
STU_12281,3.6,54.7,71.1,91.1,53.4,8.1,Yes,Yes,School,78.3,Good
STU_12282,7.4,92.0,66.3,67.5,94.8,5.6,No,No,Graduate,77.0,Good
STU_12283,3.0,52.8,54.7,63.0,76.8,6.4,Yes,Yes,Postgraduate,66.6,Good
STU_12284,4.1,75.3,55.0,51.1,44.5,5.9,No,No,Graduate,49.5,Average
STU_12285,5.9,83.9,67.5,57.3,76.1,5.7,Yes,Yes,School,66.8,Good
STU_12286,6.6,79.9,58.0,61.5,68.7,6.1,Yes,Yes,Graduate,70.1,Good
STU_12287,4.5,57.2,50.3,68.6,64.6,6.0,Yes,Yes,Graduate,59.6,Average
STU_12288,3.8,67.6,66.9,69.6,78.2,7.8,Yes,No,School,62.6,Good
STU_12289,7.8,50.0,48.4,80.7,67.5,6.5,Yes,Yes,Graduate,70.7,Good
STU_12290,8.5,64.9,58.0,79.1,30.0,6.7,Yes,Yes,School,58.8,Average
STU_12291,7.0,74.1,70.4,73.3,40.3,4.8,Yes,No,Postgraduate,68.4,Good
STU_12292,5.2,71.0,63.0,69.4,48.3,8.2,Yes,,Graduate,54.2,Average
STU_12293,3.4,69.5,61.1,86.0,93.9,4.9,Yes,No,Graduate,72.3,Good
STU_12294,3.3,81.9,92.1,81.8,72.4,7.1,Yes,Yes,School,74.8,Good
STU_12295,6.0,55.0,86.0,76.2,70.7,8.6,No,Yes,Graduate,61.1,Good
STU_12296,5.8,,66.2,64.3,63.7,8.8,No,No,School,57.0,Average
STU_12297,7.8,50.0,49.8,85.5,47.3,5.3,Yes,Yes,School,47.5,Average
STU_12298,6.3,89.2,77.2,81.7,38.7,6.8,Yes,Yes,Postgraduate,72.5,Good
STU_12299,2.0,57.9,100.0,66.6,77.9,7.9,Yes,Yes,Postgraduate,70.3,Good
STU_12300,7.1,97.0,85.5,43.2,88.6,6.5,No,Yes,Postgraduate,77.2,Good
STU_12301,3.0,81.1,45.5,71.3,72.8,8.3,Yes,Yes,School,70.0,Good
STU_12302,4.2,74.6,62.0,60.3,54.1,4.6,Yes,Yes,Graduate,61.0,Good
STU_12303,5.5,77.3,54.0,80.0,55.5,7.2,No,Yes,,67.9,Good
STU_12304,9.0,76.9,51.1,73.0,73.1,7.5,Yes,Yes,Graduate,70.8,Good
STU_12305,10.0,65.0,82.0,46.6,60.1,5.6,No,Yes,Graduate,66.8,Good
STU_12306,6.2,50.0,81.7,74.1,59.5,8.0,No,Yes,Graduate,61.3,Good
STU_12307,4.6,74.5,91.6,94.0,53.4,5.8,No,Yes,Graduate,78.7,Good
STU_12308,6.1,79.8,75.2,67.9,51.4,8.9,No,Yes,Postgraduate,78.8,Good
STU_12309,6.8,50.0,64.3,69.9,60.1,6.6,Yes,No,Graduate,72.0,Good
STU_12310,4.4,79.8,67.8,65.2,36.7,6.8,No,Yes,Graduate,51.8,Average
STU_12311,8.6,84.2,51.4,71.0,71.9,5.8,Yes,Yes,School,78.8,Good
STU_12312,5.5,75.8,85.6,91.6,32.1,6.6,No,Yes,Graduate,67.8,Good
STU_12313,6.0,,53.9,84.8,79.0,6.2,Yes,Yes,School,78.9,Good
STU_12314,6.3,57.3,58.9,61.9,53.6,7.4,Yes,Yes,School,63.3,Good
STU_12315,5.8,70.1,60.4,69.0,60.1,7.3,No,Yes,Graduate,66.8,Good
STU_12316,6.7,59.4,30.0,69.9,70.9,6.9,No,Yes,Graduate,62.5,Good
STU_12317,3.8,72.1,78.0,75.8,57.4,7.2,Yes,Yes,School,57.1,Average
STU_12318,3.9,81.5,50.8,76.0,50.2,5.7,No,Yes,Postgraduate,53.3,Average
STU_12319,2.8,50.0,75.3,68.7,66.6,5.8,No,Yes,Graduate,59.6,Average
STU_12320,5.9,50.0,58.3,52.6,97.2,8.4,No,Yes,Graduate,66.7,Good
STU_12321,6.6,85.7,58.1,68.4,74.6,6.1,No,Yes,Graduate,71.1,Good
STU_12322,5.9,69.1,48.3,64.9,49.9,7.4,No,Yes,Graduate,55.9,Average
STU_12323,8.3,89.5,85.8,57.4,56.4,,No,Yes,Graduate,69.9,Good
STU_12324,5.0,78.3,89.2,81.0,54.4,7.5,No,Yes,Postgraduate,81.7,Excellent
STU_12325,6.3,62.1,80.0,70.3,45.5,8.4,No,Yes,School,73.3,Good
STU_12326,2.8,64.1,69.0,55.5,71.6,7.1,Yes,No,Postgraduate,66.8,Good
STU_12327,4.2,,67.0,97.7,56.8,7.2,Yes,Yes,Graduate,65.9,Good
STU_12328,6.4,56.7,81.3,75.8,67.1,8.9,No,Yes,Graduate,75.8,Good
STU_12329,6.7,72.7,63.1,81.1,30.0,7.3,Yes,No,,69.3,Good
STU_12330,4.4,50.0,84.8,84.7,73.0,6.2,No,Yes,Graduate,71.6,Good
STU_12331,4.9,85.2,50.6,63.9,52.5,6.5,Yes,Yes,Graduate,69.1,Good
STU_12332,2.0,91.7,79.7,77.6,45.9,6.3,No,Yes,School,74.3,Good
STU_12333,4.3,79.7,84.3,43.0,40.6,8.2,No,Yes,Graduate,65.7,Good
STU_12334,6.8,77.8,48.5,83.5,47.3,8.5,Yes,Yes,Graduate,69.5,Good
STU_12335,6.2,52.1,52.4,69.0,55.2,8.3,No,Yes,Graduate,62.9,Good
STU_12336,6.0,72.3,64.3,77.4,76.2,6.1,No,No,Graduate,73.7,Good
STU_12337,5.1,77.7,71.3,69.0,54.9,7.1,No,Yes,Graduate,68.6,Good
STU_12338,5.0,72.6,55.7,95.4,77.7,7.8,Yes,Yes,Graduate,66.8,Good
STU_12339,3.7,82.3,66.4,87.1,66.7,5.6,No,Yes,Graduate,77.4,Good
STU_12340,6.4,78.7,34.0,40.0,91.1,8.1,No,Yes,Postgraduate,64.3,Good
STU_12341,5.8,93.0,76.5,,54.0,8.0,Yes,No,Graduate,85.8,Excellent
STU_12342,6.0,92.7,77.2,66.1,68.6,7.7,Yes,Yes,School,90.0,Excellent
STU_12343,3.9,86.7,87.8,78.3,82.0,8.0,Yes,Yes,Graduate,78.1,Good
STU_12344,1.0,50.0,73.6,78.1,72.1,6.9,No,Yes,Graduate,65.0,Good
STU_12345,7.2,79.4,59.4,59.6,59.3,6.0,Yes,Yes,Postgraduate,65.8,Good
STU_12346,4.0,71.4,49.8,68.4,54.2,8.4,No,Yes,School,51.2,Average
STU_12347,3.3,51.0,52.8,55.7,30.9,7.1,Yes,Yes,Graduate,48.5,Average
STU_12348,6.4,85.3,63.7,90.8,58.2,6.4,Yes,Yes,School,72.1,Good
STU_12349,4.2,92.3,52.3,74.6,47.2,7.2,No,No,Graduate,50.8,Average
STU_12350,7.1,71.5,53.5,76.1,53.3,7.1,No,Yes,Graduate,58.3,Average
STU_12351,6.2,82.4,64.4,74.3,62.8,6.4,No,Yes,Postgraduate,53.0,Average
STU_12352,6.4,96.1,40.8,55.2,37.0,7.7,Yes,Yes,Postgraduate,51.1,Average
STU_12353,2.3,65.6,50.1,78.9,46.1,9.3,Yes,Yes,Graduate,62.2,Good
STU_12354,7.4,84.4,68.3,95.0,68.2,5.5,No,No,Graduate,84.2,Excellent
STU_12355,5.5,56.9,69.0,48.2,41.8,5.5,Yes,Yes,Graduate,45.8,Average
STU_12356,4.3,69.8,78.0,71.1,61.3,8.5,No,Yes,Graduate,60.1,Good
STU_12357,5.3,59.8,67.3,80.6,39.6,7.9,Yes,Yes,Postgraduate,72.6,Good
STU_12358,1.4,94.8,65.5,59.5,70.4,9.0,No,Yes,School,56.6,Average
STU_12359,5.8,50.0,74.6,80.3,72.5,9.3,No,Yes,Graduate,69.6,Good
STU_12360,2.9,60.4,67.9,70.6,81.8,7.9,No,Yes,Graduate,63.3,Good
STU_12361,2.3,50.0,50.4,60.0,81.9,5.6,Yes,Yes,Graduate,65.4,Good
STU_12362,2.0,50.0,53.0,40.0,66.4,7.4,No,Yes,Graduate,61.2,Good
STU_12363,7.2,64.2,90.1,68.6,33.8,6.6,Yes,Yes,School,67.5,Good
STU_12364,3.7,79.7,100.0,69.0,62.0,7.6,Yes,Yes,School,70.6,Good
STU_12365,8.1,70.6,76.0,88.4,69.3,6.1,Yes,Yes,Postgraduate,79.9,Good
STU_12366,3.9,63.5,49.9,74.7,63.9,7.7,No,Yes,,66.4,Good
STU_12367,1.6,85.5,93.5,62.6,88.6,7.9,No,Yes,School,76.1,Good
STU_12368,2.8,87.0,58.5,48.0,82.8,7.4,No,Yes,School,60.2,Good
STU_12369,7.5,91.1,71.4,82.2,,7.5,No,Yes,Postgraduate,76.9,Good
STU_12370,4.7,79.9,,71.6,73.9,7.9,Yes,Yes,Graduate,66.7,Good
STU_12371,3.9,68.4,67.8,64.5,38.5,6.1,Yes,No,Graduate,52.7,Average
STU_12372,5.3,50.0,58.4,62.4,65.0,7.4,No,Yes,Graduate,53.2,Average
STU_12373,6.0,95.6,84.5,87.4,41.8,6.9,No,,Graduate,79.7,Good
STU_12374,7.2,82.4,62.2,89.5,59.1,8.4,No,Yes,Graduate,59.3,Average
STU_12375,7.9,90.2,74.2,61.2,51.1,8.0,No,Yes,Graduate,71.6,Good
STU_12376,4.3,77.2,73.9,40.0,51.6,6.3,No,Yes,,60.0,Good
STU_12377,2.3,87.7,63.3,67.0,49.0,7.9,Yes,No,Graduate,58.1,Average
STU_12378,4.2,50.0,42.4,73.2,55.6,8.7,Yes,Yes,School,52.4,Average
STU_12379,5.5,85.6,52.6,71.0,52.9,7.5,No,No,School,57.5,Average
STU_12380,3.1,74.6,75.7,48.0,72.1,6.6,No,Yes,School,72.9,Good
STU_12381,3.1,77.1,69.6,91.5,57.8,5.7,No,No,Graduate,65.9,Good
STU_12382,5.7,84.1,52.8,44.0,61.3,4.6,Yes,No,Graduate,59.4,Average
STU_12383,4.9,67.7,65.7,59.5,66.7,8.3,Yes,Yes,Graduate,67.4,Good
STU_12384,5.1,84.6,,55.7,66.6,5.4,Yes,Yes,Postgraduate,64.6,Good
STU_12385,3.5,58.0,73.7,55.0,44.9,5.8,Yes,Yes,Graduate,54.7,Average
STU_12386,4.5,68.9,92.3,40.0,57.8,7.1,No,No,Graduate,65.6,Good
STU_12387,3.2,,30.8,70.8,65.8,7.4,No,Yes,Graduate,48.4,Average
STU_12388,6.8,59.1,83.2,89.8,47.9,8.8,No,Yes,Graduate,72.0,Good
STU_12389,7.1,66.3,68.3,67.7,46.1,7.4,Yes,No,Graduate,71.2,Good
STU_12390,1.3,91.8,49.5,55.9,43.2,6.7,Yes,Yes,School,46.6,Average
STU_12391,3.1,59.5,67.5,89.7,65.2,6.7,Yes,Yes,Graduate,67.7,Good
STU_12392,2.0,55.7,86.7,81.8,57.3,5.2,Yes,Yes,Graduate,65.6,Good
STU_12393,3.7,77.1,91.2,58.2,59.6,8.7,No,No,School,67.8,Good
STU_12394,4.8,50.0,49.7,74.5,33.5,8.1,Yes,No,School,52.3,Average
STU_12395,2.1,,52.3,85.1,63.1,7.3,Yes,Yes,School,55.2,Average
STU_12396,3.2,86.7,45.6,57.3,63.9,8.7,No,Yes,Graduate,54.8,Average
STU_12397,3.0,70.3,68.5,71.7,66.2,8.3,Yes,Yes,Graduate,62.8,Good
STU_12398,5.4,89.2,69.2,64.6,85.1,7.6,Yes,Yes,Postgraduate,72.6,Good
STU_12399,5.1,54.0,79.8,53.3,49.8,7.0,No,Yes,Graduate,50.8,Average
STU_12400,3.6,70.7,71.6,72.3,69.8,7.0,No,Yes,School,67.1,Good
STU_12401,5.4,72.2,78.4,76.1,67.4,5.2,No,Yes,Postgraduate,69.3,Good
STU_12402,3.9,70.9,44.2,70.6,69.3,8.3,No,Yes,Postgraduate,65.4,Good
STU_12403,4.5,82.7,91.3,58.6,57.0,6.8,No,Yes,School,68.0,Good
STU_12404,8.3,71.6,84.5,99.4,74.2,8.3,Yes,Yes,School,82.5,Excellent
STU_12405,7.7,97.3,57.1,,50.3,7.9,Yes,Yes,Graduate,65.0,Good
STU_12406,2.4,81.7,53.2,77.8,54.5,7.1,No,Yes,Postgraduate,53.1,Average
STU_12407,6.7,79.4,76.2,81.3,59.0,8.0,No,Yes,Postgraduate,75.8,Good
STU_12408,6.6,50.0,41.6,40.0,58.3,6.1,No,Yes,School,50.9,Average
STU_12409,2.7,50.0,54.0,81.6,68.0,5.2,No,Yes,Graduate,56.9,Average
STU_12410,6.6,81.4,49.6,70.1,66.2,6.8,Yes,Yes,Graduate,55.8,Average
STU_12411,8.1,82.8,63.5,66.3,66.3,7.5,Yes,Yes,Graduate,71.8,Good
STU_12412,2.8,70.7,58.3,68.3,83.1,8.0,Yes,Yes,Graduate,66.5,Good
STU_12413,3.2,76.5,53.2,,58.7,7.1,Yes,,School,68.0,Good
STU_12414,7.0,83.4,51.7,40.0,78.9,5.9,No,Yes,Graduate,64.7,Good
STU_12415,5.5,50.0,55.4,70.4,45.0,8.6,Yes,Yes,Graduate,66.7,Good
STU_12416,6.1,77.7,47.1,76.0,59.9,6.6,Yes,Yes,Graduate,61.7,Good
STU_12417,5.7,71.6,73.1,100.0,60.9,7.5,No,Yes,Graduate,73.0,Good
STU_12418,5.8,56.5,81.9,51.1,41.1,7.6,Yes,Yes,School,54.7,Average
STU_12419,2.3,81.1,71.0,76.2,62.7,7.1,Yes,Yes,Graduate,65.4,Good
STU_12420,7.1,78.1,85.7,63.2,63.9,4.7,No,Yes,School,76.6,Good
STU_12421,7.3,50.0,52.4,76.8,71.6,6.2,No,Yes,School,71.0,Good
STU_12422,4.5,50.0,53.8,82.1,69.7,7.6,Yes,No,Graduate,65.3,Good
STU_12423,4.9,77.3,71.6,59.7,41.6,8.9,No,Yes,Graduate,53.0,Average
STU_12424,1.9,69.8,73.6,97.4,81.1,7.8,Yes,Yes,Graduate,66.5,Good
STU_12425,6.0,60.5,65.2,88.5,54.6,7.6,No,Yes,Postgraduate,68.1,Good
STU_12426,6.1,60.9,64.6,81.0,52.3,4.6,Yes,No,Graduate,60.7,Good
STU_12427,4.9,80.3,49.0,65.0,69.8,8.3,Yes,Yes,Graduate,69.1,Good
STU_12428,7.2,58.2,30.0,62.2,75.6,8.1,No,Yes,Graduate,63.8,Good
STU_12429,4.3,69.9,73.4,76.2,54.4,7.7,No,Yes,Graduate,68.1,Good
STU_12430,6.1,75.3,79.7,64.5,61.3,7.3,No,Yes,Graduate,66.7,Good
STU_12431,3.0,75.7,58.5,62.7,76.6,7.6,No,No,Graduate,62.7,Good
STU_12432,5.0,74.3,56.7,96.8,47.1,8.5,Yes,Yes,School,67.9,Good
STU_12433,4.7,92.0,55.1,77.7,,6.9,No,Yes,Graduate,56.2,Average
STU_12434,5.5,74.1,59.4,81.5,70.6,,Yes,Yes,Graduate,69.9,Good
STU_12435,4.3,74.3,80.1,96.3,76.6,6.6,No,Yes,School,77.8,Good
STU_12436,4.7,85.8,51.0,71.2,36.5,7.0,No,Yes,Graduate,50.4,Average
STU_12437,6.7,63.9,74.7,61.1,61.7,7.1,Yes,Yes,School,64.6,Good
STU_12438,4.1,87.9,57.5,55.0,54.0,7.7,Yes,Yes,Graduate,56.8,Average
STU_12439,1.8,73.5,35.1,89.0,64.1,6.4,No,Yes,School,62.2,Good
STU_12440,8.5,66.6,59.9,64.8,30.0,6.9,Yes,Yes,School,56.9,Average
STU_12441,7.8,56.0,89.6,40.0,41.7,7.4,Yes,No,Graduate,63.1,Good
STU_12442,2.4,77.4,54.7,40.0,69.2,6.8,No,Yes,Graduate,59.4,Average
STU_12443,6.4,55.1,61.4,49.3,59.9,7.2,Yes,Yes,Postgraduate,59.0,Average
STU_12444,4.0,75.1,65.1,64.7,86.1,5.6,Yes,Yes,Graduate,75.9,Good
STU_12445,5.5,78.0,68.0,66.8,71.4,7.7,Yes,No,Postgraduate,76.5,Good
STU_12446,5.6,62.9,88.1,77.4,46.6,6.3,Yes,No,Postgraduate,57.2,Average
STU_12447,4.5,67.7,,54.1,,5.3,No,No,School,59.5,Average
STU_12448,3.4,82.9,65.2,73.1,89.3,,No,Yes,School,76.7,Good
STU_12449,3.6,82.5,76.4,82.4,60.8,7.4,Yes,Yes,School,67.5,Good
STU_12450,3.2,90.4,54.3,68.0,68.4,7.5,Yes,Yes,Graduate,68.2,Good
STU_12451,3.3,76.5,66.1,63.5,75.2,7.5,No,Yes,Graduate,58.1,Average
STU_12452,4.9,91.5,79.7,57.9,59.3,7.5,Yes,Yes,School,58.7,Average
STU_12453,3.6,83.5,57.2,86.0,30.0,8.8,Yes,Yes,Graduate,57.4,Average
STU_12454,6.4,71.0,62.4,50.8,70.9,8.0,Yes,Yes,Graduate,61.3,Good
STU_12455,8.0,81.0,47.7,92.1,74.8,8.1,No,Yes,Graduate,76.8,Good
STU_12456,3.8,76.6,79.2,,85.4,7.7,Yes,Yes,Graduate,77.3,Good
STU_12457,5.5,89.0,67.4,55.5,44.4,8.0,No,No,Postgraduate,71.8,Good
STU_12458,6.0,82.3,58.6,81.8,45.1,6.5,Yes,Yes,Graduate,70.9,Good
STU_12459,5.9,50.0,60.4,77.1,51.0,7.8,No,Yes,Postgraduate,60.5,Good
STU_12460,5.2,86.0,64.9,75.8,59.3,8.4,Yes,No,Graduate,68.0,Good
STU_12461,6.5,84.1,,79.9,70.6,6.7,No,Yes,,75.8,Good
STU_12462,6.0,53.3,55.2,72.3,44.1,8.6,No,Yes,School,60.9,Good
STU_12463,2.5,67.7,56.4,76.4,77.2,6.6,Yes,Yes,School,51.8,Average
STU_12464,6.7,59.4,61.1,89.1,76.4,7.6,Yes,Yes,School,70.9,Good
STU_12465,6.8,82.6,67.3,72.8,76.8,5.8,Yes,Yes,School,80.2,Excellent
STU_12466,3.5,76.1,,81.5,57.0,8.0,No,No,School,70.1,Good
STU_12467,5.1,75.5,53.0,40.0,30.0,8.5,Yes,Yes,Graduate,51.3,Average
STU_12468,6.4,69.8,40.2,74.5,87.6,7.0,No,Yes,Graduate,65.6,Good
STU_12469,4.6,66.4,86.0,,52.5,5.4,Yes,Yes,Graduate,73.7,Good
STU_12470,7.1,82.4,51.8,45.0,73.5,7.0,No,Yes,School,63.2,Good
STU_12471,9.7,50.0,87.0,98.0,63.9,,No,Yes,Graduate,76.4,Good
STU_12472,3.4,50.0,83.7,80.1,80.1,7.1,No,Yes,Graduate,73.9,Good
STU_12473,2.2,73.6,73.2,46.2,61.2,8.0,No,Yes,Postgraduate,60.9,Good
STU_12474,5.6,50.0,83.2,70.6,63.1,7.6,No,Yes,Graduate,67.0,Good
STU_12475,6.4,81.7,37.5,75.6,64.9,5.1,Yes,No,School,58.7,Average
STU_12476,4.5,95.1,44.7,82.8,68.7,6.6,No,Yes,School,57.3,Average
STU_12477,7.9,,69.3,63.9,42.2,7.2,Yes,Yes,School,69.5,Good
STU_12478,2.3,81.6,59.2,79.7,92.0,8.7,Yes,Yes,School,74.0,Good
STU_12479,6.4,92.3,53.2,89.4,60.9,6.8,No,No,Graduate,70.2,Good
STU_12480,3.8,76.4,77.1,,71.2,7.6,Yes,Yes,,75.5,Good
STU_12481,8.4,70.8,68.9,86.7,86.3,7.2,No,Yes,School,63.0,Good
STU_12482,9.0,84.4,80.7,63.8,61.9,6.3,No,Yes,Graduate,85.6,Excellent
STU_12483,3.5,50.0,59.4,79.6,46.1,6.5,Yes,Yes,School,41.8,Average
STU_12484,3.9,83.2,64.8,100.0,45.6,6.8,No,Yes,Postgraduate,73.8,Good
STU_12485,6.7,50.0,88.1,54.9,54.8,8.5,Yes,Yes,Postgraduate,70.9,Good
STU_12486,4.2,71.1,45.7,75.9,67.3,6.1,No,Yes,Graduate,55.5,Average
STU_12487,4.9,68.9,63.7,54.4,69.0,6.8,No,Yes,Graduate,64.1,Good
STU_12488,5.1,66.2,51.9,87.6,80.1,6.3,No,Yes,School,71.3,Good
STU_12489,1.2,52.8,90.4,42.3,37.4,8.6,No,Yes,Graduate,50.1,Average
STU_12490,,78.4,100.0,62.0,65.5,7.5,Yes,Yes,Graduate,83.2,Excellent
STU_12491,3.6,54.6,68.1,100.0,71.9,8.6,No,,School,61.0,Good
STU_12492,4.0,,72.4,63.1,71.3,4.0,No,Yes,School,57.7,Average
STU_12493,7.9,50.0,63.4,69.1,30.0,8.1,No,Yes,Graduate,52.0,Average
STU_12494,2.5,77.8,62.9,87.5,56.0,5.9,Yes,Yes,School,55.1,Average
STU_12495,6.6,74.4,66.3,68.1,75.0,6.3,No,Yes,Graduate,72.4,Good
STU_12496,4.4,50.0,44.8,41.5,49.0,6.8,Yes,Yes,Graduate,59.7,Average
STU_12497,4.4,59.6,74.9,55.0,43.0,7.0,Yes,Yes,Postgraduate,66.4,Good
STU_12498,6.6,72.7,50.2,,71.0,7.0,No,Yes,Graduate,68.6,Good
STU_12499,5.7,68.7,,90.6,66.8,6.1,No,Yes,School,77.0,Good
STU_12500,6.1,97.3,65.5,41.9,65.7,6.9,No,Yes,Graduate,71.5,Good
STU_12501,6.9,81.2,53.6,56.7,51.7,6.9,No,Yes,Graduate,57.3,Average
STU_12502,4.3,80.7,74.0,60.6,41.0,5.0,No,Yes,Postgraduate,59.9,Average
STU_12503,3.8,73.7,57.9,64.7,77.2,7.4,Yes,Yes,Graduate,68.4,Good
STU_12504,2.8,79.0,81.0,,100.0,7.0,Yes,Yes,School,69.3,Good
STU_12505,3.3,55.8,51.9,71.5,36.1,7.2,No,Yes,School,44.7,Average
STU_12506,10.0,50.0,62.5,62.0,78.3,6.4,Yes,Yes,Graduate,78.6,Good
STU_12507,7.5,89.0,48.9,64.0,59.3,7.0,No,No,Postgraduate,70.6,Good
STU_12508,2.3,96.5,79.7,54.1,67.1,4.4,Yes,Yes,Postgraduate,62.1,Good
STU_12509,2.4,92.5,60.3,81.0,61.0,6.4,Yes,Yes,Graduate,68.2,Good
STU_12510,6.0,87.9,56.6,50.6,97.1,6.5,No,Yes,Postgraduate,75.0,Good
STU_12511,6.1,50.0,62.2,75.3,49.2,6.9,No,,Graduate,55.7,Average
STU_12512,6.1,80.2,63.4,84.0,52.4,7.0,Yes,Yes,Graduate,71.6,Good
STU_12513,4.5,50.0,71.1,97.9,63.2,8.1,Yes,,Graduate,75.0,Good
STU_12514,4.7,76.9,73.1,77.0,71.1,5.7,No,Yes,Graduate,74.5,Good
STU_12515,5.7,87.4,62.7,73.2,83.4,7.9,No,Yes,Graduate,72.2,Good
STU_12516,5.2,78.4,64.4,46.3,69.9,9.4,No,Yes,Graduate,66.1,Good
STU_12517,1.0,85.0,30.0,90.6,65.6,6.4,Yes,No,Graduate,57.6,Average
STU_12518,4.5,58.7,,72.0,54.9,7.9,Yes,Yes,Graduate,62.7,Good
STU_12519,3.3,50.0,86.5,74.3,70.2,8.7,Yes,Yes,Graduate,76.4,Good
STU_12520,5.4,,71.7,75.5,50.6,8.7,Yes,Yes,Graduate,60.1,Good
STU_12521,10.0,72.1,48.9,71.6,65.2,6.7,Yes,Yes,School,65.0,Good
STU_12522,5.7,64.1,59.2,70.1,58.5,8.3,Yes,Yes,School,57.5,Average
STU_12523,4.4,81.1,56.0,64.9,46.3,8.0,No,Yes,Graduate,64.6,Good
STU_12524,6.8,79.7,81.1,80.2,86.9,8.4,Yes,Yes,Postgraduate,84.6,Excellent
STU_12525,6.0,68.2,79.5,49.0,46.3,7.8,No,Yes,Graduate,58.7,Average
STU_12526,5.8,52.9,53.3,48.7,55.7,8.4,No,Yes,Graduate,64.1,Good
STU_12527,6.2,81.1,65.1,58.1,36.6,6.7,Yes,Yes,Graduate,59.6,Average
STU_12528,9.1,54.1,48.0,87.5,59.3,6.4,Yes,Yes,Graduate,56.8,Average
STU_12529,2.7,,55.6,76.2,68.9,4.4,Yes,Yes,Graduate,61.1,Good
STU_12530,5.9,54.7,56.2,61.1,47.5,6.5,No,Yes,School,56.5,Average
STU_12531,3.1,83.8,54.5,58.8,32.9,6.6,No,Yes,Graduate,53.9,Average
STU_12532,6.1,84.1,70.5,68.9,56.0,4.8,No,No,School,60.0,Good
STU_12533,3.2,60.4,85.2,75.6,59.5,7.1,No,Yes,Graduate,64.7,Good
STU_12534,4.2,73.7,64.1,89.1,58.2,8.3,Yes,Yes,Graduate,66.0,Good
STU_12535,4.4,87.6,49.2,98.7,87.4,5.9,Yes,Yes,Graduate,79.4,Good
STU_12536,7.0,80.8,68.1,68.2,67.4,9.2,No,Yes,Postgraduate,81.2,Excellent
STU_12537,6.8,68.1,68.1,100.0,66.1,7.4,No,Yes,School,69.8,Good
STU_12538,2.5,80.3,62.2,71.1,67.3,8.0,Yes,Yes,Graduate,73.6,Good
STU_12539,5.1,55.8,92.9,74.2,67.2,6.9,Yes,No,School,72.2,Good
STU_12540,3.6,74.7,68.7,83.7,54.9,5.9,No,Yes,Postgraduate,65.9,Good
STU_12541,2.5,66.6,73.6,85.7,47.0,7.7,Yes,No,School,59.2,Average
STU_12542,4.6,50.0,31.4,92.1,100.0,7.9,No,No,Graduate,60.6,Good
STU_12543,4.4,88.6,50.6,52.0,59.7,6.8,No,Yes,School,51.8,Average
STU_12544,9.9,,72.7,71.7,62.3,7.3,No,Yes,Graduate,70.0,Good
STU_12545,5.9,64.6,69.3,87.6,62.7,7.0,No,Yes,,64.2,Good
STU_12546,2.2,81.6,59.3,55.0,49.9,6.2,No,Yes,Graduate,56.9,Average
STU_12547,3.9,87.3,71.8,43.8,64.9,7.4,Yes,Yes,Graduate,76.7,Good
STU_12548,7.0,50.0,78.9,49.2,41.5,6.2,Yes,Yes,Graduate,57.2,Average
STU_12549,9.2,67.6,57.9,68.3,73.5,7.9,Yes,No,Graduate,70.1,Good
STU_12550,1.8,93.9,55.7,98.3,57.9,9.8,No,Yes,Graduate,71.7,Good
STU_12551,1.2,,61.2,48.9,80.1,8.3,No,Yes,Graduate,54.9,Average
STU_12552,8.7,51.7,72.5,53.7,70.3,6.8,No,Yes,Graduate,61.2,Good
STU_12553,5.8,91.0,56.4,63.0,68.3,7.4,No,No,School,51.5,Average
STU_12554,3.3,76.5,77.8,56.1,49.3,8.4,Yes,Yes,Postgraduate,64.2,Good
STU_12555,6.1,,57.8,53.6,63.1,6.9,No,No,Postgraduate,56.9,Average
STU_12556,1.0,50.0,56.6,41.5,74.1,7.7,Yes,Yes,School,44.7,Average
STU_12557,5.0,79.2,100.0,62.6,63.9,7.9,Yes,Yes,Graduate,71.5,Good
STU_12558,5.7,70.6,46.5,97.4,,7.3,No,No,Graduate,65.0,Good
STU_12559,6.8,53.9,76.7,77.8,77.8,7.2,Yes,Yes,Graduate,73.7,Good
STU_12560,3.0,,37.9,86.5,74.1,8.3,No,Yes,School,64.8,Good
STU_12561,5.2,61.9,74.9,61.5,38.0,9.1,No,No,Graduate,60.5,Good
STU_12562,3.1,69.1,100.0,58.2,64.0,6.9,No,No,Postgraduate,69.4,Good
STU_12563,5.5,50.0,80.9,77.3,75.0,8.5,No,Yes,School,71.3,Good
STU_12564,3.2,85.2,85.1,,52.4,5.2,No,Yes,Postgraduate,71.8,Good
STU_12565,4.2,91.1,63.6,69.2,40.8,7.6,No,Yes,Postgraduate,63.5,Good
STU_12566,3.0,76.5,79.1,93.5,44.8,4.4,No,Yes,Graduate,67.1,Good
STU_12567,6.3,85.1,68.7,58.7,60.3,6.1,No,Yes,School,53.4,Average
STU_12568,6.7,50.0,95.4,56.8,76.9,5.8,No,No,School,68.6,Good
STU_12569,4.5,57.1,48.4,81.9,44.6,9.0,No,Yes,Graduate,48.1,Average
STU_12570,5.1,78.0,82.8,80.0,44.7,6.7,Yes,Yes,Graduate,63.0,Good
STU_12571,2.1,69.4,71.4,55.4,57.1,6.9,No,Yes,Graduate,64.1,Good
STU_12572,4.4,86.0,51.3,71.1,73.0,6.7,Yes,Yes,Postgraduate,67.2,Good
STU_12573,4.9,68.9,60.9,44.9,90.1,5.3,Yes,Yes,Postgraduate,78.2,Good
STU_12574,10.0,50.0,41.0,74.2,63.4,7.3,No,Yes,Graduate,70.1,Good
STU_12575,2.8,50.0,30.0,63.4,51.2,7.1,Yes,Yes,Postgraduate,45.8,Average
STU_12576,7.9,91.1,47.0,66.6,49.3,6.0,No,Yes,Graduate,60.4,Good
STU_12577,7.0,87.0,59.2,54.0,84.0,,Yes,Yes,School,74.8,Good
STU_12578,5.6,50.0,66.2,86.7,41.8,8.6,No,No,School,62.6,Good
STU_12579,8.5,74.4,45.4,73.7,65.1,5.5,No,Yes,School,71.2,Good
STU_12580,5.7,76.5,60.3,83.9,83.1,6.2,Yes,,Graduate,61.8,Good
STU_12581,5.8,53.5,68.5,68.5,59.5,7.6,No,No,Graduate,53.2,Average
STU_12582,4.9,62.3,56.4,86.7,44.7,6.4,Yes,Yes,School,57.2,Average
STU_12583,7.4,71.8,48.8,43.8,70.5,6.7,Yes,Yes,Postgraduate,68.5,Good
STU_12584,7.2,89.0,54.0,70.1,63.7,5.8,No,Yes,Postgraduate,73.8,Good
STU_12585,3.7,90.6,85.0,86.7,69.5,5.8,Yes,No,School,56.0,Average
STU_12586,2.4,92.9,39.1,42.3,71.3,6.4,No,Yes,School,46.8,Average
STU_12587,4.6,69.9,82.3,71.8,70.3,7.2,Yes,Yes,Graduate,76.0,Good
STU_12588,3.4,64.2,85.5,78.1,66.7,7.2,Yes,Yes,Graduate,65.4,Good
STU_12589,4.9,77.1,59.7,64.6,72.8,6.0,Yes,Yes,Graduate,68.8,Good
STU_12590,7.5,90.0,71.9,83.9,83.6,5.6,Yes,Yes,Graduate,84.6,Excellent
STU_12591,4.1,90.9,53.3,84.1,49.5,5.5,No,Yes,School,57.7,Average
STU_12592,4.9,50.0,69.0,61.3,57.7,8.2,Yes,Yes,Graduate,63.4,Good
STU_12593,5.1,72.2,98.4,64.6,74.7,9.6,No,No,Graduate,73.8,Good
STU_12594,6.7,50.0,84.1,53.7,60.8,7.5,No,Yes,Postgraduate,71.6,Good
STU_12595,1.0,83.5,57.4,74.4,41.8,4.0,No,Yes,Graduate,52.3,Average
STU_12596,3.8,64.5,45.2,72.8,67.3,7.7,No,Yes,Postgraduate,50.5,Average
STU_12597,5.4,67.5,60.6,70.0,54.1,8.4,No,Yes,School,64.7,Good
STU_12598,7.4,84.1,69.1,71.4,95.9,6.2,No,Yes,School,78.1,Good
STU_12599,4.0,50.0,75.8,58.0,77.9,8.1,Yes,Yes,Graduate,71.1,Good
STU_12600,1.2,64.8,63.4,50.0,80.6,8.3,No,Yes,Postgraduate,56.0,Average
STU_12601,6.2,50.0,91.8,76.2,62.7,8.5,Yes,Yes,Graduate,73.4,Good
STU_12602,3.7,59.4,65.5,67.2,67.0,6.3,Yes,No,Postgraduate,60.8,Good
STU_12603,2.6,83.3,57.9,55.6,56.5,7.1,No,Yes,School,60.9,Good
STU_12604,3.8,86.4,72.9,59.8,48.6,7.2,,Yes,School,64.2,Good
STU_12605,4.6,92.1,75.5,82.9,47.4,8.6,Yes,Yes,School,77.8,Good
STU_12606,3.8,76.6,53.6,82.1,96.2,6.5,Yes,Yes,Graduate,72.9,Good
STU_12607,1.0,79.1,50.9,79.3,68.3,8.1,No,Yes,Postgraduate,54.3,Average
STU_12608,6.8,59.6,40.4,69.4,40.8,7.3,No,Yes,Graduate,49.2,Average
STU_12609,7.5,,60.7,60.5,77.4,8.2,No,Yes,School,72.2,Good
STU_12610,6.3,68.3,83.3,88.5,100.0,7.9,No,Yes,Graduate,93.0,Excellent
STU_12611,2.7,72.2,75.0,65.5,37.4,6.2,No,Yes,School,47.8,Average
STU_12612,4.6,67.8,81.9,73.8,71.6,7.3,No,,Graduate,68.9,Good
STU_12613,5.0,80.7,55.2,58.1,44.0,6.2,Yes,Yes,School,50.1,Average
STU_12614,6.2,73.6,62.5,66.7,80.5,7.0,No,Yes,Postgraduate,84.2,Excellent
STU_12615,6.3,58.0,36.4,40.0,30.0,9.1,No,Yes,Postgraduate,49.2,Average
STU_12616,3.5,76.8,80.1,61.2,63.3,6.5,No,Yes,Graduate,60.6,Good
STU_12617,5.2,81.8,85.1,48.7,69.1,6.3,No,Yes,School,62.0,Good
STU_12618,5.9,82.3,49.0,73.0,39.8,6.8,Yes,Yes,School,67.6,Good
STU_12619,7.9,77.2,89.4,61.7,69.1,7.8,No,Yes,School,79.1,Good
STU_12620,6.4,84.4,61.5,65.8,54.6,7.8,No,Yes,Graduate,65.6,Good
STU_12621,6.6,53.4,48.8,99.8,89.6,7.4,Yes,Yes,School,72.3,Good
STU_12622,5.2,69.0,60.3,55.7,39.2,6.0,Yes,Yes,Postgraduate,56.1,Average
STU_12623,7.8,50.0,74.4,71.7,76.5,6.7,No,Yes,Postgraduate,66.9,Good
STU_12624,5.8,81.9,64.2,73.1,60.4,8.7,Yes,No,School,61.9,Good
STU_12625,3.3,82.0,56.3,56.7,82.7,5.2,No,Yes,Graduate,61.1,Good
STU_12626,7.8,76.6,73.9,85.4,83.1,7.3,,Yes,Graduate,80.0,Excellent
STU_12627,6.4,50.0,75.3,93.0,58.0,6.7,No,Yes,Graduate,71.0,Good
STU_12628,4.1,77.3,62.4,86.8,61.3,,No,Yes,School,71.6,Good
STU_12629,4.0,82.2,59.6,56.6,76.5,7.2,No,Yes,School,58.8,Average
STU_12630,5.6,80.3,56.8,60.2,70.4,5.2,Yes,Yes,Graduate,74.8,Good
STU_12631,5.9,67.5,72.2,41.6,60.1,7.7,No,Yes,School,60.0,Good
STU_12632,5.4,65.2,40.9,67.5,48.7,5.8,Yes,No,Graduate,56.9,Average
STU_12633,5.6,56.3,53.6,68.5,67.8,5.6,Yes,Yes,Postgraduate,72.1,Good
STU_12634,8.4,52.3,62.6,80.9,44.2,,No,Yes,Graduate,69.0,Good
STU_12635,7.1,88.8,53.2,94.7,72.4,6.5,No,Yes,Postgraduate,80.8,Excellent
STU_12636,5.4,92.9,68.8,52.4,79.8,6.0,No,Yes,Graduate,66.3,Good
STU_12637,6.9,50.0,67.5,71.9,48.8,6.5,No,Yes,Graduate,62.8,Good
STU_12638,2.9,69.2,100.0,66.8,55.3,6.1,Yes,Yes,Postgraduate,75.7,Good
STU_12639,5.8,,53.6,67.9,51.9,8.9,Yes,Yes,Graduate,68.6,Good
STU_12640,,86.0,64.8,91.9,78.9,7.4,Yes,Yes,Postgraduate,85.1,Excellent
STU_12641,4.6,50.0,50.6,71.3,62.9,6.8,Yes,Yes,,65.4,Good
STU_12642,3.3,75.7,94.1,77.7,56.1,7.9,No,No,Postgraduate,65.6,Good
STU_12643,3.7,83.9,90.5,76.6,72.4,6.8,Yes,,School,77.1,Good
STU_12644,2.8,51.2,41.5,73.1,54.3,6.7,No,Yes,School,57.0,Average
STU_12645,3.4,85.7,62.5,59.3,58.7,8.1,No,Yes,School,59.8,Average
STU_12646,4.3,79.1,65.5,96.2,44.2,6.2,No,No,School,63.6,Good
STU_12647,2.2,76.8,59.9,69.5,75.4,5.8,No,No,Graduate,49.4,Average
STU_12648,5.0,59.1,57.7,77.4,44.5,7.8,No,Yes,School,66.6,Good
STU_12649,6.8,90.8,76.6,73.6,84.9,7.2,Yes,No,Graduate,81.2,Excellent
STU_12650,3.2,88.1,91.8,40.4,65.8,7.2,No,Yes,Graduate,69.9,Good
STU_12651,8.0,73.1,77.1,55.4,59.5,6.6,Yes,Yes,Graduate,73.2,Good
STU_12652,6.0,50.0,78.0,71.6,61.8,7.7,Yes,Yes,Postgraduate,74.4,Good
STU_12653,7.1,53.0,59.7,58.1,89.4,5.4,Yes,No,School,70.0,Good
STU_12654,3.7,72.3,80.3,75.6,40.5,4.7,Yes,Yes,School,71.6,Good
STU_12655,6.7,85.1,80.2,57.3,41.6,6.5,No,Yes,School,78.9,Good
STU_12656,2.8,55.5,57.9,70.2,77.4,7.8,Yes,Yes,School,69.6,Good
STU_12657,6.8,72.1,61.5,46.1,47.3,8.5,No,Yes,Graduate,66.9,Good
STU_12658,5.3,77.3,41.4,81.7,50.2,7.7,No,Yes,Postgraduate,59.1,Average
STU_12659,6.1,87.3,44.7,76.3,54.9,5.9,No,Yes,Graduate,61.7,Good
STU_12660,2.6,61.8,58.5,77.0,,5.9,No,Yes,Graduate,67.3,Good
STU_12661,3.2,85.0,49.0,68.7,75.0,8.5,No,Yes,Postgraduate,68.4,Good
STU_12662,6.2,77.5,77.1,60.2,59.7,8.1,Yes,Yes,Postgraduate,74.1,Good
STU_12663,3.1,71.9,62.6,92.1,68.4,7.7,No,Yes,Postgraduate,64.1,Good
STU_12664,5.9,93.6,73.0,93.3,68.0,8.1,Yes,No,Postgraduate,76.1,Good
STU_12665,2.3,75.0,46.7,69.0,46.0,7.2,No,Yes,Graduate,51.0,Average
STU_12666,6.7,50.0,84.5,62.0,47.0,6.8,No,Yes,School,66.8,Good
STU_12667,2.5,85.6,72.3,45.8,30.0,6.8,No,Yes,Graduate,50.3,Average
STU_12668,6.1,74.9,71.1,73.2,85.8,7.8,Yes,Yes,School,74.7,Good
STU_12669,6.3,71.9,79.2,60.6,51.3,7.3,No,,School,63.6,Good
STU_12670,3.6,50.0,69.8,63.3,62.2,4.6,Yes,Yes,Postgraduate,67.5,Good
STU_12671,6.2,80.0,49.8,83.5,70.6,8.1,No,Yes,Graduate,76.8,Good
STU_12672,5.5,93.8,,56.5,46.5,7.7,No,Yes,Graduate,59.8,Average
STU_12673,,,53.2,96.9,48.4,7.4,No,,Graduate,66.1,Good
STU_12674,3.0,60.5,68.2,,47.3,8.7,No,Yes,Graduate,50.8,Average
STU_12675,1.1,76.2,53.4,41.3,30.0,6.0,Yes,Yes,Graduate,48.8,Average
STU_12676,5.7,98.6,89.9,60.8,61.0,5.7,No,Yes,Postgraduate,67.1,Good
STU_12677,1.9,83.8,,75.0,99.4,7.6,No,Yes,Postgraduate,85.0,Excellent
STU_12678,5.2,73.4,80.1,71.9,53.5,6.1,No,Yes,School,64.8,Good
STU_12679,4.5,61.8,53.6,72.6,54.0,9.0,No,No,School,57.9,Average
STU_12680,6.4,59.2,69.5,66.1,56.1,6.2,Yes,Yes,Graduate,67.4,Good
STU_12681,4.4,80.9,67.9,63.0,67.0,6.1,No,Yes,Graduate,74.2,Good
STU_12682,4.3,59.8,66.7,52.6,76.1,6.5,No,Yes,Graduate,59.8,Average
STU_12683,6.5,89.7,35.9,71.8,48.6,6.6,No,Yes,Graduate,59.0,Average
STU_12684,5.7,92.2,94.5,84.8,69.4,6.6,Yes,Yes,Graduate,83.3,Excellent
STU_12685,5.6,87.2,64.4,70.2,60.6,6.7,No,Yes,Postgraduate,74.9,Good
STU_12686,5.9,65.8,72.5,59.3,66.8,6.6,Yes,,Graduate,64.2,Good
STU_12687,1.9,81.3,45.3,72.0,69.2,5.1,Yes,Yes,School,46.0,Average
STU_12688,6.5,77.9,87.0,90.5,46.4,7.6,No,Yes,Postgraduate,69.0,Good
STU_12689,6.2,92.6,85.7,67.1,53.6,,No,Yes,Graduate,76.3,Good
STU_12690,3.0,76.6,77.8,52.7,69.4,6.8,No,Yes,Postgraduate,66.7,Good
STU_12691,4.5,59.5,69.1,73.1,59.8,5.5,No,No,Postgraduate,63.5,Good
STU_12692,4.9,50.0,100.0,78.3,74.7,5.2,No,No,School,67.9,Good
STU_12693,4.7,86.1,79.7,82.1,58.4,6.9,No,Yes,Graduate,72.2,Good
STU_12694,5.7,73.2,44.5,79.8,78.2,8.9,Yes,Yes,Graduate,72.8,Good
STU_12695,7.9,81.2,68.4,72.3,30.6,8.8,No,Yes,Postgraduate,65.7,Good
STU_12696,7.2,66.2,73.8,58.3,67.2,5.9,Yes,Yes,Graduate,78.6,Good
STU_12697,2.4,50.0,66.6,56.2,,6.1,No,Yes,,55.4,Average
STU_12698,6.2,78.0,73.6,65.3,79.9,7.2,Yes,Yes,School,73.0,Good
STU_12699,7.7,,86.6,78.6,59.6,4.0,No,Yes,Graduate,81.5,Excellent
STU_12700,5.8,71.2,62.2,60.9,56.6,6.3,No,Yes,Graduate,63.2,Good
STU_12701,7.2,81.9,59.3,63.1,48.8,7.3,No,Yes,School,64.3,Good
STU_12702,9.0,70.0,48.7,57.6,72.6,6.7,No,Yes,Graduate,66.1,Good
STU_12703,7.0,87.8,37.0,91.9,71.1,4.7,No,,Graduate,70.4,Good
STU_12704,5.5,82.3,60.3,,57.5,4.8,Yes,Yes,Postgraduate,58.1,Average
STU_12705,7.1,86.2,54.8,79.4,72.6,5.3,No,Yes,Graduate,67.0,Good
STU_12706,5.3,75.7,61.9,92.1,65.5,6.9,Yes,Yes,Graduate,79.6,Good
STU_12707,5.0,64.8,56.2,56.7,63.4,6.0,No,Yes,,58.3,Average
STU_12708,4.3,74.2,48.9,80.6,74.5,8.9,Yes,Yes,Graduate,61.7,Good
STU_12709,8.1,82.2,56.7,68.7,91.0,5.4,No,Yes,Postgraduate,87.3,Excellent
STU_12710,3.4,73.4,72.7,89.7,66.5,8.5,Yes,No,Graduate,68.5,Good
STU_12711,8.1,59.7,57.0,58.9,66.5,5.6,No,Yes,Graduate,68.9,Good
STU_12712,6.0,79.4,62.2,73.0,76.7,,Yes,No,Graduate,68.7,Good
STU_12713,2.2,60.3,96.4,78.9,46.8,7.8,Yes,Yes,Graduate,73.4,Good
STU_12714,5.7,60.9,81.1,60.4,59.1,4.3,No,Yes,School,64.9,Good
STU_12715,1.0,87.9,,67.1,55.8,8.5,Yes,No,Graduate,49.8,Average
STU_12716,6.3,92.8,68.9,68.0,66.8,6.4,Yes,No,Graduate,83.3,Excellent
STU_12717,6.8,55.9,54.3,85.3,65.5,8.1,No,No,Graduate,62.8,Good
STU_12718,3.8,85.0,58.7,100.0,90.1,7.0,No,No,Graduate,72.8,Good
STU_12719,5.2,63.8,,92.1,86.0,6.6,Yes,Yes,Postgraduate,70.2,Good
STU_12720,8.9,72.8,66.6,90.1,37.8,6.7,Yes,Yes,Graduate,60.6,Good
STU_12721,,50.0,64.3,40.0,67.7,5.6,No,Yes,School,62.0,Good
STU_12722,2.9,90.8,48.1,71.9,73.3,6.5,No,No,School,61.0,Good
STU_12723,8.0,94.7,73.9,70.9,63.3,5.4,Yes,Yes,School,63.2,Good
STU_12724,8.9,,56.4,81.2,53.7,6.4,Yes,Yes,Postgraduate,72.3,Good
STU_12725,5.0,87.1,93.8,49.8,84.1,7.2,Yes,Yes,Postgraduate,81.2,Excellent
STU_12726,7.0,60.7,83.7,80.2,67.3,8.3,No,Yes,School,78.1,Good
STU_12727,7.7,69.6,40.1,40.8,45.3,8.8,Yes,No,Graduate,47.9,Average
STU_12728,3.5,60.0,61.2,84.4,77.6,7.0,Yes,Yes,Graduate,66.5,Good
STU_12729,4.0,84.0,89.1,46.9,69.5,5.6,No,Yes,School,62.8,Good
STU_12730,7.5,77.8,74.9,87.1,51.7,6.9,,No,Graduate,69.1,Good
STU_12731,8.4,75.3,66.3,86.4,49.8,6.8,Yes,Yes,Postgraduate,76.0,Good
STU_12732,6.1,76.9,30.1,65.3,49.3,8.6,No,,Postgraduate,61.8,Good
STU_12733,3.2,61.2,61.7,76.1,,8.1,No,No,Graduate,66.7,Good
STU_12734,9.0,66.9,68.2,70.0,71.4,7.3,Yes,Yes,School,76.0,Good
STU_12735,3.9,58.3,34.2,49.3,77.3,8.8,No,Yes,Graduate,54.0,Average
STU_12736,4.3,71.0,74.2,77.9,65.3,6.4,No,Yes,Postgraduate,63.6,Good
STU_12737,5.7,66.9,54.5,86.6,51.1,7.8,No,Yes,School,62.0,Good
STU_12738,8.1,61.1,69.5,65.5,49.3,6.4,No,Yes,Graduate,63.6,Good
STU_12739,6.7,85.1,67.0,78.9,79.2,6.4,Yes,Yes,Graduate,73.4,Good
STU_12740,5.8,90.9,61.2,57.7,69.1,4.5,No,Yes,School,65.1,Good
STU_12741,5.9,90.6,76.9,82.9,,7.1,No,Yes,Graduate,64.0,Good
STU_12742,5.1,,69.2,70.1,62.3,7.2,No,Yes,School,63.5,Good
STU_12743,,64.0,100.0,69.8,78.0,6.8,Yes,No,Postgraduate,76.1,Good
STU_12744,1.0,78.0,91.7,76.6,71.0,7.5,No,Yes,School,64.1,Good
STU_12745,4.4,57.6,49.8,91.4,60.5,8.2,Yes,Yes,Graduate,68.7,Good
STU_12746,5.5,91.4,82.8,77.4,61.3,7.0,No,Yes,Postgraduate,76.4,Good
STU_12747,2.7,71.3,54.0,54.8,52.6,,No,Yes,Postgraduate,58.5,Average
STU_12748,5.8,88.9,47.4,59.9,62.4,7.4,No,No,Graduate,62.9,Good
STU_12749,4.6,85.7,42.9,69.0,57.4,8.3,No,Yes,School,52.5,Average
STU_12750,8.5,74.3,59.6,76.9,61.2,7.6,Yes,Yes,School,77.7,Good
STU_12751,8.1,75.0,80.1,53.7,53.3,9.2,Yes,,Graduate,68.2,Good
STU_12752,4.1,91.1,67.4,74.9,40.6,7.3,No,Yes,Postgraduate,70.8,Good
STU_12753,4.7,60.9,72.6,,77.3,5.9,Yes,Yes,School,69.8,Good
STU_12754,4.9,67.4,30.0,63.0,71.2,8.5,Yes,Yes,Graduate,51.5,Average
STU_12755,4.1,57.8,61.6,97.6,57.8,7.8,No,Yes,School,59.0,Average
STU_12756,5.4,90.1,49.2,59.6,56.9,7.6,No,No,School,63.1,Good
STU_12757,3.5,73.7,41.3,72.8,39.8,,No,Yes,Graduate,55.5,Average
STU_12758,2.7,93.0,46.9,40.8,79.1,8.8,Yes,Yes,School,54.2,Average
STU_12759,6.2,94.1,66.1,65.6,82.1,8.2,Yes,Yes,Graduate,77.2,Good
STU_12760,6.3,61.4,74.9,67.9,60.6,7.4,,Yes,Graduate,74.2,Good
STU_12761,3.4,57.8,51.3,64.0,,4.0,No,Yes,School,66.1,Good
STU_12762,6.8,88.7,73.8,59.7,46.2,6.6,No,Yes,Graduate,67.1,Good
STU_12763,,78.0,77.2,62.8,63.4,9.3,No,Yes,School,67.3,Good
STU_12764,5.5,50.0,69.9,78.9,51.0,7.6,Yes,Yes,Graduate,65.2,Good
STU_12765,6.6,70.9,52.1,43.1,51.0,5.5,Yes,Yes,Graduate,57.8,Average
STU_12766,4.9,69.9,57.5,44.0,57.4,6.3,Yes,No,Postgraduate,61.4,Good
STU_12767,5.9,84.1,69.9,63.1,55.2,6.5,Yes,Yes,,59.8,Average
STU_12768,4.0,51.5,54.3,68.3,59.9,8.4,No,Yes,Graduate,62.9,Good
STU_12769,4.6,96.9,74.7,59.0,78.9,5.2,Yes,Yes,Graduate,70.8,Good
STU_12770,4.6,84.0,48.4,70.9,30.0,8.3,Yes,Yes,Graduate,51.7,Average
STU_12771,3.5,98.1,70.7,78.7,53.5,7.9,No,No,Graduate,60.9,Good
STU_12772,4.6,81.8,78.6,83.7,72.1,9.7,No,No,Graduate,84.8,Excellent
STU_12773,1.9,50.0,67.9,88.5,65.1,7.6,Yes,Yes,Graduate,73.5,Good
STU_12774,4.0,70.3,50.1,51.5,49.5,5.5,Yes,No,School,45.9,Average
STU_12775,4.4,74.0,40.5,59.2,95.7,6.9,No,Yes,Postgraduate,68.2,Good
STU_12776,4.5,50.0,48.4,57.7,100.0,5.8,No,Yes,Postgraduate,68.2,Good
STU_12777,4.5,50.0,72.3,84.2,61.8,7.5,No,Yes,School,76.4,Good
STU_12778,4.9,79.4,61.9,61.1,46.1,9.1,Yes,Yes,Graduate,59.1,Average
STU_12779,6.0,50.0,56.0,74.3,58.0,6.0,No,No,School,45.5,Average
STU_12780,6.7,87.5,71.0,50.2,44.0,8.1,No,Yes,Postgraduate,63.9,Good
STU_12781,3.7,78.3,35.2,61.0,68.4,6.3,Yes,Yes,Graduate,56.4,Average
STU_12782,2.6,80.9,61.1,57.4,71.2,5.1,No,Yes,Graduate,64.1,Good
STU_12783,2.9,72.7,48.4,79.6,77.8,8.9,No,Yes,Graduate,70.0,Good
STU_12784,4.0,82.3,44.7,52.5,68.4,7.3,Yes,Yes,Graduate,66.7,Good
STU_12785,4.3,54.5,57.3,95.0,65.7,7.6,Yes,Yes,Graduate,75.2,Good
STU_12786,,82.2,100.0,73.0,45.9,8.0,No,Yes,Graduate,73.9,Good
STU_12787,2.4,96.6,74.5,59.8,42.4,5.0,Yes,Yes,Graduate,67.0,Good
STU_12788,4.1,83.3,48.0,74.8,30.0,6.7,Yes,Yes,School,45.9,Average
STU_12789,5.4,50.0,,58.6,,5.0,No,,Graduate,64.7,Good
STU_12790,6.2,60.1,45.4,55.1,75.8,6.4,No,Yes,Graduate,61.8,Good
STU_12791,3.9,90.0,87.8,79.8,80.4,8.4,No,No,Graduate,79.2,Good
STU_12792,4.2,83.6,51.8,89.2,75.4,7.5,Yes,Yes,School,65.9,Good
STU_12793,3.1,89.6,66.6,75.3,56.1,6.3,No,Yes,School,58.9,Average
STU_12794,4.9,59.5,96.3,52.8,91.7,7.0,No,Yes,School,72.5,Good
STU_12795,3.3,53.5,59.7,58.6,46.8,6.8,Yes,Yes,Graduate,58.0,Average
STU_12796,6.1,73.8,92.6,91.4,46.1,7.4,,Yes,Graduate,56.2,Average
STU_12797,1.4,64.9,63.9,81.1,74.3,6.2,Yes,Yes,Graduate,65.8,Good
STU_12798,4.3,67.2,63.7,54.2,84.5,6.9,Yes,No,Graduate,61.5,Good
STU_12799,5.6,95.0,51.7,60.0,90.7,7.2,No,No,Graduate,63.6,Good
STU_12800,5.4,75.1,86.2,72.6,78.0,7.5,Yes,No,Postgraduate,79.5,Good
STU_12801,10.0,73.9,57.6,68.0,73.8,7.3,Yes,Yes,Graduate,76.5,Good
STU_12802,5.7,95.2,93.6,99.2,75.0,5.0,No,Yes,Graduate,86.0,Excellent
STU_12803,3.0,80.6,55.6,59.8,,5.5,No,Yes,Graduate,58.7,Average
STU_12804,4.8,71.0,58.2,78.4,49.2,7.7,Yes,No,Graduate,70.2,Good
STU_12805,1.4,50.0,80.1,74.2,66.4,,No,Yes,School,69.3,Good
STU_12806,4.8,71.5,63.4,46.8,34.9,6.5,Yes,,Graduate,46.6,Average
STU_12807,3.3,89.4,69.3,40.0,57.1,6.7,Yes,Yes,School,55.7,Average
STU_12808,6.8,67.3,45.4,64.6,53.5,6.7,,Yes,School,57.5,Average
STU_12809,3.9,53.0,66.7,75.9,71.3,4.9,Yes,No,School,54.4,Average
STU_12810,4.8,62.5,70.6,92.3,65.5,9.1,Yes,Yes,Graduate,89.6,Excellent
STU_12811,3.7,,90.9,59.0,85.8,6.9,No,Yes,Graduate,75.9,Good
STU_12812,8.5,78.5,57.8,76.6,75.2,7.0,Yes,Yes,Graduate,68.8,Good
STU_12813,4.4,78.4,70.1,65.9,51.8,7.1,Yes,No,School,67.8,Good
STU_12814,8.7,77.8,83.2,94.2,72.8,8.2,No,No,Graduate,83.0,Excellent
STU_12815,6.6,85.9,65.6,69.4,34.4,7.8,Yes,Yes,School,58.3,Average
STU_12816,6.0,63.0,81.3,63.8,73.7,,Yes,No,Graduate,75.7,Good
STU_12817,5.7,90.7,100.0,72.4,50.1,,Yes,Yes,School,80.1,Excellent
STU_12818,5.8,82.8,,72.7,52.3,8.5,No,Yes,Graduate,70.7,Good
STU_12819,1.1,73.7,84.9,89.5,83.5,7.1,Yes,Yes,Graduate,79.1,Good
STU_12820,4.4,66.8,,70.1,68.2,7.7,No,Yes,Postgraduate,65.2,Good
STU_12821,6.7,50.0,,76.0,58.9,5.7,Yes,Yes,Graduate,61.0,Good
STU_12822,4.9,91.4,75.6,46.8,78.3,7.8,No,Yes,Graduate,62.6,Good
STU_12823,2.2,56.9,81.0,53.8,85.6,5.3,No,Yes,Graduate,63.4,Good
STU_12824,4.9,71.4,80.0,64.7,46.0,6.5,No,Yes,Graduate,53.6,Average
STU_12825,8.4,74.7,63.9,71.5,50.6,7.2,Yes,Yes,Postgraduate,82.1,Excellent
STU_12826,7.5,65.9,56.7,59.3,75.0,9.1,No,Yes,Graduate,62.4,Good
STU_12827,4.9,79.3,71.4,74.0,66.9,7.8,No,Yes,Postgraduate,70.5,Good
STU_12828,6.9,91.6,43.2,62.7,32.2,8.7,Yes,Yes,School,57.4,Average
STU_12829,4.3,97.9,74.3,93.8,90.5,7.6,No,Yes,Graduate,88.2,Excellent
STU_12830,1.6,97.8,76.2,67.1,54.3,5.7,No,No,School,62.6,Good
STU_12831,3.2,67.4,62.3,76.0,45.9,5.7,Yes,Yes,Graduate,61.4,Good
STU_12832,8.1,69.9,65.7,66.9,62.2,7.9,No,No,Graduate,82.0,Excellent
STU_12833,4.5,99.8,78.7,68.7,76.4,5.8,No,Yes,School,82.3,Excellent
STU_12834,4.5,50.0,76.2,77.6,80.2,5.1,No,Yes,Graduate,73.5,Good
STU_12835,4.4,72.8,78.9,71.9,62.9,5.8,Yes,Yes,Graduate,71.9,Good
STU_12836,8.8,58.4,,62.7,100.0,7.3,Yes,Yes,Graduate,81.8,Excellent
STU_12837,8.3,50.0,66.6,74.7,100.0,6.0,No,No,School,79.9,Good
STU_12838,9.4,82.5,64.8,67.8,69.2,8.5,No,Yes,Postgraduate,74.3,Good
STU_12839,4.7,68.0,71.3,78.2,61.0,7.5,Yes,Yes,School,63.5,Good
STU_12840,5.6,94.9,86.8,86.1,56.6,7.2,No,Yes,Postgraduate,86.1,Excellent
STU_12841,2.0,67.6,69.0,83.9,59.6,7.5,No,Yes,Graduate,59.5,Average
STU_12842,8.0,59.4,84.6,55.1,85.9,7.7,,Yes,Graduate,78.3,Good
STU_12843,2.7,86.4,34.5,40.0,67.4,7.7,Yes,No,Graduate,48.8,Average
STU_12844,5.4,85.2,69.8,100.0,75.9,6.0,No,Yes,,77.6,Good
STU_12845,2.8,51.9,66.2,77.3,73.1,8.5,No,Yes,School,65.0,Good
STU_12846,3.8,81.7,40.0,75.3,71.7,7.8,No,No,School,58.8,Average
STU_12847,3.3,89.8,42.3,60.0,79.4,6.5,Yes,Yes,Postgraduate,59.2,Average
STU_12848,3.8,82.3,71.9,41.3,75.2,7.9,No,Yes,Postgraduate,63.5,Good
STU_12849,3.9,57.3,66.6,42.0,69.6,5.4,No,No,School,59.3,Average
STU_12850,3.9,86.3,76.9,65.3,91.5,8.0,No,Yes,Graduate,76.5,Good
STU_12851,6.7,82.4,30.0,72.1,40.9,7.3,No,No,School,54.6,Average
STU_12852,2.8,69.5,81.0,93.6,66.5,4.4,Yes,Yes,Graduate,78.3,Good
STU_12853,5.4,67.8,81.2,73.4,53.6,9.4,Yes,Yes,Graduate,73.8,Good
STU_12854,,91.4,44.3,79.4,76.7,5.4,Yes,Yes,Graduate,69.1,Good
STU_12855,4.0,74.7,86.1,62.5,35.9,7.7,Yes,No,Graduate,63.3,Good
STU_12856,3.6,50.0,91.9,63.6,65.7,8.7,Yes,No,School,68.0,Good
STU_12857,4.5,56.4,45.0,49.4,69.7,4.0,No,Yes,Graduate,45.9,Average
STU_12858,7.4,83.0,66.6,52.8,81.6,7.3,Yes,Yes,Postgraduate,65.3,Good
STU_12859,5.4,76.5,68.0,52.7,55.2,8.1,Yes,Yes,Graduate,66.8,Good
STU_12860,3.9,50.0,38.0,64.9,100.0,8.3,No,Yes,Graduate,60.5,Good
STU_12861,6.0,72.5,60.0,46.7,52.6,8.5,No,Yes,School,55.1,Average
STU_12862,2.8,61.9,86.1,58.6,43.8,8.1,Yes,Yes,Graduate,63.3,Good
STU_12863,6.4,50.0,52.1,69.5,71.7,6.6,Yes,Yes,Postgraduate,67.7,Good
STU_12864,5.8,76.3,92.4,40.0,60.0,7.6,No,No,Postgraduate,67.0,Good
STU_12865,4.4,91.1,70.5,90.8,91.5,9.4,Yes,Yes,Graduate,90.7,Excellent
STU_12866,3.3,77.4,53.1,94.9,36.6,8.5,No,Yes,,58.2,Average
STU_12867,3.2,57.1,65.7,84.5,62.6,6.2,No,Yes,Graduate,66.1,Good
STU_12868,6.1,72.7,43.0,75.5,75.1,8.3,No,Yes,School,61.6,Good
STU_12869,7.5,,71.4,74.6,51.3,8.6,No,Yes,Postgraduate,75.2,Good
STU_12870,3.7,79.4,62.1,77.4,39.7,5.9,No,Yes,School,59.9,Average
STU_12871,5.9,95.5,58.6,71.2,85.2,7.0,No,No,Graduate,82.4,Excellent
STU_12872,1.0,66.5,43.3,72.5,48.6,6.7,No,Yes,Graduate,51.7,Average
STU_12873,3.8,80.5,63.8,46.7,78.7,8.1,No,Yes,Graduate,66.1,Good
STU_12874,4.9,80.7,68.1,71.6,47.2,6.5,No,Yes,School,62.0,Good
STU_12875,3.2,92.3,44.4,77.0,56.9,,,Yes,Graduate,70.7,Good
STU_12876,3.1,78.0,81.2,74.7,74.1,8.3,Yes,Yes,School,74.0,Good
STU_12877,3.7,89.7,69.2,86.1,67.7,5.6,Yes,Yes,School,70.4,Good
STU_12878,5.6,50.0,52.3,90.6,47.1,7.2,Yes,Yes,Graduate,57.8,Average
STU_12879,4.6,82.8,63.6,62.6,70.5,6.1,No,No,Postgraduate,52.5,Average
STU_12880,1.0,84.2,77.6,54.1,30.0,8.3,Yes,Yes,School,53.8,Average
STU_12881,1.0,64.3,85.5,87.6,42.8,6.3,Yes,Yes,Graduate,62.3,Good
STU_12882,3.8,66.8,88.8,79.3,,7.0,,No,Graduate,58.7,Average
STU_12883,5.9,88.9,92.0,62.0,59.3,4.1,No,Yes,Graduate,70.0,Good
STU_12884,1.0,89.3,45.0,66.9,73.5,7.0,No,Yes,Postgraduate,53.9,Average
STU_12885,4.0,65.1,54.3,65.7,73.0,6.8,No,Yes,School,71.2,Good
STU_12886,3.9,,44.0,73.8,56.5,7.1,No,No,Postgraduate,55.1,Average
STU_12887,7.8,79.8,81.4,90.1,63.9,8.6,No,Yes,Postgraduate,88.6,Excellent
STU_12888,4.2,55.4,62.4,,43.2,7.7,No,No,Graduate,55.9,Average
STU_12889,5.8,81.1,83.9,74.1,64.1,7.5,Yes,Yes,Graduate,81.6,Excellent
STU_12890,5.3,89.9,43.7,73.6,,,No,No,Postgraduate,74.5,Good
STU_12891,1.0,79.0,54.7,42.2,95.5,9.6,No,Yes,Postgraduate,67.7,Good
STU_12892,6.5,70.8,,100.0,50.8,4.8,No,Yes,Graduate,86.7,Excellent
STU_12893,5.4,82.9,83.6,72.9,70.2,5.6,No,Yes,Postgraduate,79.6,Good
STU_12894,6.0,50.0,75.5,86.2,57.6,6.1,No,Yes,Graduate,76.9,Good
STU_12895,10.0,85.5,34.6,47.3,75.0,7.2,No,Yes,Postgraduate,65.2,Good
STU_12896,1.0,,58.0,97.0,40.3,7.1,No,Yes,School,49.3,Average
STU_12897,8.4,75.4,79.4,65.1,59.9,6.1,No,Yes,Graduate,58.0,Average
STU_12898,4.4,67.8,81.7,40.0,71.5,7.2,Yes,Yes,,71.8,Good
STU_12899,5.6,94.5,71.2,50.1,65.8,8.4,Yes,Yes,Graduate,66.3,Good
STU_12900,4.9,,67.7,52.8,69.9,7.1,No,No,Graduate,59.8,Average
STU_12901,4.2,50.0,51.0,59.2,48.7,5.5,No,No,Postgraduate,50.3,Average
STU_12902,3.9,83.4,81.1,51.9,56.5,6.9,Yes,Yes,School,60.2,Good
STU_12903,5.7,83.1,47.0,81.3,61.7,6.0,No,Yes,School,73.7,Good
STU_12904,2.0,76.9,40.8,72.5,74.5,5.3,No,Yes,Graduate,53.5,Average
STU_12905,6.5,67.0,68.1,77.2,84.4,7.0,No,No,Graduate,76.2,Good
STU_12906,4.2,70.3,58.4,76.0,32.3,5.9,No,Yes,Graduate,59.1,Average
STU_12907,2.7,83.1,75.9,66.6,56.9,6.6,Yes,No,Graduate,54.6,Average
STU_12908,4.1,92.6,72.3,48.2,51.5,7.5,No,Yes,Postgraduate,66.3,Good
STU_12909,7.5,61.4,90.6,48.8,49.6,7.4,No,Yes,Graduate,60.7,Good
STU_12910,3.9,68.8,71.1,49.4,66.3,8.4,No,No,Graduate,60.0,Good
STU_12911,5.7,50.0,80.9,54.7,62.5,4.9,No,Yes,Graduate,62.8,Good
STU_12912,3.5,95.1,52.2,93.7,44.0,6.8,Yes,Yes,Graduate,64.6,Good
STU_12913,6.5,71.9,75.7,49.1,43.3,8.2,Yes,Yes,Postgraduate,68.7,Good
STU_12914,6.4,63.1,60.9,90.7,69.4,5.0,Yes,Yes,Graduate,67.6,Good
STU_12915,8.7,66.4,57.6,55.2,44.5,6.8,Yes,No,Graduate,57.5,Average
STU_12916,4.6,54.6,51.5,51.0,50.9,7.2,No,Yes,Graduate,43.7,Average
STU_12917,6.3,91.0,88.1,75.9,76.8,5.7,No,Yes,School,71.9,Good
STU_12918,5.2,72.2,64.9,87.7,64.8,6.2,Yes,Yes,School,74.6,Good
STU_12919,7.6,,53.2,47.3,86.8,5.6,No,Yes,School,63.2,Good
STU_12920,3.6,87.6,75.2,68.7,60.3,7.3,Yes,Yes,Postgraduate,75.6,Good
STU_12921,6.5,62.8,58.4,86.6,97.7,4.0,No,Yes,Graduate,71.2,Good
STU_12922,4.6,84.3,53.0,82.8,59.1,6.1,Yes,Yes,Graduate,61.8,Good
STU_12923,4.9,55.4,100.0,48.4,81.2,6.1,No,Yes,Postgraduate,81.0,Excellent
STU_12924,5.2,72.7,46.9,67.1,48.6,8.1,Yes,Yes,School,59.3,Average
STU_12925,5.5,71.1,93.0,47.5,51.6,5.1,Yes,Yes,Postgraduate,59.8,Average
STU_12926,4.8,71.9,52.8,75.2,89.1,8.6,No,Yes,Graduate,67.2,Good
STU_12927,5.4,68.7,74.4,72.3,50.9,7.9,No,Yes,Graduate,71.4,Good
STU_12928,8.2,87.7,63.5,77.9,58.5,8.3,Yes,Yes,Graduate,73.2,Good
STU_12929,7.0,73.9,76.0,56.6,51.4,6.5,Yes,Yes,Postgraduate,76.5,Good
STU_12930,6.7,67.5,44.3,60.2,80.0,6.5,Yes,Yes,Graduate,58.8,Average
STU_12931,4.1,63.2,42.4,83.8,42.7,6.1,No,Yes,Graduate,62.8,Good
STU_12932,3.2,93.6,76.5,84.4,82.9,7.7,No,Yes,School,67.7,Good
STU_12933,6.9,84.7,38.3,93.4,65.9,6.6,No,Yes,Graduate,70.2,Good
STU_12934,6.8,56.4,47.5,89.9,65.0,6.0,Yes,Yes,Graduate,74.1,Good
STU_12935,7.9,79.0,63.7,46.9,61.1,6.6,No,Yes,Graduate,66.3,Good
STU_12936,3.8,62.4,45.6,87.1,82.0,7.4,Yes,Yes,Postgraduate,73.0,Good
STU_12937,4.5,93.8,47.5,69.5,58.5,5.5,No,Yes,Postgraduate,69.1,Good
STU_12938,1.7,74.2,58.8,80.2,50.6,5.9,No,No,Graduate,59.2,Average
STU_12939,4.2,84.5,32.2,65.3,70.3,8.6,No,Yes,Graduate,57.2,Average
STU_12940,7.0,70.5,44.0,57.2,60.6,5.9,No,Yes,Graduate,58.7,Average
STU_12941,4.1,50.0,85.1,66.0,93.4,8.7,Yes,Yes,Postgraduate,72.6,Good
STU_12942,6.3,73.2,79.4,70.9,76.6,6.4,Yes,Yes,Graduate,69.3,Good
STU_12943,4.6,84.5,99.0,74.1,67.5,5.4,Yes,Yes,Graduate,86.0,Excellent
STU_12944,5.6,83.9,73.9,83.6,84.9,8.6,No,Yes,Postgraduate,84.0,Excellent
STU_12945,2.7,89.5,84.5,55.5,38.8,9.1,No,Yes,Graduate,69.4,Good
STU_12946,5.2,54.5,58.7,54.3,71.0,6.3,Yes,No,Graduate,64.8,Good
STU_12947,1.0,70.4,62.2,47.2,63.6,8.3,Yes,Yes,School,52.9,Average
STU_12948,4.6,98.9,71.2,66.9,58.7,7.1,No,Yes,Graduate,60.9,Good
STU_12949,1.7,65.4,36.6,57.8,57.5,7.2,Yes,No,,45.9,Average
STU_12950,7.4,79.6,73.2,65.4,79.8,7.4,Yes,Yes,Graduate,81.3,Excellent
STU_12951,6.6,92.5,55.6,70.3,32.2,7.0,Yes,Yes,,57.6,Average
STU_12952,5.9,86.5,58.2,45.0,69.6,7.1,Yes,Yes,Graduate,73.1,Good
STU_12953,8.0,68.0,80.0,62.2,39.1,7.0,Yes,Yes,School,64.1,Good
STU_12954,3.1,59.5,41.7,75.1,58.1,6.3,No,Yes,School,46.9,Average
STU_12955,8.5,78.4,65.8,71.0,61.2,6.2,Yes,Yes,Graduate,71.2,Good
STU_12956,6.9,72.4,71.7,64.8,87.9,5.6,No,Yes,Graduate,76.7,Good
STU_12957,4.5,62.2,57.0,69.5,53.5,4.7,No,Yes,Graduate,69.4,Good
STU_12958,7.3,50.0,65.6,66.2,62.9,6.9,No,No,Postgraduate,66.7,Good
STU_12959,2.8,78.5,66.3,56.1,42.3,6.0,Yes,Yes,Graduate,53.2,Average
STU_12960,3.4,83.6,78.5,53.7,70.1,5.0,Yes,Yes,School,74.6,Good
STU_12961,3.8,54.8,62.3,100.0,40.7,6.0,Yes,Yes,Graduate,70.3,Good
STU_12962,3.9,86.3,46.2,78.8,33.5,6.4,No,Yes,Graduate,54.6,Average
STU_12963,2.9,84.4,56.3,85.1,37.9,6.3,,Yes,Graduate,50.2,Average
STU_12964,7.4,88.2,59.8,78.5,57.5,8.7,No,Yes,School,65.6,Good
STU_12965,4.5,61.5,53.0,89.5,58.3,6.3,No,Yes,Graduate,68.1,Good
STU_12966,5.7,66.0,67.8,78.0,80.2,8.7,,Yes,School,79.4,Good
STU_12967,3.9,82.9,67.1,40.5,86.4,6.1,Yes,,Graduate,68.0,Good
STU_12968,1.4,95.6,66.3,58.3,86.0,7.6,Yes,No,Graduate,65.8,Good
STU_12969,5.5,68.3,51.5,73.3,80.4,5.8,No,Yes,Graduate,64.6,Good
STU_12970,1.2,82.4,66.9,72.9,95.2,9.1,Yes,Yes,Graduate,76.9,Good
STU_12971,4.9,93.1,84.3,71.8,69.3,8.5,,Yes,Graduate,70.4,Good
STU_12972,2.3,89.9,69.4,54.4,69.5,7.9,Yes,Yes,School,60.2,Good
STU_12973,9.0,50.0,81.1,62.1,91.2,9.4,No,Yes,Graduate,88.1,Excellent
STU_12974,6.8,,66.6,73.5,44.2,8.0,No,,Postgraduate,71.1,Good
STU_12975,5.2,56.3,55.4,70.5,77.0,7.5,Yes,Yes,Graduate,76.4,Good
STU_12976,7.5,50.0,77.9,80.9,61.2,5.4,No,No,School,64.6,Good
STU_12977,3.3,75.5,43.9,55.0,83.3,4.2,No,Yes,School,50.8,Average
STU_12978,6.1,59.2,56.6,76.8,80.9,5.4,No,Yes,Graduate,78.5,Good
STU_12979,5.4,85.5,62.9,62.0,59.4,5.0,Yes,Yes,School,68.8,Good
STU_12980,5.5,76.4,74.8,65.0,42.7,6.0,No,Yes,Graduate,69.4,Good
STU_12981,7.5,50.0,84.1,69.2,83.6,8.3,Yes,No,Graduate,81.6,Excellent
STU_12982,6.5,96.2,77.7,45.8,54.4,5.7,Yes,Yes,Postgraduate,80.6,Excellent
STU_12983,5.6,79.7,76.2,71.8,63.9,6.4,No,Yes,Graduate,75.1,Good
STU_12984,1.7,50.0,78.0,87.6,44.1,7.1,Yes,Yes,Graduate,63.6,Good
STU_12985,3.1,85.9,80.1,53.0,56.2,7.1,No,No,School,61.6,Good
STU_12986,4.8,95.3,47.9,96.0,78.3,6.3,Yes,Yes,School,73.9,Good
STU_12987,5.2,74.2,98.1,60.9,68.2,8.4,No,Yes,School,82.5,Excellent
STU_12988,2.7,52.6,81.6,78.2,50.0,7.0,No,Yes,School,69.1,Good
STU_12989,9.8,93.0,62.3,51.5,,7.2,No,Yes,Graduate,72.7,Good
STU_12990,8.0,53.9,70.6,100.0,73.0,10.0,No,Yes,Graduate,67.3,Good
STU_12991,6.2,75.8,45.3,55.2,55.4,9.1,Yes,Yes,Graduate,59.0,Average
STU_12992,5.1,61.2,61.1,72.9,64.8,7.0,Yes,Yes,School,59.7,Average
STU_12993,4.6,60.6,59.9,62.5,59.8,7.7,,Yes,School,70.6,Good
STU_12994,3.1,81.5,58.6,69.3,55.2,5.9,No,Yes,Graduate,55.8,Average
STU_12995,5.2,92.6,77.2,71.6,71.9,4.5,No,Yes,Graduate,77.0,Good
STU_12996,,93.3,66.6,65.4,48.1,7.8,No,Yes,School,75.4,Good
STU_12997,2.5,76.3,47.1,60.5,,5.7,No,Yes,Postgraduate,59.9,Average
STU_12998,5.7,73.3,47.4,69.3,68.6,7.7,No,Yes,Graduate,62.1,Good
STU_12999,4.7,83.9,35.5,69.0,83.6,9.6,No,Yes,School,64.8,Good
STU_13000,1.2,68.8,78.2,74.5,62.8,4.7,Yes,Yes,School,55.5,Average
STU_13001,3.3,73.5,61.6,76.8,42.9,4.3,No,No,Graduate,47.5,Average
STU_13002,4.2,54.9,76.3,81.4,72.8,5.9,No,Yes,Graduate,73.8,Good
STU_13003,8.8,82.5,100.0,77.9,47.8,8.0,Yes,No,Postgraduate,66.0,Good
STU_13004,6.1,87.5,51.5,71.9,51.3,8.5,No,Yes,Graduate,63.3,Good
STU_13005,2.3,81.3,69.9,66.4,54.0,8.0,Yes,No,Graduate,60.1,Good
STU_13006,6.0,58.6,,48.5,59.0,7.3,Yes,Yes,Graduate,79.7,Good
STU_13007,1.9,52.1,57.7,72.2,82.7,7.0,Yes,Yes,Graduate,67.6,Good
STU_13008,7.2,85.9,59.9,85.3,72.4,7.1,No,Yes,School,71.7,Good
STU_13009,4.1,61.2,73.0,59.3,44.4,8.4,Yes,Yes,Graduate,66.3,Good
STU_13010,4.8,84.1,100.0,60.6,86.2,6.2,No,,Graduate,80.5,Excellent
STU_13011,7.7,83.1,74.5,,79.0,7.0,No,Yes,Postgraduate,76.2,Good
STU_13012,2.4,66.0,52.4,92.9,68.7,5.6,No,Yes,Graduate,65.8,Good
STU_13013,2.2,84.9,54.2,58.3,30.0,7.4,No,No,Graduate,48.9,Average
STU_13014,3.8,94.0,57.7,100.0,48.5,7.0,Yes,Yes,Graduate,69.0,Good
STU_13015,7.1,84.0,37.7,75.8,62.1,10.0,Yes,Yes,Postgraduate,71.0,Good
STU_13016,2.0,87.8,62.6,82.9,88.5,5.2,No,Yes,Graduate,77.4,Good
STU_13017,1.0,77.6,65.1,65.1,83.2,,No,Yes,Graduate,67.2,Good
STU_13018,4.1,82.3,65.7,73.6,46.6,6.4,No,Yes,Postgraduate,56.2,Average
STU_13019,6.1,94.2,43.3,76.0,35.1,8.0,Yes,No,Postgraduate,50.9,Average
STU_13020,7.4,66.8,70.2,57.4,59.1,7.9,Yes,No,School,62.9,Good
STU_13021,4.1,81.0,50.2,93.1,64.2,6.7,No,No,Graduate,62.0,Good
STU_13022,4.2,77.0,61.4,69.5,42.1,5.8,No,Yes,Postgraduate,62.5,Good
STU_13023,7.3,64.7,53.9,63.0,48.1,5.7,Yes,Yes,Graduate,70.0,Good
STU_13024,1.3,51.4,82.3,53.8,95.9,7.1,No,No,Graduate,75.1,Good
STU_13025,4.2,57.0,54.7,77.9,56.0,6.1,No,No,School,53.0,Average
STU_13026,5.4,68.9,85.2,73.6,57.2,6.7,Yes,Yes,Graduate,61.4,Good
STU_13027,5.9,89.8,67.0,56.3,100.0,5.5,No,Yes,Graduate,76.1,Good
STU_13028,4.0,59.6,71.3,72.0,56.6,7.6,No,Yes,School,68.9,Good
STU_13029,5.1,62.7,66.2,76.8,45.8,5.9,No,Yes,School,58.2,Average
STU_13030,1.0,64.4,52.2,64.5,50.7,6.5,No,Yes,School,50.6,Average
STU_13031,3.7,80.9,71.1,75.2,66.7,8.6,No,Yes,School,66.3,Good
STU_13032,,93.8,58.6,70.1,54.4,7.2,No,Yes,,73.8,Good
STU_13033,3.0,50.0,69.8,66.9,59.9,7.9,Yes,Yes,Postgraduate,77.6,Good
STU_13034,5.1,90.1,74.1,56.6,61.3,5.9,Yes,Yes,School,70.8,Good
STU_13035,5.9,77.1,93.6,72.8,100.0,7.3,No,Yes,Graduate,89.0,Excellent
STU_13036,4.3,83.9,72.1,41.0,73.4,7.5,No,Yes,School,54.9,Average
STU_13037,5.3,85.4,79.3,90.1,46.8,5.8,No,Yes,Graduate,68.5,Good
STU_13038,3.1,84.6,74.9,86.6,59.2,7.1,No,No,Graduate,72.5,Good
STU_13039,4.6,50.0,61.6,55.7,74.8,6.5,Yes,Yes,Graduate,66.2,Good
STU_13040,6.2,66.3,75.2,49.9,79.3,7.3,Yes,No,Postgraduate,73.9,Good
STU_13041,5.3,71.8,63.1,86.4,36.3,5.4,No,Yes,School,50.4,Average
STU_13042,3.8,50.0,58.8,67.7,39.3,5.7,Yes,Yes,Graduate,42.4,Average
STU_13043,5.4,50.0,48.7,70.8,69.5,5.3,No,Yes,Postgraduate,74.9,Good
STU_13044,6.4,83.2,74.8,70.3,51.8,5.6,Yes,Yes,Graduate,69.1,Good
STU_13045,1.0,55.0,56.5,51.6,49.5,6.2,No,Yes,Postgraduate,40.4,Average
STU_13046,7.3,71.0,74.4,81.0,65.0,,Yes,Yes,School,73.8,Good
STU_13047,4.3,73.0,65.1,76.3,74.7,7.1,Yes,Yes,Postgraduate,63.6,Good
STU_13048,5.9,,60.7,70.3,58.2,7.1,No,Yes,Graduate,58.8,Average
STU_13049,7.4,96.5,52.0,40.0,30.9,5.8,No,Yes,School,48.5,Average
STU_13050,2.3,65.0,84.5,77.1,53.5,7.0,Yes,Yes,Graduate,58.0,Average
STU_13051,3.6,84.5,59.1,75.3,43.4,8.5,No,Yes,Graduate,39.8,Poor
STU_13052,4.4,90.6,88.8,68.7,71.0,7.4,Yes,No,School,77.3,Good
STU_13053,3.4,64.1,52.7,83.5,94.8,8.0,No,Yes,Graduate,67.1,Good
STU_13054,8.5,91.8,87.6,85.8,66.6,6.4,Yes,Yes,School,88.4,Excellent
STU_13055,3.3,76.5,66.3,74.7,69.1,6.4,No,Yes,Postgraduate,68.2,Good
STU_13056,3.9,,77.9,48.8,75.0,7.6,Yes,Yes,Graduate,55.7,Average
STU_13057,5.4,,45.5,52.3,83.6,,Yes,Yes,School,64.6,Good
STU_13058,2.6,53.6,45.4,60.2,52.7,6.9,Yes,Yes,School,59.5,Average
STU_13059,4.2,50.0,68.9,66.5,61.2,7.2,Yes,No,,62.8,Good
STU_13060,5.6,,49.8,81.8,77.2,6.5,No,Yes,School,61.2,Good
STU_13061,4.3,80.3,84.9,74.6,46.9,6.0,No,Yes,School,57.2,Average
STU_13062,4.8,80.6,70.5,67.7,37.9,6.2,Yes,No,Graduate,57.0,Average
STU_13063,3.9,66.9,55.3,78.8,54.6,5.3,No,Yes,School,52.1,Average
STU_13064,2.0,84.3,51.2,59.1,82.1,7.3,No,Yes,School,57.5,Average
STU_13065,5.6,50.2,60.7,78.8,64.2,8.0,No,Yes,Graduate,52.8,Average
STU_13066,8.5,80.0,56.5,73.2,54.5,6.4,No,No,School,57.4,Average
STU_13067,5.0,62.4,72.4,77.3,78.3,10.0,Yes,Yes,School,76.5,Good
STU_13068,5.5,67.0,63.8,81.8,70.9,6.1,Yes,Yes,Graduate,72.4,Good
STU_13069,6.4,,82.5,69.3,49.6,6.1,Yes,Yes,Postgraduate,68.8,Good
STU_13070,2.5,72.7,74.5,42.1,59.0,7.9,No,Yes,Postgraduate,52.2,Average
STU_13071,8.4,80.1,52.0,60.8,45.6,7.7,No,Yes,Graduate,72.5,Good
STU_13072,5.4,50.0,58.6,80.9,64.3,7.8,No,Yes,,78.5,Good
STU_13073,8.3,78.7,52.0,62.1,72.2,8.3,No,Yes,Postgraduate,63.4,Good
STU_13074,3.5,88.7,52.0,60.7,30.0,5.9,Yes,Yes,Graduate,58.4,Average
STU_13075,8.6,85.1,38.1,70.9,45.7,7.4,No,Yes,Graduate,54.8,Average
STU_13076,6.6,72.8,79.1,85.3,88.9,5.3,Yes,,Postgraduate,87.3,Excellent
STU_13077,6.1,68.8,84.4,76.4,56.6,8.3,No,Yes,Graduate,57.7,Average
STU_13078,5.5,93.4,50.2,94.4,88.5,8.2,Yes,No,Postgraduate,74.0,Good
STU_13079,4.5,73.5,48.7,75.6,41.6,8.3,Yes,Yes,Postgraduate,61.5,Good
STU_13080,7.4,77.4,73.4,75.1,53.5,6.9,No,Yes,Graduate,73.1,Good
STU_13081,5.3,54.6,52.7,66.7,65.5,8.2,Yes,Yes,Postgraduate,58.7,Average
STU_13082,1.1,87.3,84.1,48.3,56.9,7.2,No,No,Graduate,62.1,Good
STU_13083,2.8,76.1,54.2,72.1,82.2,8.7,No,Yes,Graduate,65.5,Good
STU_13084,4.6,50.0,32.9,70.6,60.1,6.6,Yes,Yes,School,45.6,Average
STU_13085,5.6,89.7,63.0,79.3,73.4,6.6,Yes,No,Postgraduate,66.7,Good
STU_13086,4.9,90.6,56.1,74.3,44.5,7.5,Yes,No,School,69.7,Good
STU_13087,7.4,75.8,67.2,73.8,66.2,5.5,Yes,Yes,Postgraduate,75.8,Good
STU_13088,1.1,53.4,59.8,85.9,57.0,6.7,Yes,Yes,School,55.9,Average
STU_13089,5.3,88.8,73.6,66.3,46.0,6.9,No,No,Graduate,54.1,Average
STU_13090,1.4,86.0,71.3,81.7,69.5,,,,School,63.7,Good
STU_13091,6.5,50.0,69.9,88.0,83.8,7.1,No,Yes,Graduate,77.2,Good
STU_13092,4.8,76.7,67.9,62.2,52.5,7.6,Yes,Yes,Graduate,66.6,Good
STU_13093,5.8,55.4,65.0,64.3,68.8,8.0,No,Yes,Postgraduate,68.3,Good
STU_13094,3.3,91.7,44.0,59.2,58.6,5.2,No,Yes,Graduate,52.3,Average
STU_13095,7.6,62.7,70.8,51.0,63.7,8.2,Yes,Yes,Graduate,57.1,Average
STU_13096,7.1,64.6,76.0,95.8,75.4,4.5,No,Yes,School,76.7,Good
STU_13097,6.2,50.0,70.2,100.0,85.1,5.9,Yes,Yes,School,77.9,Good
STU_13098,4.7,73.0,62.0,72.9,81.9,9.4,Yes,No,Postgraduate,66.5,Good
STU_13099,6.2,84.4,73.9,65.4,50.0,7.2,Yes,Yes,School,65.8,Good
STU_13100,3.6,83.8,68.5,94.3,,5.7,No,Yes,Postgraduate,66.9,Good
STU_13101,6.7,50.2,75.7,78.4,30.0,5.4,Yes,Yes,School,64.0,Good
STU_13102,8.3,50.0,63.7,59.4,72.1,5.5,Yes,Yes,Graduate,74.6,Good
STU_13103,7.1,72.5,43.6,57.7,53.6,5.9,No,Yes,Postgraduate,45.5,Average
STU_13104,3.5,86.7,62.3,81.5,79.0,8.2,No,Yes,Postgraduate,75.4,Good
STU_13105,5.7,79.7,50.8,75.4,45.4,7.7,No,Yes,School,49.8,Average
STU_13106,2.4,64.5,58.0,85.7,69.1,8.3,Yes,Yes,Graduate,59.7,Average
STU_13107,6.1,83.3,66.3,79.9,33.7,5.7,No,Yes,Postgraduate,71.4,Good
STU_13108,5.9,69.1,79.9,52.9,70.1,4.6,Yes,Yes,School,61.1,Good
STU_13109,1.3,81.9,75.0,59.2,68.3,7.8,Yes,Yes,School,68.5,Good
STU_13110,2.7,50.0,68.1,57.7,44.4,6.9,No,Yes,Graduate,50.4,Average
STU_13111,4.4,92.4,83.7,73.0,65.1,6.0,No,Yes,School,80.2,Excellent
STU_13112,4.4,68.6,65.7,68.3,95.1,8.2,Yes,,Graduate,66.1,Good
STU_13113,2.6,85.9,68.0,63.6,73.0,8.6,No,Yes,Graduate,65.6,Good
STU_13114,5.8,83.5,59.3,65.6,100.0,9.1,No,Yes,Postgraduate,60.3,Good
STU_13115,5.5,62.5,49.0,79.4,64.5,5.8,Yes,Yes,Postgraduate,67.3,Good
STU_13116,4.6,76.2,73.4,67.5,71.3,8.5,Yes,Yes,Graduate,61.4,Good
STU_13117,3.5,96.4,41.5,60.5,54.4,7.5,Yes,,Graduate,56.3,Average
STU_13118,7.1,73.0,51.0,51.7,65.9,6.3,No,No,Graduate,55.3,Average
STU_13119,8.3,72.1,67.7,57.4,46.4,8.5,No,Yes,School,74.6,Good
STU_13120,4.0,91.0,52.3,85.0,76.5,5.9,Yes,Yes,Postgraduate,69.5,Good
STU_13121,3.8,79.5,65.3,60.6,49.1,6.2,No,Yes,School,67.9,Good
STU_13122,6.0,73.2,67.2,95.4,88.7,8.1,No,No,School,70.4,Good
STU_13123,4.3,64.9,56.6,78.8,40.5,6.3,Yes,Yes,Graduate,39.5,Poor
STU_13124,4.7,82.4,65.8,58.6,57.1,7.5,No,Yes,Graduate,67.7,Good
STU_13125,6.5,65.5,65.6,61.4,58.0,6.4,No,Yes,Graduate,57.2,Average
STU_13126,1.2,93.1,47.9,40.5,44.1,7.2,Yes,Yes,School,54.2,Average
STU_13127,7.6,69.5,73.2,63.8,65.8,7.3,No,Yes,Graduate,70.3,Good
STU_13128,5.1,61.3,34.5,97.3,53.5,5.8,Yes,Yes,Postgraduate,66.8,Good
STU_13129,4.2,85.4,93.2,92.9,,7.2,Yes,Yes,Graduate,90.0,Excellent
STU_13130,4.8,87.9,73.0,92.5,49.0,6.4,No,Yes,School,81.9,Excellent
STU_13131,4.9,85.6,80.3,78.5,68.7,5.9,No,No,School,76.7,Good
STU_13132,1.5,50.0,74.9,67.5,60.6,5.7,No,No,Graduate,58.7,Average
STU_13133,8.0,50.0,64.4,71.4,58.6,5.7,Yes,Yes,Graduate,73.7,Good
STU_13134,5.1,92.8,53.4,77.6,63.5,6.3,Yes,Yes,Graduate,72.8,Good
STU_13135,5.9,83.1,64.6,69.8,73.3,7.7,No,Yes,Postgraduate,75.5,Good
STU_13136,6.9,64.8,77.5,59.0,31.8,5.4,No,Yes,School,71.5,Good
STU_13137,3.0,90.9,52.7,69.0,62.8,7.1,Yes,No,Graduate,59.7,Average
STU_13138,5.9,55.0,67.4,51.1,48.8,7.4,No,Yes,Graduate,59.9,Average
STU_13139,4.5,66.3,37.8,78.3,50.0,8.2,Yes,Yes,Postgraduate,56.1,Average
STU_13140,6.7,88.6,,57.3,65.9,6.3,Yes,Yes,School,81.7,Excellent
STU_13141,1.0,71.6,52.1,78.0,,7.2,Yes,Yes,School,60.6,Good
STU_13142,4.8,80.7,90.2,54.9,86.8,5.6,No,Yes,Graduate,77.5,Good
STU_13143,3.8,86.1,44.9,67.7,52.7,5.4,Yes,Yes,Graduate,52.9,Average
STU_13144,5.9,50.0,71.0,73.8,30.0,7.4,Yes,No,Graduate,56.2,Average
STU_13145,5.9,,88.9,67.7,63.1,9.5,Yes,Yes,Postgraduate,84.3,Excellent
STU_13146,3.6,69.6,80.1,79.0,32.9,7.8,No,Yes,Postgraduate,62.6,Good
STU_13147,3.6,60.7,87.8,76.3,69.1,5.5,No,Yes,School,76.4,Good
STU_13148,4.8,74.7,90.0,64.1,47.6,5.6,No,Yes,Graduate,71.7,Good
STU_13149,3.2,72.2,65.8,61.7,67.5,7.7,Yes,Yes,School,62.5,Good
STU_13150,6.7,72.4,72.1,60.7,48.3,7.9,Yes,Yes,Postgraduate,62.7,Good
STU_13151,4.3,79.9,67.9,58.7,43.4,7.1,Yes,Yes,School,61.1,Good
STU_13152,1.0,69.9,72.2,99.4,43.8,6.7,No,Yes,Postgraduate,65.8,Good
STU_13153,4.3,62.7,71.3,61.2,68.4,7.6,Yes,Yes,Graduate,66.9,Good
STU_13154,2.9,61.1,90.8,85.3,40.9,5.8,No,Yes,Graduate,67.2,Good
STU_13155,1.7,89.4,69.4,72.3,70.7,8.2,Yes,Yes,Graduate,63.8,Good
STU_13156,2.5,64.9,50.7,65.0,90.4,7.4,No,Yes,Graduate,67.8,Good
STU_13157,5.2,50.0,,72.7,88.7,6.0,Yes,,School,73.5,Good
STU_13158,7.7,68.2,76.0,73.6,36.5,6.9,No,Yes,Graduate,61.9,Good
STU_13159,5.6,51.7,52.7,45.4,40.4,10.0,No,Yes,Graduate,49.1,Average
STU_13160,3.8,91.9,52.1,68.9,69.7,6.6,Yes,Yes,Postgraduate,66.9,Good
STU_13161,5.9,86.1,79.3,70.1,44.9,7.7,No,Yes,Graduate,65.2,Good
STU_13162,4.1,70.2,57.0,65.4,71.9,8.0,No,Yes,Graduate,59.3,Average
STU_13163,3.6,54.6,58.8,40.3,34.6,7.2,Yes,No,Postgraduate,54.8,Average
STU_13164,2.7,93.5,58.1,65.4,60.9,6.5,No,Yes,Postgraduate,68.2,Good
STU_13165,1.5,60.3,68.7,92.6,77.1,6.1,Yes,Yes,School,71.9,Good
STU_13166,4.2,89.5,81.5,77.7,37.2,6.8,No,Yes,Graduate,58.6,Average
STU_13167,5.3,88.4,75.0,55.3,60.1,6.8,Yes,Yes,School,77.9,Good
STU_13168,4.8,54.3,58.1,82.5,59.9,8.5,Yes,Yes,Graduate,67.7,Good
STU_13169,4.2,78.8,85.1,54.5,71.7,8.9,No,No,Postgraduate,68.8,Good
STU_13170,3.1,76.0,78.0,73.8,51.3,9.2,Yes,Yes,Postgraduate,73.1,Good
STU_13171,6.2,77.5,79.9,73.9,39.2,6.6,Yes,Yes,Postgraduate,69.1,Good
STU_13172,2.4,77.2,79.4,64.9,30.0,8.3,No,No,Graduate,37.9,Poor
STU_13173,6.6,84.5,57.3,84.6,83.2,7.3,No,Yes,School,75.8,Good
STU_13174,3.0,86.0,51.2,80.6,75.4,5.7,Yes,Yes,School,72.3,Good
STU_13175,3.5,57.5,59.9,59.1,61.6,5.2,No,Yes,Graduate,60.3,Good
STU_13176,2.1,65.3,79.9,65.9,61.2,6.6,Yes,No,School,50.1,Average
STU_13177,4.0,93.4,47.3,58.0,68.8,6.8,No,Yes,School,64.8,Good
STU_13178,,91.4,,62.0,77.5,5.9,No,Yes,Graduate,69.4,Good
STU_13179,6.0,91.8,37.8,79.1,30.0,8.5,No,Yes,School,57.1,Average
STU_13180,7.0,50.0,46.2,69.8,33.5,8.8,Yes,Yes,Graduate,47.4,Average
STU_13181,6.0,82.7,53.2,84.4,31.2,6.8,No,No,Postgraduate,56.6,Average
STU_13182,2.8,91.8,66.9,47.9,56.5,8.8,No,Yes,School,51.4,Average
STU_13183,4.3,71.3,47.7,73.9,64.9,7.5,No,Yes,Postgraduate,68.8,Good
STU_13184,3.4,91.7,74.9,81.6,78.2,4.6,No,Yes,Postgraduate,77.8,Good
STU_13185,7.7,75.8,65.7,71.4,30.0,4.6,No,Yes,Graduate,58.2,Average
STU_13186,2.6,52.4,34.4,50.9,40.6,7.4,Yes,Yes,Postgraduate,41.9,Average
STU_13187,6.8,69.3,64.7,55.3,64.1,6.8,No,Yes,School,62.2,Good
STU_13188,6.8,52.4,67.1,82.7,66.1,5.9,Yes,Yes,Postgraduate,75.0,Good
STU_13189,8.7,57.6,93.7,62.5,58.8,7.5,Yes,Yes,Postgraduate,83.1,Excellent
STU_13190,4.2,54.8,68.6,59.1,44.0,9.6,No,Yes,Postgraduate,53.7,Average
STU_13191,6.4,88.6,38.5,65.3,50.8,7.1,Yes,Yes,School,61.3,Good
STU_13192,9.6,50.0,68.4,66.5,59.8,6.5,Yes,,Postgraduate,70.7,Good
STU_13193,3.8,79.1,67.6,86.6,34.5,6.2,No,No,Postgraduate,43.3,Average
STU_13194,1.9,92.4,74.1,45.6,48.3,5.6,No,Yes,Postgraduate,55.0,Average
STU_13195,1.2,80.4,100.0,78.1,39.9,8.0,No,No,School,64.8,Good
STU_13196,6.4,89.9,57.0,90.5,70.0,6.5,No,No,School,65.2,Good
STU_13197,1.2,91.1,55.2,83.2,47.4,6.8,Yes,Yes,Graduate,62.0,Good
STU_13198,4.3,90.1,72.0,100.0,41.1,6.5,No,,Graduate,73.0,Good
STU_13199,5.9,96.9,92.4,63.6,53.7,8.9,No,Yes,School,78.9,Good
STU_13200,5.4,50.0,75.1,82.5,74.0,5.3,Yes,No,Postgraduate,66.3,Good
STU_13201,5.9,63.9,59.9,68.8,61.6,,No,No,Graduate,69.9,Good
STU_13202,5.4,86.6,79.8,62.7,79.6,8.0,Yes,No,Graduate,74.3,Good
STU_13203,7.6,66.2,91.9,40.0,77.2,6.1,Yes,No,Graduate,63.4,Good
STU_13204,3.1,72.2,53.5,63.5,50.0,7.7,Yes,Yes,Graduate,55.9,Average
STU_13205,3.6,88.7,50.0,84.9,64.2,6.8,No,Yes,School,61.7,Good
STU_13206,3.5,92.6,65.8,46.0,79.6,8.0,Yes,Yes,School,62.3,Good
STU_13207,6.7,69.5,69.5,99.4,54.3,5.8,Yes,Yes,Graduate,66.9,Good
STU_13208,6.8,89.3,85.8,75.7,65.8,7.3,No,Yes,Graduate,78.9,Good
STU_13209,,88.5,58.0,54.5,47.6,7.1,Yes,Yes,Graduate,61.4,Good
STU_13210,7.4,74.4,71.0,73.2,58.4,7.7,Yes,Yes,Graduate,69.2,Good
STU_13211,2.6,93.2,88.4,79.6,,4.1,Yes,Yes,Graduate,66.0,Good
STU_13212,8.3,60.7,68.4,63.2,72.0,6.1,Yes,Yes,Graduate,61.8,Good
STU_13213,8.0,60.7,59.1,61.3,55.9,7.7,Yes,Yes,Graduate,75.3,Good
STU_13214,6.5,65.1,73.6,97.6,65.4,9.1,No,Yes,Graduate,74.7,Good
STU_13215,8.6,77.2,60.0,65.2,68.1,8.3,Yes,Yes,Graduate,77.5,Good
STU_13216,1.7,79.3,70.1,68.0,49.4,7.5,No,Yes,Graduate,66.0,Good
STU_13217,4.0,73.3,62.2,88.5,55.6,6.0,No,No,School,68.2,Good
STU_13218,3.5,79.4,62.8,69.0,69.4,7.4,No,Yes,Graduate,69.4,Good
STU_13219,6.4,95.6,59.0,80.7,91.4,7.7,No,Yes,Graduate,79.7,Good
STU_13220,2.9,69.3,56.4,63.4,41.9,9.1,No,Yes,Graduate,44.1,Average
STU_13221,,78.8,79.9,60.2,70.4,5.9,No,Yes,School,80.2,Excellent
STU_13222,7.7,73.7,67.8,75.3,81.4,6.5,No,Yes,School,68.1,Good
STU_13223,6.4,97.1,84.1,56.3,63.5,9.4,Yes,Yes,School,82.3,Excellent
STU_13224,5.6,59.9,31.2,75.7,47.5,6.8,No,Yes,Postgraduate,54.1,Average
STU_13225,3.0,90.1,57.2,57.2,61.2,7.6,No,Yes,Graduate,65.9,Good
STU_13226,3.3,64.6,53.9,,46.5,5.7,Yes,No,Graduate,61.2,Good
STU_13227,7.5,66.8,61.2,,54.0,6.6,No,Yes,Postgraduate,73.0,Good
STU_13228,6.6,53.4,49.5,42.1,68.2,7.4,Yes,Yes,School,60.6,Good
STU_13229,4.9,,40.9,64.2,61.0,,Yes,Yes,,60.2,Good
STU_13230,4.2,78.9,75.1,42.6,65.1,7.2,Yes,Yes,Graduate,64.8,Good
STU_13231,1.0,75.9,56.1,65.9,43.3,7.3,Yes,Yes,Postgraduate,55.7,Average
STU_13232,,88.6,73.3,74.7,52.2,7.1,No,Yes,Postgraduate,67.3,Good
STU_13233,8.8,74.3,47.3,65.2,71.8,6.1,No,Yes,Graduate,67.7,Good
STU_13234,2.4,84.4,40.5,40.0,35.2,8.0,Yes,Yes,Graduate,38.0,Poor
STU_13235,5.4,91.8,,82.6,40.8,7.2,Yes,Yes,,66.9,Good
STU_13236,7.0,67.1,74.5,49.6,57.1,6.2,No,Yes,Postgraduate,69.1,Good
STU_13237,2.5,60.1,55.8,81.7,53.7,6.0,Yes,Yes,Postgraduate,60.7,Good
STU_13238,5.4,75.8,49.7,59.5,74.3,5.8,No,No,School,60.1,Good
STU_13239,6.9,91.3,83.7,57.8,30.0,8.4,No,Yes,Graduate,61.4,Good
STU_13240,5.0,81.2,64.1,70.2,60.7,6.1,No,Yes,Graduate,69.3,Good
STU_13241,10.0,77.7,50.0,84.9,83.9,5.9,Yes,Yes,School,81.9,Excellent
STU_13242,1.7,,42.5,97.4,67.2,5.8,No,Yes,Graduate,47.7,Average
STU_13243,7.1,91.7,54.7,64.3,37.5,4.6,Yes,No,School,49.0,Average
STU_13244,4.7,83.1,59.1,51.8,100.0,9.6,Yes,Yes,Graduate,71.8,Good
STU_13245,6.5,75.3,76.4,74.8,53.3,7.1,No,Yes,Postgraduate,74.5,Good
STU_13246,5.9,79.7,64.7,51.3,30.0,5.9,No,Yes,Graduate,57.5,Average
STU_13247,3.5,76.3,63.0,80.4,75.0,6.6,Yes,Yes,Graduate,69.3,Good
STU_13248,5.5,50.0,51.3,76.2,49.1,5.5,No,Yes,Graduate,63.5,Good
STU_13249,1.3,77.7,,89.0,91.9,7.2,No,Yes,Graduate,80.9,Excellent
STU_13250,6.2,80.3,79.6,84.7,73.5,6.8,No,Yes,Graduate,76.6,Good
STU_13251,5.6,91.8,78.5,72.0,96.1,8.3,No,Yes,Graduate,80.4,Excellent
STU_13252,6.3,83.5,64.1,70.4,45.1,6.2,No,Yes,Postgraduate,57.9,Average
STU_13253,7.1,73.4,71.0,57.6,,7.4,No,Yes,School,72.3,Good
STU_13254,5.7,57.6,30.0,57.3,49.0,7.0,No,,Graduate,54.1,Average
STU_13255,5.3,,68.0,69.4,67.5,6.0,No,Yes,School,62.3,Good
STU_13256,3.2,50.0,93.8,54.9,64.8,7.4,Yes,Yes,Graduate,67.5,Good
STU_13257,3.6,59.3,56.3,66.3,84.2,6.9,No,Yes,Postgraduate,68.5,Good
STU_13258,7.4,50.0,50.2,63.4,75.0,,No,Yes,School,69.4,Good
STU_13259,7.9,78.1,62.9,78.3,54.6,7.5,Yes,Yes,Graduate,69.7,Good
STU_13260,4.5,75.8,52.1,69.7,79.4,6.4,No,Yes,Postgraduate,62.6,Good
STU_13261,5.1,85.8,51.1,83.9,60.5,8.1,No,Yes,Graduate,64.4,Good
STU_13262,3.2,53.9,69.0,65.8,73.1,7.3,No,Yes,Graduate,66.0,Good
STU_13263,7.3,71.9,77.4,53.6,66.7,6.4,Yes,Yes,School,71.4,Good
STU_13264,6.3,67.2,69.1,77.7,58.6,8.1,No,Yes,School,58.4,Average
STU_13265,8.9,86.5,47.8,68.3,40.8,8.0,No,Yes,Graduate,61.3,Good
STU_13266,3.2,67.9,55.0,66.2,65.3,5.9,Yes,Yes,Postgraduate,56.7,Average
STU_13267,4.2,60.2,69.8,64.1,51.2,6.1,Yes,Yes,Graduate,62.1,Good
STU_13268,5.5,88.3,74.9,69.8,42.3,7.1,Yes,Yes,Postgraduate,70.8,Good
STU_13269,6.3,90.6,61.9,66.2,75.3,6.6,Yes,Yes,Graduate,78.8,Good
STU_13270,4.6,75.3,51.6,77.2,51.9,6.6,Yes,Yes,Postgraduate,71.4,Good
STU_13271,3.3,50.0,76.6,,33.1,,No,Yes,Postgraduate,62.9,Good
STU_13272,6.8,81.1,92.2,,62.0,7.2,Yes,Yes,School,72.6,Good
STU_13273,6.4,66.5,81.9,98.0,59.6,7.3,No,Yes,Graduate,73.5,Good
STU_13274,3.2,50.1,94.8,62.0,61.0,5.3,No,Yes,School,67.3,Good
STU_13275,7.7,,55.7,70.3,61.0,6.5,No,No,Graduate,68.1,Good
STU_13276,7.3,88.2,80.5,47.3,45.9,6.3,Yes,Yes,Graduate,60.1,Good
STU_13277,5.3,64.1,84.3,68.5,55.6,7.3,No,Yes,Graduate,82.7,Excellent
STU_13278,5.2,79.8,57.7,67.2,78.6,7.7,Yes,Yes,Graduate,72.8,Good
STU_13279,6.1,50.0,52.6,69.3,75.7,7.9,Yes,Yes,Graduate,72.1,Good
STU_13280,3.3,74.9,50.6,83.7,56.3,6.6,No,No,School,60.3,Good
STU_13281,5.1,76.7,63.6,93.5,71.4,7.6,Yes,No,School,64.9,Good
STU_13282,1.0,62.2,42.4,85.5,63.5,5.2,,Yes,School,51.9,Average
STU_13283,6.8,65.9,90.3,68.6,56.7,8.6,No,Yes,Graduate,68.3,Good
STU_13284,1.9,73.5,45.7,72.8,81.9,6.2,No,Yes,Graduate,51.6,Average
STU_13285,8.0,66.2,71.3,91.3,47.7,5.4,Yes,Yes,School,64.1,Good
STU_13286,4.3,72.5,31.1,56.0,66.9,6.2,Yes,Yes,Postgraduate,68.0,Good
STU_13287,4.6,56.4,95.7,81.0,35.4,8.7,No,Yes,Graduate,65.9,Good
STU_13288,3.7,50.0,83.7,57.6,67.8,7.8,No,Yes,Graduate,70.6,Good
STU_13289,4.4,86.1,41.1,86.0,51.4,9.1,No,,Graduate,57.9,Average
STU_13290,7.8,75.2,69.6,68.1,55.9,7.4,No,Yes,Postgraduate,66.8,Good
STU_13291,1.0,74.2,61.4,57.7,57.3,,No,Yes,School,63.2,Good
STU_13292,7.6,77.8,67.3,60.8,30.0,6.6,No,No,Graduate,57.7,Average
STU_13293,5.7,67.8,74.5,63.0,36.2,5.4,Yes,Yes,Postgraduate,62.1,Good
STU_13294,2.6,67.3,53.0,83.3,75.3,7.4,No,Yes,School,64.8,Good
STU_13295,2.8,50.0,64.2,88.8,63.7,7.1,No,Yes,School,66.5,Good
STU_13296,8.4,73.0,37.9,64.4,85.3,7.6,Yes,Yes,Graduate,67.3,Good
STU_13297,3.1,50.0,66.2,57.8,40.1,8.0,No,Yes,Graduate,40.2,Average
STU_13298,2.7,62.1,34.1,98.4,75.6,7.5,No,Yes,School,68.2,Good
STU_13299,7.3,53.9,84.6,81.5,69.4,6.9,Yes,No,School,76.9,Good
STU_13300,5.7,66.7,43.0,59.1,80.6,6.9,No,Yes,Graduate,57.9,Average
STU_13301,3.1,50.0,69.4,75.0,60.3,7.6,Yes,No,Postgraduate,62.5,Good
STU_13302,5.4,66.6,77.4,64.2,63.8,5.2,Yes,Yes,Graduate,77.1,Good
STU_13303,2.9,62.6,93.0,52.0,48.0,6.2,No,Yes,Postgraduate,72.3,Good
STU_13304,7.2,65.9,91.6,65.7,57.7,9.5,Yes,Yes,Graduate,73.2,Good
STU_13305,7.1,68.6,85.9,50.8,54.1,6.4,No,Yes,Graduate,76.7,Good
STU_13306,6.1,65.4,64.8,63.3,40.8,7.8,Yes,No,Graduate,59.7,Average
STU_13307,5.7,75.7,81.7,,64.2,6.5,No,Yes,School,64.7,Good
STU_13308,8.5,67.5,69.1,62.4,77.1,6.8,No,Yes,School,69.1,Good
STU_13309,5.0,83.7,70.4,82.8,80.9,4.4,No,Yes,School,84.0,Excellent
STU_13310,2.6,74.5,55.7,75.7,49.0,7.7,No,Yes,School,60.1,Good
STU_13311,5.9,50.2,91.1,61.1,61.4,6.4,No,Yes,,63.6,Good
STU_13312,9.2,78.7,53.0,74.5,59.8,4.6,No,Yes,Postgraduate,77.1,Good
STU_13313,3.0,58.8,48.9,,85.6,5.3,No,Yes,School,71.4,Good
STU_13314,4.3,72.9,71.1,58.4,90.6,7.1,No,Yes,Graduate,68.6,Good
STU_13315,5.8,67.6,38.1,51.6,41.1,6.2,Yes,Yes,,56.4,Average
STU_13316,4.9,73.4,66.8,54.8,69.8,6.0,No,Yes,School,71.8,Good
STU_13317,3.0,63.0,89.5,75.3,70.5,6.5,Yes,,Postgraduate,67.0,Good
STU_13318,7.2,73.1,71.2,90.9,58.8,4.0,Yes,No,Postgraduate,63.4,Good
STU_13319,9.6,89.7,65.5,81.9,41.8,5.1,No,Yes,School,65.8,Good
STU_13320,5.4,82.2,52.4,88.0,73.3,7.8,Yes,Yes,Postgraduate,63.2,Good
STU_13321,3.2,80.2,42.5,40.0,81.5,7.6,Yes,No,Postgraduate,50.7,Average
STU_13322,1.9,60.3,78.0,58.3,53.2,7.7,Yes,No,School,63.6,Good
STU_13323,5.5,50.0,65.4,54.4,81.1,7.7,No,Yes,Postgraduate,62.6,Good
STU_13324,7.2,55.4,74.4,77.8,62.1,7.5,No,Yes,Graduate,71.0,Good
STU_13325,6.0,56.8,32.1,67.2,84.8,8.7,Yes,Yes,Postgraduate,70.4,Good
STU_13326,5.0,84.7,76.0,40.0,84.7,7.7,No,Yes,Graduate,76.7,Good
STU_13327,3.8,85.3,94.8,80.6,61.6,7.0,No,Yes,Graduate,76.8,Good
STU_13328,2.8,,85.1,86.4,68.7,8.8,No,Yes,Graduate,61.8,Good
STU_13329,6.7,50.0,69.4,98.1,50.8,7.6,Yes,Yes,Graduate,71.3,Good
STU_13330,6.8,77.5,49.3,72.3,36.0,7.7,Yes,Yes,Graduate,65.3,Good
STU_13331,1.9,82.9,66.8,78.7,66.0,6.4,No,Yes,Postgraduate,67.7,Good
STU_13332,8.2,84.9,67.3,54.0,38.5,7.0,Yes,Yes,Graduate,68.1,Good
STU_13333,6.1,89.6,57.6,47.0,95.5,5.6,Yes,Yes,Postgraduate,69.6,Good
STU_13334,7.8,63.2,58.7,87.4,80.2,5.2,Yes,Yes,Graduate,77.1,Good
STU_13335,2.3,50.0,96.5,77.7,59.6,4.9,Yes,Yes,Postgraduate,74.7,Good
STU_13336,2.3,55.4,50.5,87.5,100.0,6.7,No,Yes,Graduate,77.8,Good
STU_13337,4.7,68.6,58.6,66.4,51.9,8.6,No,Yes,Graduate,56.6,Average
STU_13338,6.0,55.1,73.4,100.0,55.7,7.5,,Yes,Graduate,69.7,Good
STU_13339,8.6,50.0,97.7,74.4,55.5,8.0,Yes,Yes,Graduate,87.6,Excellent
STU_13340,6.4,93.1,60.5,59.4,61.0,6.0,Yes,Yes,Postgraduate,67.1,Good
STU_13341,4.5,82.9,38.0,65.5,57.0,7.4,No,Yes,School,57.1,Average
STU_13342,2.9,69.7,33.0,47.5,69.3,9.4,No,Yes,Graduate,53.8,Average
STU_13343,7.5,64.8,100.0,56.8,46.0,8.0,Yes,Yes,School,71.1,Good
STU_13344,3.1,75.4,36.4,64.6,64.0,6.6,Yes,Yes,Postgraduate,70.0,Good
STU_13345,8.3,,66.1,91.7,,5.0,Yes,Yes,School,71.9,Good
STU_13346,4.4,85.2,42.3,69.1,63.0,5.4,Yes,Yes,Graduate,66.4,Good
STU_13347,8.2,67.2,53.2,85.2,44.7,7.8,No,Yes,Graduate,63.5,Good
STU_13348,6.4,64.8,55.3,68.6,48.2,7.3,No,Yes,School,70.7,Good
STU_13349,,90.7,,55.6,96.0,9.2,No,Yes,Graduate,61.0,Good
STU_13350,4.0,,83.3,77.6,47.3,7.1,Yes,Yes,Postgraduate,73.8,Good
STU_13351,4.3,,71.5,58.2,70.4,5.2,Yes,Yes,School,52.3,Average
STU_13352,5.9,73.6,58.6,64.4,53.4,6.7,Yes,Yes,Postgraduate,63.5,Good
STU_13353,5.2,78.9,56.4,98.4,45.7,7.1,No,Yes,School,68.0,Good
STU_13354,3.8,70.9,81.3,78.5,63.0,6.5,No,Yes,School,59.5,Average
STU_13355,4.7,70.2,66.3,58.5,48.1,7.0,,Yes,Graduate,57.4,Average
STU_13356,5.2,74.4,96.3,80.2,70.3,7.4,Yes,No,Graduate,97.0,Excellent
STU_13357,1.0,50.0,58.3,56.9,60.0,4.6,No,Yes,Graduate,45.7,Average
STU_13358,5.9,90.5,71.4,45.4,83.4,6.2,No,No,School,68.9,Good
STU_13359,3.0,50.0,46.5,85.3,41.1,8.5,No,No,Graduate,43.3,Average
STU_13360,2.7,85.7,58.5,74.1,66.4,8.9,Yes,Yes,School,57.9,Average
STU_13361,1.6,72.4,80.6,67.2,67.9,5.5,Yes,Yes,Postgraduate,70.6,Good
STU_13362,1.4,83.9,82.7,,46.1,5.5,No,Yes,Graduate,55.6,Average
STU_13363,2.3,50.0,92.6,65.6,51.4,7.9,Yes,No,Graduate,57.7,Average
STU_13364,3.6,85.9,71.7,72.7,39.2,9.4,No,Yes,Postgraduate,60.8,Good
STU_13365,,61.8,83.5,53.7,37.0,7.3,No,Yes,Graduate,72.4,Good
STU_13366,3.9,75.8,74.4,70.6,60.1,7.1,Yes,Yes,Graduate,66.6,Good
STU_13367,5.4,60.7,58.8,91.7,74.9,6.1,Yes,Yes,Postgraduate,77.4,Good
STU_13368,5.8,65.1,42.3,73.2,59.9,8.2,No,Yes,School,49.0,Average
STU_13369,5.3,73.3,61.5,78.2,60.6,6.6,Yes,Yes,Graduate,64.8,Good
STU_13370,4.8,76.8,47.8,63.8,41.2,8.9,,Yes,School,53.1,Average
STU_13371,2.6,87.7,80.8,55.3,30.0,7.4,Yes,Yes,School,52.3,Average
STU_13372,7.9,67.1,81.7,62.1,67.5,7.3,Yes,Yes,School,72.8,Good
STU_13373,8.6,72.4,49.8,84.8,51.4,6.0,No,Yes,Postgraduate,67.1,Good
STU_13374,1.6,,81.7,68.6,33.2,6.1,No,Yes,Graduate,59.4,Average
STU_13375,3.0,,47.3,67.2,53.3,6.3,Yes,Yes,School,61.2,Good
STU_13376,4.4,88.1,86.7,62.9,66.0,,No,Yes,Graduate,67.7,Good
STU_13377,3.1,50.0,62.6,52.2,68.4,8.3,No,No,Graduate,63.6,Good
STU_13378,6.0,50.0,71.9,89.1,65.2,8.0,Yes,Yes,Graduate,68.7,Good
STU_13379,3.5,66.7,86.7,67.1,50.9,6.4,Yes,Yes,Graduate,67.1,Good
STU_13380,,53.9,74.0,62.6,71.5,4.5,No,Yes,Graduate,64.9,Good
STU_13381,7.4,55.1,63.0,71.1,61.7,6.1,Yes,Yes,Graduate,66.8,Good
STU_13382,5.4,72.7,78.1,,48.0,7.2,Yes,Yes,Postgraduate,76.9,Good
STU_13383,7.1,50.0,50.5,74.4,44.1,7.3,Yes,Yes,Graduate,61.9,Good
STU_13384,7.2,63.3,36.1,60.4,65.1,9.2,Yes,Yes,Postgraduate,61.8,Good
STU_13385,3.9,79.6,82.2,71.7,75.9,8.7,No,Yes,School,59.8,Average
STU_13386,3.4,54.6,45.3,,71.5,8.0,Yes,Yes,School,58.7,Average
STU_13387,5.2,83.6,78.8,96.0,64.6,6.2,No,Yes,School,75.3,Good
STU_13388,6.7,86.1,67.1,96.7,72.1,7.3,Yes,Yes,School,75.3,Good
STU_13389,5.3,67.1,64.8,81.0,99.9,7.6,No,No,Postgraduate,74.9,Good
STU_13390,1.8,80.8,50.8,68.8,66.6,8.6,Yes,Yes,,60.4,Good
STU_13391,3.4,50.7,58.2,81.2,64.5,5.8,No,Yes,Graduate,62.2,Good
STU_13392,4.9,50.0,65.2,80.8,70.7,8.1,Yes,Yes,Graduate,68.4,Good
STU_13393,4.8,93.1,68.0,63.4,74.0,7.7,Yes,Yes,Graduate,78.6,Good
STU_13394,8.9,50.0,51.5,46.9,40.6,6.4,Yes,Yes,School,49.6,Average
STU_13395,2.2,61.0,76.2,43.4,64.8,8.6,No,Yes,Graduate,68.3,Good
STU_13396,6.0,,77.1,68.3,78.1,4.7,Yes,No,Graduate,70.2,Good
STU_13397,8.0,82.7,72.3,62.9,89.9,9.6,No,Yes,Postgraduate,84.0,Excellent
STU_13398,9.5,78.6,58.4,62.4,62.3,8.6,Yes,Yes,Graduate,78.3,Good
STU_13399,4.2,88.4,77.9,58.7,54.7,6.8,No,Yes,Postgraduate,67.9,Good
STU_13400,6.0,89.5,74.3,58.1,64.6,6.5,Yes,Yes,Graduate,70.7,Good
STU_13401,6.1,69.0,35.7,,51.7,7.0,Yes,Yes,School,59.9,Average
STU_13402,5.4,65.6,68.2,40.0,87.1,6.1,Yes,Yes,Graduate,56.4,Average
STU_13403,4.8,56.4,94.0,78.2,69.7,6.7,Yes,Yes,Graduate,60.2,Good
STU_13404,5.9,62.8,79.6,66.1,61.2,8.0,No,No,Graduate,71.6,Good
STU_13405,1.0,87.8,82.3,90.2,79.8,6.2,Yes,Yes,School,71.9,Good
STU_13406,6.4,80.3,54.5,73.7,43.5,8.1,No,Yes,School,55.8,Average
STU_13407,5.3,93.3,66.9,45.7,30.0,6.7,Yes,,School,57.1,Average
STU_13408,4.6,50.8,62.3,43.8,68.7,8.3,No,Yes,Graduate,58.1,Average
STU_13409,9.1,50.0,65.0,54.0,79.2,8.6,No,Yes,Postgraduate,64.9,Good
STU_13410,3.7,53.9,57.3,73.7,59.7,5.8,No,Yes,Graduate,65.6,Good
STU_13411,4.2,65.7,46.5,,51.1,4.5,Yes,Yes,Graduate,59.4,Average
STU_13412,9.0,75.7,66.0,71.5,46.7,7.2,No,Yes,Graduate,70.1,Good
STU_13413,3.3,85.1,53.3,79.8,42.2,7.3,Yes,Yes,Graduate,61.1,Good
STU_13414,3.9,97.4,73.8,62.6,72.6,5.5,Yes,Yes,School,69.5,Good
STU_13415,4.7,63.9,64.5,57.6,75.1,9.0,No,Yes,Postgraduate,67.8,Good
STU_13416,6.7,51.7,36.1,40.0,76.7,6.6,Yes,No,School,56.7,Average
STU_13417,5.4,65.3,85.7,,62.1,7.8,No,Yes,School,70.9,Good
STU_13418,2.4,91.2,71.5,95.6,43.5,6.1,No,Yes,School,68.9,Good
STU_13419,3.9,77.3,58.1,87.1,50.6,5.2,No,Yes,School,62.5,Good
STU_13420,3.8,66.4,60.0,66.1,71.6,8.4,Yes,Yes,Graduate,70.2,Good
STU_13421,4.8,55.5,46.6,69.2,45.4,5.9,No,Yes,Graduate,62.1,Good
STU_13422,5.9,76.6,64.1,79.6,60.4,7.9,Yes,Yes,Graduate,70.7,Good
STU_13423,5.8,80.6,75.2,72.1,45.7,6.0,No,Yes,Graduate,68.4,Good
STU_13424,1.4,74.2,91.2,40.0,50.9,6.7,No,Yes,Graduate,62.1,Good
STU_13425,7.1,76.4,63.7,82.9,43.6,6.8,No,Yes,School,65.8,Good
STU_13426,5.5,76.3,65.7,87.1,62.3,7.0,No,Yes,Postgraduate,70.0,Good
STU_13427,7.8,50.0,82.9,85.0,38.6,6.2,Yes,Yes,Graduate,71.7,Good
STU_13428,5.9,70.2,47.6,76.3,,7.9,No,Yes,School,67.3,Good
STU_13429,7.2,50.0,67.2,83.4,75.6,8.1,No,Yes,Postgraduate,60.7,Good
STU_13430,5.9,55.0,53.7,50.2,78.8,8.5,Yes,No,School,65.6,Good
STU_13431,7.7,68.1,67.0,68.7,72.7,6.5,Yes,,Graduate,74.6,Good
STU_13432,6.0,89.7,79.1,60.6,84.6,5.7,No,Yes,Graduate,72.8,Good
STU_13433,4.8,95.6,40.2,90.3,40.9,7.3,Yes,No,School,63.6,Good
STU_13434,9.5,61.8,81.7,72.6,60.5,7.4,Yes,Yes,Postgraduate,71.6,Good
STU_13435,6.8,69.3,70.4,67.8,63.2,7.5,No,Yes,Graduate,67.1,Good
STU_13436,6.1,90.6,67.1,55.7,93.2,8.8,Yes,Yes,Graduate,84.5,Excellent
STU_13437,2.4,91.8,85.2,55.2,58.2,7.1,No,Yes,School,52.1,Average
STU_13438,2.4,76.1,53.1,54.2,74.8,9.5,No,Yes,Graduate,62.9,Good
STU_13439,5.6,91.9,44.9,80.4,89.1,8.1,No,No,Postgraduate,80.8,Excellent
STU_13440,,50.0,49.6,78.4,64.1,8.1,Yes,Yes,Graduate,70.7,Good
STU_13441,3.8,65.4,73.0,73.5,54.5,7.1,No,No,School,63.0,Good
STU_13442,5.3,50.0,57.6,81.1,55.9,6.6,No,Yes,Graduate,56.9,Average
STU_13443,8.2,85.0,51.9,58.7,34.6,6.3,No,Yes,Graduate,64.6,Good
STU_13444,6.4,89.7,50.3,44.2,54.7,7.2,Yes,Yes,Graduate,56.7,Average
STU_13445,2.7,89.3,67.6,79.6,39.3,8.1,No,Yes,Postgraduate,61.7,Good
STU_13446,4.8,61.3,64.6,69.2,74.5,6.8,No,Yes,Postgraduate,68.3,Good
STU_13447,3.4,89.0,43.7,81.7,37.0,6.6,Yes,No,School,46.3,Average
STU_13448,4.2,60.0,44.2,76.0,68.3,5.8,Yes,No,Graduate,67.8,Good
STU_13449,4.2,69.2,57.1,69.0,80.2,7.6,No,Yes,Postgraduate,67.7,Good
STU_13450,4.0,78.9,78.8,72.9,73.7,5.7,Yes,Yes,Graduate,72.6,Good
STU_13451,2.5,73.8,58.6,89.7,54.3,7.5,No,Yes,School,57.5,Average
STU_13452,4.7,50.0,42.9,65.9,74.2,7.3,No,No,School,52.1,Average
STU_13453,3.9,59.8,63.7,80.3,62.2,6.8,No,Yes,School,66.8,Good
STU_13454,1.0,51.9,65.6,74.3,54.7,8.4,No,Yes,Postgraduate,62.6,Good
STU_13455,9.1,65.8,42.7,46.6,56.2,8.9,Yes,Yes,Graduate,79.3,Good
STU_13456,7.2,76.5,46.7,51.6,69.1,4.5,No,Yes,Graduate,60.5,Good
STU_13457,4.2,50.0,76.2,69.4,37.1,5.2,No,Yes,School,54.3,Average
STU_13458,5.0,57.9,46.5,63.0,53.9,7.7,No,Yes,School,61.6,Good
STU_13459,2.7,67.0,76.8,56.7,68.0,9.0,No,No,Graduate,67.1,Good
STU_13460,8.4,61.9,41.8,85.0,53.8,5.4,Yes,Yes,Graduate,64.3,Good
STU_13461,8.8,67.0,42.4,49.1,41.3,7.5,No,Yes,Graduate,58.1,Average
STU_13462,5.3,87.9,65.3,67.2,47.7,4.9,No,Yes,School,71.0,Good
STU_13463,7.0,79.0,53.7,57.8,64.8,4.8,Yes,Yes,Postgraduate,60.1,Good
STU_13464,5.4,72.0,57.0,90.8,69.7,9.5,Yes,Yes,Postgraduate,69.6,Good
STU_13465,2.3,,67.3,,79.4,7.5,No,Yes,Graduate,76.9,Good
STU_13466,4.2,50.0,56.5,65.6,74.5,5.2,No,No,Graduate,55.9,Average
STU_13467,5.3,77.3,50.8,81.9,74.3,6.7,Yes,,School,64.8,Good
STU_13468,4.1,62.3,72.4,87.8,31.3,6.1,No,Yes,Graduate,68.3,Good
STU_13469,4.6,63.3,67.7,82.6,74.0,6.5,Yes,Yes,Graduate,74.3,Good
STU_13470,4.8,87.3,65.6,81.1,53.7,6.6,No,Yes,Graduate,66.8,Good
STU_13471,4.8,87.6,64.7,45.2,38.9,7.3,Yes,Yes,Graduate,53.1,Average
STU_13472,5.1,63.9,53.0,86.5,70.9,7.5,Yes,No,Graduate,69.4,Good
STU_13473,2.9,78.6,49.8,75.0,64.9,6.2,Yes,Yes,Graduate,69.5,Good
STU_13474,3.6,50.0,59.8,66.8,76.2,6.1,No,No,School,51.5,Average
STU_13475,2.4,59.6,53.2,68.9,53.4,7.5,,Yes,Postgraduate,49.5,Average
STU_13476,7.0,82.1,64.8,73.6,61.9,6.2,Yes,Yes,Graduate,75.7,Good
STU_13477,1.0,56.1,59.1,66.4,33.2,6.2,Yes,Yes,Graduate,46.7,Average
STU_13478,7.3,68.0,65.3,65.0,93.4,7.1,,Yes,School,69.3,Good
STU_13479,7.8,74.2,63.6,56.3,40.6,7.0,Yes,Yes,Postgraduate,60.6,Good
STU_13480,4.4,70.6,91.5,77.1,49.0,6.5,Yes,Yes,Graduate,75.4,Good
STU_13481,1.0,50.8,44.2,,45.5,8.3,No,Yes,Graduate,52.5,Average
STU_13482,4.3,52.2,62.2,58.9,65.3,7.6,No,Yes,School,61.6,Good
STU_13483,4.9,61.4,48.4,71.4,48.4,9.4,Yes,No,School,53.2,Average
STU_13484,3.0,87.2,57.8,70.6,79.3,6.7,No,Yes,Graduate,61.9,Good
STU_13485,4.0,53.4,52.7,77.1,67.0,7.8,No,Yes,Graduate,58.5,Average
STU_13486,8.1,66.3,74.6,69.6,38.2,8.7,No,,School,59.7,Average
STU_13487,6.3,83.7,42.9,78.6,74.5,5.9,No,Yes,School,64.0,Good
STU_13488,3.2,58.3,76.7,66.2,76.6,6.6,No,Yes,Graduate,67.6,Good
STU_13489,1.8,55.3,72.9,67.2,50.3,8.5,No,Yes,Graduate,62.5,Good
STU_13490,4.3,75.0,95.8,73.9,43.7,7.8,No,Yes,School,67.8,Good
STU_13491,4.6,50.0,92.0,75.4,68.4,7.0,No,Yes,Graduate,71.3,Good
STU_13492,6.0,81.4,53.0,87.0,72.5,5.3,No,Yes,Graduate,80.9,Excellent
STU_13493,3.9,82.0,83.6,84.7,45.9,5.4,Yes,Yes,Graduate,48.8,Average
STU_13494,6.0,65.7,60.1,69.4,76.8,6.5,Yes,Yes,School,72.7,Good
STU_13495,8.9,53.1,69.6,50.3,52.8,6.0,No,No,School,64.0,Good
STU_13496,6.6,85.4,90.8,79.6,80.9,6.1,No,Yes,Graduate,85.5,Excellent
STU_13497,4.9,74.9,53.6,77.4,36.7,4.8,No,Yes,School,61.7,Good
STU_13498,4.6,70.9,65.8,73.0,50.3,5.4,Yes,Yes,Graduate,56.8,Average
STU_13499,4.3,93.7,35.8,80.8,58.7,5.9,Yes,,Graduate,67.8,Good
STU_13500,7.4,59.2,78.3,64.8,46.1,7.1,Yes,Yes,Postgraduate,71.7,Good
STU_13501,3.7,69.7,96.5,47.7,61.5,6.6,No,Yes,Graduate,64.3,Good
STU_13502,5.1,69.4,73.6,57.8,56.5,7.1,Yes,Yes,School,67.7,Good
STU_13503,5.1,52.8,85.5,40.0,58.6,7.0,No,Yes,Graduate,63.3,Good
STU_13504,4.0,88.2,82.1,76.2,55.5,5.0,No,Yes,Postgraduate,65.1,Good
STU_13505,2.3,82.1,54.4,69.1,41.4,8.3,No,Yes,Postgraduate,44.4,Average
STU_13506,5.6,87.6,69.9,82.0,61.6,7.9,No,No,Postgraduate,63.5,Good
STU_13507,4.9,90.3,72.4,80.5,60.0,7.1,No,No,Postgraduate,66.1,Good
STU_13508,6.0,71.4,47.5,63.1,45.9,6.4,No,No,School,56.1,Average
STU_13509,3.9,91.1,86.7,58.5,82.0,8.6,Yes,Yes,School,65.8,Good
STU_13510,7.4,75.9,57.4,59.0,67.0,5.8,No,Yes,Graduate,69.0,Good
STU_13511,3.2,63.6,61.7,96.8,73.5,8.2,Yes,Yes,Graduate,73.2,Good
STU_13512,8.4,62.3,61.0,67.9,49.1,6.0,Yes,Yes,School,77.3,Good
STU_13513,1.5,93.4,65.6,66.2,30.0,8.6,No,Yes,School,55.0,Average
STU_13514,5.9,,100.0,74.1,89.9,7.6,Yes,Yes,Postgraduate,73.9,Good
STU_13515,6.0,94.5,55.9,47.8,64.7,8.1,No,Yes,Postgraduate,72.1,Good
STU_13516,3.4,67.6,41.8,64.4,67.8,7.3,No,Yes,School,50.5,Average
STU_13517,5.8,84.4,67.5,58.0,67.1,7.5,No,Yes,School,60.5,Good
STU_13518,7.6,81.2,52.1,55.1,68.4,7.0,No,No,Postgraduate,64.2,Good
STU_13519,1.0,92.4,58.9,66.3,45.0,5.8,No,No,Graduate,56.2,Average
STU_13520,6.0,78.1,74.3,70.7,45.5,8.3,Yes,Yes,Graduate,66.3,Good
STU_13521,,78.5,48.7,52.4,45.6,6.7,Yes,Yes,Graduate,50.1,Average
STU_13522,3.1,75.2,59.5,64.9,70.8,7.1,No,Yes,Graduate,57.5,Average
STU_13523,8.3,67.8,69.4,71.1,42.6,5.1,No,Yes,Graduate,59.2,Average
STU_13524,3.8,67.2,53.3,76.3,37.5,6.8,Yes,Yes,Postgraduate,59.8,Average
STU_13525,2.7,87.4,64.4,66.2,51.7,7.5,No,Yes,Graduate,51.3,Average
STU_13526,4.6,94.3,69.4,74.6,57.6,9.1,Yes,Yes,Graduate,66.0,Good
STU_13527,9.1,89.8,63.3,65.1,61.2,6.9,Yes,Yes,Graduate,71.5,Good
STU_13528,1.3,84.2,67.4,87.9,54.2,6.6,No,No,Graduate,62.9,Good
STU_13529,2.9,90.6,70.4,77.6,69.7,6.2,,Yes,Graduate,68.9,Good
STU_13530,8.0,78.6,54.9,60.6,80.7,6.2,Yes,Yes,Graduate,70.5,Good
STU_13531,8.7,90.5,43.0,63.1,62.8,9.1,No,Yes,School,58.1,Average
STU_13532,4.8,68.1,49.5,75.5,80.6,5.7,No,No,Postgraduate,63.6,Good
STU_13533,2.5,,47.0,62.6,70.8,6.5,No,Yes,School,56.0,Average
STU_13534,9.2,73.3,83.5,43.0,46.7,8.7,No,Yes,Postgraduate,72.0,Good
STU_13535,8.2,83.4,,74.1,48.5,8.4,No,Yes,Graduate,58.1,Average
STU_13536,6.4,62.5,74.4,64.6,47.6,,No,Yes,Graduate,59.9,Average
STU_13537,3.4,82.1,54.7,79.5,58.9,8.3,No,Yes,Graduate,55.9,Average
STU_13538,4.9,83.9,80.5,70.6,57.5,7.3,Yes,Yes,Postgraduate,73.6,Good
STU_13539,4.7,53.6,58.7,79.0,71.5,7.7,Yes,Yes,School,64.1,Good
STU_13540,5.7,79.9,65.5,100.0,59.5,5.8,No,No,Graduate,69.9,Good
STU_13541,7.9,74.2,72.8,87.9,66.0,6.9,Yes,Yes,School,73.9,Good
STU_13542,6.8,93.6,83.8,65.1,43.3,5.8,No,No,Postgraduate,66.2,Good
STU_13543,2.8,65.9,56.4,75.9,65.9,8.7,Yes,Yes,Graduate,60.1,Good
STU_13544,7.8,,55.8,71.6,54.3,5.2,Yes,Yes,Postgraduate,70.9,Good
STU_13545,5.6,80.8,72.7,73.8,53.2,6.7,No,Yes,Postgraduate,69.6,Good
STU_13546,6.4,89.3,41.2,48.1,51.7,5.7,No,Yes,Graduate,65.1,Good
STU_13547,7.9,79.7,39.2,84.8,86.2,8.2,No,No,School,68.4,Good
STU_13548,,50.0,70.5,40.0,43.1,7.2,Yes,Yes,School,60.4,Good
STU_13549,,76.2,75.0,69.8,72.8,7.0,No,Yes,School,67.9,Good
STU_13550,3.9,87.2,70.0,45.4,61.3,5.6,No,Yes,School,62.9,Good
STU_13551,1.9,90.9,63.5,60.2,40.2,8.7,Yes,Yes,Graduate,53.4,Average
STU_13552,5.7,89.1,56.9,72.9,57.2,5.9,No,Yes,Postgraduate,69.9,Good
STU_13553,10.0,84.6,88.8,82.2,30.0,6.5,Yes,Yes,,60.9,Good
STU_13554,1.3,86.9,90.8,84.3,89.5,7.0,Yes,Yes,School,70.3,Good
STU_13555,4.9,73.6,66.6,67.3,56.1,7.6,No,Yes,Graduate,58.4,Average
STU_13556,6.3,70.6,54.7,83.9,79.8,6.7,No,Yes,Postgraduate,85.9,Excellent
STU_13557,5.2,73.8,,69.1,83.5,8.7,No,Yes,School,72.8,Good
STU_13558,4.8,64.1,71.5,60.0,52.9,7.1,Yes,Yes,Graduate,65.0,Good
STU_13559,2.4,50.0,46.6,75.2,62.5,9.0,Yes,Yes,Graduate,55.7,Average
STU_13560,5.5,60.9,46.9,57.2,65.0,5.9,No,Yes,School,53.7,Average
STU_13561,3.5,50.0,57.7,68.1,92.4,7.6,Yes,Yes,Graduate,64.7,Good
STU_13562,1.0,71.7,72.6,63.3,58.9,6.1,No,Yes,Graduate,63.3,Good
STU_13563,7.4,78.4,87.0,48.3,61.1,6.8,No,No,Postgraduate,70.9,Good
STU_13564,6.9,74.8,68.8,74.6,39.6,5.4,Yes,Yes,Postgraduate,73.1,Good
STU_13565,5.1,,72.4,72.0,47.7,8.6,No,Yes,Postgraduate,69.6,Good
STU_13566,5.5,71.9,79.7,86.1,54.0,8.6,Yes,Yes,Graduate,75.7,Good
STU_13567,7.1,84.4,78.3,43.8,82.8,8.5,No,No,School,65.5,Good
STU_13568,5.4,,56.7,60.0,92.3,8.2,No,Yes,School,61.7,Good
STU_13569,6.8,63.4,78.1,85.8,70.0,10.0,No,Yes,Graduate,77.5,Good
STU_13570,4.4,90.6,80.5,77.4,67.6,7.3,No,Yes,Postgraduate,77.3,Good
STU_13571,7.6,80.4,69.7,80.1,73.0,9.0,No,Yes,Graduate,75.7,Good
STU_13572,5.6,77.6,67.0,90.3,51.0,7.0,Yes,Yes,Postgraduate,64.5,Good
STU_13573,5.4,77.0,74.0,59.3,84.2,7.7,No,Yes,School,72.5,Good
STU_13574,2.5,50.0,72.4,57.9,39.1,8.0,No,Yes,School,56.7,Average
STU_13575,5.6,81.7,37.1,82.0,,4.8,Yes,No,Graduate,53.5,Average
STU_13576,3.3,61.7,71.4,78.9,72.5,6.9,No,Yes,Postgraduate,67.8,Good
STU_13577,3.7,76.6,82.7,68.2,54.3,6.7,No,Yes,Graduate,60.6,Good
STU_13578,3.4,63.5,79.8,67.8,100.0,7.0,Yes,Yes,School,80.9,Excellent
STU_13579,2.9,94.8,70.7,56.4,72.7,6.1,Yes,Yes,School,78.0,Good
STU_13580,9.2,50.0,67.2,92.1,77.7,7.2,Yes,Yes,School,86.6,Excellent
STU_13581,7.7,63.0,,98.4,49.9,7.4,No,Yes,Graduate,60.6,Good
STU_13582,8.8,87.5,63.3,85.6,77.4,5.8,No,Yes,School,79.8,Good
STU_13583,2.6,70.3,75.9,79.1,75.0,7.0,No,Yes,Graduate,73.0,Good
STU_13584,5.1,69.1,70.8,78.3,87.0,6.7,No,Yes,Graduate,85.3,Excellent
STU_13585,2.4,83.8,,74.6,30.0,8.4,Yes,Yes,Graduate,57.7,Average
STU_13586,3.6,67.4,57.2,45.3,49.5,7.7,Yes,Yes,Graduate,54.1,Average
STU_13587,3.2,63.0,,63.3,67.4,6.1,No,Yes,Graduate,58.9,Average
STU_13588,7.5,64.3,55.7,81.5,67.9,8.2,No,Yes,Graduate,62.3,Good
STU_13589,4.2,52.2,68.0,58.1,61.3,6.9,No,Yes,Graduate,61.1,Good
STU_13590,7.1,86.4,56.6,72.2,37.6,7.1,No,Yes,Graduate,71.4,Good
STU_13591,6.2,86.2,,86.2,65.1,5.9,No,Yes,School,71.0,Good
STU_13592,9.6,72.7,95.5,86.4,66.9,7.2,No,No,Graduate,83.1,Excellent
STU_13593,2.0,59.1,72.6,83.1,62.0,8.1,Yes,Yes,School,57.1,Average
STU_13594,7.5,89.6,68.4,74.0,61.4,6.7,Yes,Yes,School,73.5,Good
STU_13595,7.3,78.2,86.2,81.2,77.1,8.9,No,No,Graduate,76.2,Good
STU_13596,3.1,90.3,30.0,66.6,59.5,8.1,Yes,Yes,Postgraduate,55.2,Average
STU_13597,7.0,,62.6,93.8,42.0,6.0,No,Yes,Postgraduate,78.7,Good
STU_13598,5.7,77.1,57.5,47.7,84.5,7.3,Yes,Yes,Postgraduate,67.0,Good
STU_13599,4.5,85.5,52.1,71.0,83.6,5.3,Yes,Yes,Graduate,67.7,Good
STU_13600,3.4,94.3,42.1,63.4,61.4,5.8,No,Yes,Postgraduate,60.8,Good
STU_13601,3.6,50.0,61.7,79.6,76.0,4.9,No,Yes,Graduate,44.3,Average
STU_13602,9.1,98.2,75.4,65.2,37.6,,Yes,Yes,Graduate,66.4,Good
STU_13603,5.0,94.7,62.8,100.0,59.7,,No,No,Graduate,60.0,Good
STU_13604,6.6,77.8,77.0,82.8,34.6,6.8,Yes,Yes,Graduate,65.5,Good
STU_13605,3.4,78.4,66.1,56.0,80.0,7.3,No,Yes,School,75.9,Good
STU_13606,3.4,61.0,82.5,40.0,38.1,,No,Yes,Graduate,37.7,Poor
STU_13607,7.2,80.8,57.5,54.1,55.4,8.0,Yes,Yes,Graduate,54.9,Average
STU_13608,2.3,53.4,36.9,77.9,65.5,6.7,No,Yes,Graduate,63.3,Good
STU_13609,4.2,72.4,41.3,66.3,75.2,7.4,No,Yes,Postgraduate,61.8,Good
STU_13610,5.1,77.4,,62.0,70.4,4.0,Yes,Yes,Postgraduate,69.9,Good
STU_13611,5.2,86.4,51.8,59.9,80.3,7.0,No,Yes,Graduate,67.3,Good
STU_13612,4.6,71.0,56.1,81.6,74.9,7.9,No,Yes,Postgraduate,70.8,Good
STU_13613,5.8,51.8,82.1,65.4,82.9,4.3,No,Yes,Graduate,70.7,Good
STU_13614,6.4,95.2,42.5,63.9,33.9,7.0,No,No,School,33.3,Poor
STU_13615,6.5,80.0,87.6,83.9,54.2,6.1,Yes,No,Graduate,74.4,Good
STU_13616,3.0,70.0,52.9,91.9,69.2,8.8,Yes,Yes,Graduate,74.2,Good
STU_13617,4.4,79.6,46.3,54.4,87.2,5.5,No,Yes,School,68.2,Good
STU_13618,7.4,91.1,62.9,86.5,53.9,9.6,No,Yes,Graduate,76.1,Good
STU_13619,6.8,76.8,87.5,68.5,93.4,8.6,No,Yes,Graduate,81.8,Excellent
STU_13620,2.3,64.6,54.3,82.9,67.6,7.1,No,Yes,School,61.6,Good
STU_13621,5.7,81.0,56.0,79.2,50.6,5.3,Yes,Yes,Postgraduate,72.1,Good
STU_13622,1.0,77.7,57.0,70.3,43.5,6.4,Yes,Yes,Graduate,45.9,Average
STU_13623,5.1,73.7,82.3,70.9,73.8,7.8,Yes,No,School,82.5,Excellent
STU_13624,8.8,92.3,58.3,79.4,51.8,7.1,Yes,Yes,Graduate,78.7,Good
STU_13625,3.1,84.3,71.7,54.6,57.6,5.7,No,Yes,Graduate,72.3,Good
STU_13626,3.3,70.5,66.8,54.0,64.6,8.3,Yes,Yes,Graduate,64.6,Good
STU_13627,6.5,52.8,63.4,99.1,65.2,6.9,No,Yes,Postgraduate,70.6,Good
STU_13628,1.9,70.4,57.5,86.3,92.6,7.3,No,Yes,School,71.3,Good
STU_13629,3.7,87.7,94.5,83.9,68.3,8.2,No,Yes,Graduate,81.9,Excellent
STU_13630,6.2,63.5,100.0,67.8,52.3,8.1,Yes,Yes,Graduate,85.9,Excellent
STU_13631,3.7,64.8,51.7,47.1,50.1,8.3,No,Yes,Graduate,50.7,Average
STU_13632,4.5,84.9,48.9,62.6,88.7,7.8,No,Yes,School,63.6,Good
STU_13633,6.5,90.6,65.6,75.7,53.8,6.2,No,Yes,Graduate,75.2,Good
STU_13634,5.8,50.0,30.9,86.1,71.4,6.9,No,Yes,Postgraduate,61.8,Good
STU_13635,5.5,50.0,65.7,76.0,65.1,8.6,No,Yes,Graduate,63.2,Good
STU_13636,4.3,86.4,95.1,76.4,68.7,5.4,No,Yes,Postgraduate,74.4,Good
STU_13637,,58.0,56.0,67.6,84.4,5.6,,Yes,Graduate,57.2,Average
STU_13638,4.8,77.3,81.2,79.1,66.5,7.6,No,No,Graduate,66.8,Good
STU_13639,5.9,57.3,87.0,57.3,75.1,6.9,No,Yes,Graduate,74.3,Good
STU_13640,4.0,86.0,52.1,71.7,66.9,5.0,Yes,Yes,Graduate,64.9,Good
STU_13641,4.6,85.5,67.7,66.8,54.7,7.8,No,Yes,Postgraduate,69.2,Good
STU_13642,3.0,75.7,70.3,90.2,69.9,7.5,No,Yes,Postgraduate,80.0,Excellent
STU_13643,4.9,78.4,75.9,40.0,51.6,10.0,No,Yes,School,73.9,Good
STU_13644,3.4,65.6,77.0,67.9,43.4,7.2,Yes,Yes,Graduate,60.5,Good
STU_13645,2.8,56.1,81.8,73.5,71.3,9.5,Yes,Yes,Postgraduate,64.8,Good
STU_13646,5.5,80.7,53.3,44.1,69.4,8.2,Yes,No,School,56.7,Average
STU_13647,5.4,62.8,67.6,80.4,67.8,4.7,Yes,Yes,Graduate,75.1,Good
STU_13648,6.6,74.8,87.2,68.2,61.6,7.0,No,Yes,Postgraduate,89.8,Excellent
STU_13649,4.1,89.6,88.9,56.6,60.8,6.9,Yes,Yes,Postgraduate,73.0,Good
STU_13650,5.8,58.1,68.4,84.3,44.7,6.9,No,Yes,,67.7,Good
STU_13651,6.1,69.9,57.0,59.6,32.2,6.0,No,Yes,School,52.5,Average
STU_13652,5.9,85.7,80.5,81.3,76.2,8.0,Yes,Yes,Graduate,80.8,Excellent
STU_13653,3.3,86.4,73.0,72.6,76.0,6.6,Yes,Yes,Postgraduate,81.0,Excellent
STU_13654,,83.7,72.7,64.3,58.0,8.4,No,Yes,Graduate,72.3,Good
STU_13655,5.7,88.3,76.6,55.9,85.5,8.2,No,Yes,Graduate,74.3,Good
STU_13656,5.0,71.2,50.7,60.0,70.0,6.7,Yes,Yes,Postgraduate,66.5,Good
STU_13657,1.0,81.2,77.7,82.3,67.4,6.3,Yes,Yes,Graduate,66.7,Good
STU_13658,5.3,50.0,67.3,86.1,94.3,6.3,No,Yes,Graduate,82.8,Excellent
STU_13659,9.4,71.3,82.1,79.7,41.9,7.0,Yes,Yes,Graduate,86.1,Excellent
STU_13660,4.3,77.9,65.3,69.6,61.2,7.4,No,Yes,Graduate,59.9,Average
STU_13661,3.5,54.2,73.8,79.7,48.4,6.5,Yes,Yes,,57.5,Average
STU_13662,5.7,94.0,71.9,74.4,56.1,6.5,Yes,Yes,School,67.8,Good
STU_13663,5.6,82.5,56.8,61.6,60.9,7.3,No,Yes,Postgraduate,70.4,Good
STU_13664,7.4,97.9,51.5,57.2,61.3,8.2,Yes,Yes,School,63.5,Good
STU_13665,2.5,73.9,77.1,,44.8,7.3,Yes,Yes,School,65.7,Good
STU_13666,6.5,89.8,52.1,61.1,63.1,7.0,No,Yes,Graduate,55.6,Average
STU_13667,6.2,84.5,60.0,71.8,48.8,,No,Yes,Graduate,64.2,Good
STU_13668,4.7,63.3,59.5,92.5,81.1,4.8,Yes,Yes,Graduate,74.0,Good
STU_13669,5.7,62.3,70.5,73.9,74.2,6.7,Yes,Yes,Graduate,66.8,Good
STU_13670,7.1,74.8,75.1,90.6,67.5,5.5,Yes,Yes,School,75.9,Good
STU_13671,6.7,60.8,41.7,70.0,54.4,6.3,Yes,Yes,School,65.9,Good
STU_13672,2.7,75.7,54.1,67.7,64.5,5.9,Yes,Yes,School,58.9,Average
STU_13673,,86.3,53.4,48.8,73.3,5.9,No,Yes,Postgraduate,68.9,Good
STU_13674,4.9,82.8,61.6,79.0,56.6,5.8,Yes,Yes,Graduate,75.9,Good
STU_13675,5.1,79.1,35.1,60.8,36.6,9.8,No,,Graduate,46.1,Average
STU_13676,5.1,64.8,82.0,,73.5,6.9,Yes,Yes,Graduate,72.9,Good
STU_13677,4.7,79.3,65.9,55.8,70.5,8.4,Yes,Yes,Graduate,50.3,Average
STU_13678,7.4,57.3,63.0,75.0,67.1,7.9,Yes,Yes,Graduate,63.0,Good
STU_13679,4.8,81.7,76.3,61.9,49.9,7.8,No,Yes,Graduate,69.2,Good
STU_13680,,62.4,72.8,93.1,77.4,7.7,Yes,No,School,66.8,Good
STU_13681,4.2,86.9,72.6,85.7,80.4,9.5,No,No,Graduate,76.0,Good
STU_13682,5.4,77.7,64.8,62.5,66.5,7.5,No,Yes,Postgraduate,59.0,Average
STU_13683,7.5,60.8,66.6,40.0,55.7,4.9,Yes,Yes,School,44.4,Average
STU_13684,6.2,52.7,77.7,71.7,56.0,6.8,No,Yes,Graduate,63.3,Good
STU_13685,3.3,,73.0,65.7,55.7,5.7,Yes,Yes,Graduate,62.7,Good
STU_13686,10.0,87.5,90.9,82.5,54.9,5.3,Yes,Yes,Graduate,80.9,Excellent
STU_13687,5.5,87.5,67.1,70.2,56.3,7.5,Yes,Yes,School,76.1,Good
STU_13688,7.6,84.9,74.8,86.1,67.2,4.5,No,Yes,School,63.4,Good
STU_13689,4.7,71.2,63.2,76.9,76.3,7.1,Yes,No,School,63.3,Good
STU_13690,6.1,68.8,69.9,52.1,85.2,5.0,No,No,Postgraduate,67.3,Good
STU_13691,6.7,76.1,70.6,59.5,47.4,6.8,Yes,Yes,Postgraduate,66.4,Good
STU_13692,7.4,66.6,58.3,63.6,50.0,7.9,No,Yes,School,67.5,Good
STU_13693,7.1,86.5,55.3,67.6,75.5,6.2,No,Yes,School,68.7,Good
STU_13694,6.7,64.0,74.6,66.2,47.4,5.6,Yes,Yes,Graduate,71.4,Good
STU_13695,4.4,82.4,71.8,80.1,43.5,6.6,No,No,,70.0,Good
STU_13696,3.9,62.1,87.0,77.0,46.9,7.7,Yes,Yes,Graduate,59.5,Average
STU_13697,5.7,63.0,65.1,64.1,59.2,7.4,Yes,Yes,Graduate,72.4,Good
STU_13698,6.9,70.0,50.1,79.3,88.2,6.9,No,Yes,Graduate,71.8,Good
STU_13699,4.6,95.8,65.2,53.6,60.0,6.0,Yes,Yes,School,63.8,Good
STU_13700,7.1,61.3,76.5,79.8,66.4,6.5,No,Yes,School,73.0,Good
STU_13701,7.9,94.1,33.2,82.2,42.8,7.8,Yes,Yes,Postgraduate,67.6,Good
STU_13702,3.2,50.0,64.9,,79.2,6.8,Yes,Yes,Graduate,58.4,Average
STU_13703,3.3,53.0,75.0,77.4,75.9,7.3,Yes,Yes,Postgraduate,62.4,Good
STU_13704,4.7,94.3,68.5,79.2,54.5,6.6,No,Yes,Graduate,65.2,Good
STU_13705,5.6,78.2,59.6,84.7,51.0,5.6,Yes,Yes,Graduate,70.9,Good
STU_13706,4.0,92.5,47.0,80.4,,9.4,Yes,No,Graduate,75.5,Good
STU_13707,7.7,87.1,64.8,86.9,58.4,7.9,No,Yes,School,68.3,Good
STU_13708,5.8,83.2,46.6,48.0,51.4,7.3,Yes,Yes,School,61.6,Good
STU_13709,5.1,59.2,75.1,71.9,56.1,6.8,No,Yes,Postgraduate,66.2,Good
STU_13710,2.1,,65.9,69.4,65.8,8.7,No,Yes,School,65.3,Good
STU_13711,2.4,82.7,87.4,72.1,,6.0,No,Yes,School,66.5,Good
STU_13712,5.6,59.5,35.7,82.6,67.2,7.8,No,No,Graduate,60.9,Good
STU_13713,1.0,61.6,59.9,71.8,66.3,7.0,Yes,Yes,Graduate,54.8,Average
STU_13714,7.0,50.0,76.0,71.2,58.2,6.7,Yes,Yes,School,69.0,Good
STU_13715,,88.3,82.1,76.5,64.3,6.7,Yes,Yes,Graduate,79.7,Good
STU_13716,10.0,50.0,76.6,48.9,55.7,8.6,Yes,Yes,Graduate,67.6,Good
STU_13717,9.6,92.2,50.7,91.8,57.7,4.8,Yes,No,Postgraduate,76.3,Good
STU_13718,4.6,84.6,57.8,68.5,84.7,9.0,No,Yes,Postgraduate,74.1,Good
STU_13719,4.8,86.5,31.5,90.7,62.7,8.2,No,Yes,Postgraduate,71.3,Good
STU_13720,7.0,77.2,65.7,58.0,56.1,7.0,Yes,Yes,Postgraduate,57.3,Average
STU_13721,8.4,65.7,82.4,57.2,51.2,,Yes,Yes,Graduate,74.9,Good
STU_13722,1.7,71.7,65.1,66.8,30.0,7.0,Yes,Yes,Postgraduate,48.6,Average
STU_13723,1.4,50.3,73.7,70.5,95.4,7.6,Yes,Yes,School,61.8,Good
STU_13724,3.8,70.8,73.3,62.9,97.1,8.5,No,Yes,Graduate,69.7,Good
STU_13725,6.2,50.0,60.2,58.7,72.0,7.6,No,Yes,Graduate,58.9,Average
STU_13726,6.0,56.3,30.0,75.2,45.4,7.3,Yes,Yes,Postgraduate,58.1,Average
STU_13727,7.1,50.0,85.1,90.3,100.0,7.0,No,Yes,Graduate,79.4,Good
STU_13728,2.6,83.0,71.5,93.2,39.5,4.8,Yes,Yes,School,66.7,Good
STU_13729,1.0,86.0,46.2,65.9,68.3,5.0,No,Yes,Postgraduate,45.3,Average
STU_13730,6.7,94.5,70.6,54.9,34.6,8.3,Yes,Yes,Graduate,70.2,Good
STU_13731,3.3,76.5,68.0,66.3,30.0,7.6,Yes,Yes,Graduate,47.9,Average
STU_13732,1.0,65.2,84.7,94.0,65.7,8.0,No,Yes,Graduate,72.4,Good
STU_13733,5.3,57.6,72.1,84.4,67.7,,No,No,Graduate,64.2,Good
STU_13734,6.6,68.1,72.1,75.4,63.9,7.7,No,Yes,School,67.2,Good
STU_13735,4.8,69.5,68.0,63.5,85.9,8.0,Yes,Yes,School,65.6,Good
STU_13736,4.1,53.7,53.5,82.8,61.2,6.0,Yes,Yes,Postgraduate,52.0,Average
STU_13737,4.7,82.1,75.1,100.0,75.0,7.7,Yes,No,School,73.4,Good
STU_13738,4.3,66.6,64.6,68.0,49.5,7.5,No,Yes,Graduate,53.3,Average
STU_13739,2.3,94.6,50.7,42.4,82.7,8.6,Yes,No,Graduate,51.3,Average
STU_13740,3.6,89.9,55.1,55.6,84.1,4.0,No,Yes,Postgraduate,63.8,Good
STU_13741,6.0,50.0,48.0,70.9,57.9,9.9,No,Yes,Graduate,58.9,Average
STU_13742,5.6,79.8,80.9,67.8,68.0,8.0,No,Yes,Graduate,73.2,Good
STU_13743,5.3,82.8,94.7,89.0,50.8,7.3,No,No,School,75.2,Good
STU_13744,3.0,87.1,82.3,61.7,58.5,5.9,No,,School,57.0,Average
STU_13745,4.6,85.7,70.6,67.6,73.8,6.7,Yes,Yes,Graduate,63.4,Good
STU_13746,1.0,83.8,64.0,60.9,69.8,7.4,No,Yes,School,63.9,Good
STU_13747,5.4,67.7,60.6,80.9,34.3,9.0,No,Yes,Graduate,58.6,Average
STU_13748,7.9,59.9,50.2,58.0,43.8,8.8,No,Yes,Graduate,70.4,Good
STU_13749,2.1,91.1,94.2,66.7,52.6,7.7,Yes,No,Postgraduate,56.4,Average
STU_13750,3.8,68.7,49.5,48.7,65.5,7.9,No,No,School,55.0,Average
STU_13751,5.7,93.2,52.3,62.6,47.3,7.2,No,Yes,Graduate,55.7,Average
STU_13752,7.5,92.6,62.1,93.3,39.4,5.8,No,Yes,Graduate,64.8,Good
STU_13753,4.1,98.1,63.3,94.9,30.0,6.1,Yes,No,School,58.0,Average
STU_13754,3.6,68.2,74.0,79.4,95.4,8.2,No,Yes,Graduate,84.0,Excellent
STU_13755,1.1,88.0,54.9,76.2,65.2,7.8,Yes,Yes,Graduate,52.6,Average
STU_13756,5.2,63.8,35.2,61.2,38.9,6.3,Yes,Yes,School,39.9,Poor
STU_13757,9.1,95.0,61.5,72.8,,6.1,Yes,Yes,Graduate,82.9,Excellent
STU_13758,5.6,87.9,62.5,72.3,85.9,7.8,Yes,No,School,82.4,Excellent
STU_13759,5.0,71.2,61.3,70.2,65.4,6.6,Yes,Yes,Postgraduate,64.1,Good
STU_13760,5.6,77.1,61.1,81.3,72.0,6.1,No,Yes,Graduate,77.2,Good
STU_13761,5.0,84.4,59.7,56.8,82.9,,No,Yes,School,72.0,Good
STU_13762,3.4,50.0,45.1,100.0,71.7,7.8,No,No,School,62.9,Good
STU_13763,6.6,50.0,86.9,92.7,72.1,5.7,No,Yes,Graduate,79.2,Good
STU_13764,5.5,82.6,86.1,58.6,37.5,6.6,No,No,Graduate,60.0,Good
STU_13765,5.0,69.8,85.9,71.5,30.0,7.9,Yes,Yes,School,68.7,Good
STU_13766,3.0,50.0,47.2,61.6,75.8,8.9,Yes,Yes,School,62.3,Good
STU_13767,7.6,68.7,71.1,78.9,58.4,7.4,No,Yes,Postgraduate,69.8,Good
STU_13768,6.3,69.2,58.7,68.8,54.7,6.4,No,Yes,Graduate,54.1,Average
STU_13769,3.9,75.3,57.8,43.7,77.6,6.0,No,Yes,School,54.8,Average
STU_13770,7.0,55.1,51.1,57.1,46.7,7.0,Yes,No,School,48.7,Average
STU_13771,4.0,53.0,100.0,88.6,61.4,7.0,Yes,Yes,Graduate,75.8,Good
STU_13772,3.4,96.5,61.3,66.9,62.9,,Yes,Yes,Graduate,68.2,Good
STU_13773,3.5,90.3,51.2,66.8,73.0,5.0,Yes,Yes,Graduate,67.3,Good
STU_13774,1.5,,67.1,79.4,67.5,4.3,No,No,School,64.5,Good
STU_13775,5.9,86.2,76.4,83.2,67.5,7.0,No,Yes,Graduate,76.5,Good
STU_13776,1.3,,62.9,68.8,55.5,8.3,No,,Graduate,58.3,Average
STU_13777,2.5,64.4,68.7,40.0,55.9,8.1,Yes,Yes,Graduate,56.0,Average
STU_13778,1.0,59.6,80.0,58.8,67.4,5.5,No,No,Graduate,66.4,Good
STU_13779,4.8,73.2,50.7,40.0,54.0,5.9,No,No,Postgraduate,50.2,Average
STU_13780,4.7,80.5,67.7,50.4,48.7,5.4,Yes,Yes,Graduate,59.3,Average
STU_13781,4.3,91.3,55.4,71.1,82.6,7.1,Yes,Yes,Graduate,58.1,Average
STU_13782,2.9,57.0,53.4,70.6,51.2,8.1,Yes,No,Graduate,52.1,Average
STU_13783,2.7,50.0,91.3,87.9,54.7,8.4,Yes,Yes,Graduate,68.4,Good
STU_13784,5.9,50.0,63.7,69.5,81.6,6.2,No,No,Graduate,74.3,Good
STU_13785,3.9,50.0,49.1,57.7,51.0,7.1,Yes,Yes,Graduate,46.2,Average
STU_13786,5.6,50.0,63.3,86.8,67.1,6.1,No,No,Graduate,65.6,Good
STU_13787,3.2,88.4,46.9,94.5,68.5,7.0,No,,School,64.3,Good
STU_13788,5.4,83.7,61.7,82.8,60.6,6.2,Yes,Yes,Graduate,74.0,Good
STU_13789,7.6,60.5,54.8,69.1,55.8,6.3,,Yes,Graduate,61.2,Good
STU_13790,6.2,95.4,72.7,65.7,44.0,5.4,Yes,Yes,Graduate,71.2,Good
STU_13791,4.2,57.0,94.1,53.3,72.0,4.0,No,Yes,Graduate,70.2,Good
STU_13792,5.5,91.7,,58.9,79.6,6.5,Yes,Yes,Graduate,66.8,Good
STU_13793,4.5,50.0,55.4,63.7,77.9,7.4,No,Yes,Graduate,56.5,Average
STU_13794,5.0,55.0,66.4,51.5,67.9,7.2,No,Yes,Postgraduate,76.2,Good
STU_13795,4.3,89.3,87.4,65.3,30.4,5.2,Yes,No,School,57.4,Average
STU_13796,4.7,61.7,72.7,66.1,74.3,4.3,Yes,Yes,School,57.6,Average
STU_13797,5.4,59.7,62.9,87.8,60.3,6.9,No,,School,63.4,Good
STU_13798,3.0,78.8,34.0,47.3,52.5,5.6,Yes,Yes,Graduate,45.8,Average
STU_13799,3.0,63.0,64.2,72.4,72.5,6.5,No,Yes,School,56.1,Average
STU_13800,2.2,84.5,76.6,50.9,65.6,5.6,No,Yes,School,60.6,Good
STU_13801,1.8,83.0,79.4,42.6,78.1,5.1,No,Yes,Graduate,64.8,Good
STU_13802,2.6,84.9,84.7,63.1,67.5,8.4,No,Yes,Graduate,56.6,Average
STU_13803,5.3,80.6,54.9,70.3,57.7,7.6,Yes,No,Graduate,63.9,Good
STU_13804,3.2,50.0,59.0,87.8,56.4,7.0,,No,Graduate,63.9,Good
STU_13805,6.0,61.9,63.2,66.2,71.8,8.1,Yes,Yes,Postgraduate,64.9,Good
STU_13806,5.1,73.7,,62.5,40.6,7.0,Yes,Yes,Postgraduate,56.8,Average
STU_13807,1.1,,61.1,60.2,54.0,6.5,No,Yes,School,47.2,Average
STU_13808,6.3,83.4,72.9,,30.0,9.0,No,No,Graduate,56.7,Average
STU_13809,6.6,74.8,59.2,40.0,68.7,9.1,No,Yes,Graduate,62.7,Good
STU_13810,3.0,,54.4,58.5,72.3,5.8,No,Yes,School,53.1,Average
STU_13811,5.8,55.2,81.6,81.2,49.7,7.3,No,Yes,School,64.4,Good
STU_13812,3.3,85.0,69.7,40.0,44.5,7.2,Yes,No,Graduate,53.3,Average
STU_13813,5.2,50.0,76.2,64.2,77.3,8.0,No,Yes,Graduate,70.2,Good
STU_13814,2.5,82.0,61.9,66.0,50.6,5.7,Yes,Yes,Graduate,50.7,Average
STU_13815,1.4,50.0,77.1,80.0,72.3,8.5,Yes,Yes,Graduate,62.5,Good
STU_13816,4.2,75.9,49.1,71.6,61.8,5.9,,Yes,Postgraduate,57.7,Average
STU_13817,4.8,83.9,51.4,75.9,53.5,6.8,No,Yes,Graduate,71.2,Good
STU_13818,4.2,69.6,79.1,59.6,71.3,5.6,No,Yes,Postgraduate,74.9,Good
STU_13819,2.6,69.3,63.9,45.4,62.5,6.4,Yes,Yes,School,55.6,Average
STU_13820,4.2,86.6,61.3,62.6,85.9,5.8,No,,Graduate,59.6,Average
STU_13821,5.5,69.4,51.2,68.0,50.2,5.9,No,Yes,Graduate,63.7,Good
STU_13822,4.9,50.5,77.1,86.2,,7.9,Yes,Yes,School,71.0,Good
STU_13823,5.4,72.7,93.0,50.0,61.7,6.9,Yes,Yes,Graduate,69.6,Good
STU_13824,3.7,59.4,74.1,99.2,69.6,9.4,Yes,No,School,67.5,Good
STU_13825,7.3,94.9,58.3,72.4,59.0,6.7,Yes,Yes,Postgraduate,67.5,Good
STU_13826,2.6,96.1,85.8,59.3,90.8,6.1,Yes,Yes,,79.5,Good
STU_13827,6.0,86.5,70.4,58.6,81.4,6.4,No,Yes,Graduate,75.5,Good
STU_13828,7.4,65.9,58.5,67.8,53.6,6.8,No,Yes,Graduate,57.4,Average
STU_13829,6.0,50.0,84.1,69.1,63.0,7.4,No,Yes,Graduate,64.2,Good
STU_13830,4.6,64.6,62.3,70.2,33.1,6.5,No,Yes,Graduate,49.3,Average
STU_13831,3.9,74.4,,78.9,78.8,5.5,No,Yes,Postgraduate,75.9,Good
STU_13832,7.1,64.8,60.2,,51.1,8.1,Yes,Yes,Postgraduate,66.5,Good
STU_13833,2.2,91.8,73.0,71.5,65.2,8.5,No,Yes,Graduate,72.8,Good
STU_13834,3.1,67.4,54.2,65.3,57.9,6.5,No,Yes,Graduate,57.6,Average
STU_13835,4.2,86.5,,93.1,38.2,8.8,Yes,Yes,Graduate,61.2,Good
STU_13836,7.5,83.7,87.0,44.7,75.3,6.4,Yes,Yes,School,71.7,Good
STU_13837,5.8,70.8,100.0,100.0,45.1,8.3,No,Yes,Postgraduate,87.1,Excellent
STU_13838,3.1,62.2,57.9,57.6,53.7,5.9,Yes,Yes,Postgraduate,59.4,Average
STU_13839,4.4,88.7,55.6,54.8,75.6,9.8,No,Yes,Graduate,64.0,Good
STU_13840,3.8,50.0,44.8,65.9,46.5,4.9,Yes,Yes,School,39.5,Poor
STU_13841,3.6,50.0,52.7,73.0,85.9,5.7,No,Yes,School,65.4,Good
STU_13842,7.0,51.1,42.1,64.9,46.2,9.6,No,Yes,School,57.4,Average
STU_13843,2.3,73.4,45.4,78.4,43.3,4.9,Yes,Yes,School,60.2,Good
STU_13844,8.2,73.6,65.0,63.7,62.7,6.7,Yes,Yes,Postgraduate,69.9,Good
STU_13845,6.7,66.9,41.3,61.0,88.1,6.4,Yes,Yes,Postgraduate,64.3,Good
STU_13846,7.2,77.0,43.0,57.1,61.9,,No,Yes,School,70.1,Good
STU_13847,4.1,61.0,68.1,87.6,77.7,7.3,No,Yes,Graduate,62.4,Good
STU_13848,4.7,77.1,,75.4,40.5,6.7,No,No,School,50.0,Average
STU_13849,2.1,69.4,70.4,53.8,56.1,7.9,Yes,Yes,School,66.5,Good
STU_13850,4.0,87.6,59.9,63.7,57.2,8.7,No,Yes,School,66.0,Good
STU_13851,6.0,81.3,62.2,51.5,41.8,6.3,Yes,Yes,Graduate,57.8,Average
STU_13852,7.6,67.7,76.7,100.0,36.5,4.9,Yes,Yes,School,69.2,Good
STU_13853,2.8,65.2,56.8,72.6,58.1,6.2,Yes,Yes,Graduate,59.0,Average
STU_13854,4.3,72.7,75.6,42.1,87.3,7.4,No,Yes,Graduate,72.9,Good
STU_13855,4.7,50.0,58.7,51.0,65.5,7.2,No,Yes,School,61.8,Good
STU_13856,2.2,89.5,52.7,52.5,51.1,8.1,Yes,Yes,Graduate,59.0,Average
STU_13857,6.2,63.2,48.9,74.1,30.0,9.2,No,,Postgraduate,61.8,Good
STU_13858,3.6,64.8,40.1,46.2,56.0,7.3,No,Yes,School,52.1,Average
STU_13859,4.6,91.1,46.4,50.9,55.0,6.5,No,Yes,Graduate,41.9,Average
STU_13860,4.1,90.7,38.4,66.5,68.2,6.1,No,Yes,Graduate,62.1,Good
STU_13861,3.4,64.0,50.1,68.8,57.9,6.8,No,Yes,Graduate,55.2,Average
STU_13862,5.0,59.7,77.3,62.2,72.1,8.0,No,Yes,School,80.1,Excellent
STU_13863,4.6,88.0,64.9,64.2,74.3,6.3,Yes,Yes,Graduate,61.0,Good
STU_13864,4.3,68.9,59.2,49.9,60.9,7.7,Yes,Yes,Graduate,52.9,Average
STU_13865,3.5,77.9,54.6,76.2,61.1,5.7,No,Yes,School,61.3,Good
STU_13866,5.6,58.6,63.8,42.0,62.5,7.0,No,Yes,Graduate,52.2,Average
STU_13867,8.3,95.5,65.5,67.7,34.1,5.1,Yes,Yes,Graduate,81.9,Excellent
STU_13868,5.3,91.4,48.3,94.9,73.5,6.3,No,Yes,Graduate,74.9,Good
STU_13869,7.0,,72.0,64.9,89.2,8.8,Yes,Yes,,74.6,Good
STU_13870,2.2,84.2,60.1,50.4,62.9,7.3,No,Yes,Graduate,60.2,Good
STU_13871,5.3,88.1,69.5,68.4,49.5,6.8,No,Yes,School,65.2,Good
STU_13872,2.8,73.3,64.5,65.7,61.9,7.3,Yes,Yes,Graduate,59.2,Average
STU_13873,2.0,84.9,43.7,72.6,55.0,7.6,No,Yes,Graduate,48.4,Average
STU_13874,3.5,78.1,84.5,72.4,62.4,7.4,No,Yes,Graduate,62.9,Good
STU_13875,7.4,94.8,64.8,83.5,57.0,7.3,Yes,Yes,Graduate,71.9,Good
STU_13876,6.9,77.8,59.5,63.0,30.0,5.8,Yes,Yes,,67.0,Good
STU_13877,5.5,78.9,73.7,58.3,63.5,5.2,Yes,Yes,Postgraduate,73.6,Good
STU_13878,1.9,65.0,47.6,58.7,97.6,7.9,No,Yes,School,74.5,Good
STU_13879,4.6,62.8,41.4,60.8,40.6,5.4,Yes,Yes,,47.1,Average
STU_13880,5.6,92.1,73.3,74.0,79.6,7.4,No,Yes,Graduate,68.8,Good
STU_13881,5.4,85.1,82.2,50.6,68.4,8.2,,Yes,Postgraduate,70.4,Good
STU_13882,1.3,50.0,69.3,56.8,47.3,5.8,Yes,Yes,Postgraduate,58.0,Average
STU_13883,3.2,54.3,77.1,70.7,40.5,6.2,No,Yes,Graduate,61.6,Good
STU_13884,4.9,84.7,46.0,86.9,66.2,6.8,No,Yes,Graduate,68.6,Good
STU_13885,6.1,68.7,59.6,57.6,67.8,5.9,No,Yes,School,64.1,Good
STU_13886,1.0,,55.1,74.9,37.9,5.9,No,,School,48.8,Average
STU_13887,4.7,78.8,80.4,67.1,76.8,6.4,No,Yes,Graduate,70.3,Good
STU_13888,5.3,68.4,72.4,77.1,54.1,6.1,No,Yes,School,74.8,Good
STU_13889,6.7,66.3,80.5,70.8,69.9,7.6,Yes,No,School,64.7,Good
STU_13890,6.4,82.6,55.7,70.4,73.3,7.1,Yes,No,Postgraduate,71.9,Good
STU_13891,6.2,76.7,48.0,100.0,76.3,5.3,No,Yes,Postgraduate,81.3,Excellent
STU_13892,3.4,62.0,84.9,100.0,46.2,9.1,Yes,Yes,School,63.8,Good
STU_13893,1.2,50.0,65.4,66.3,94.2,6.6,No,Yes,Postgraduate,60.5,Good
STU_13894,4.2,59.2,81.0,57.2,47.3,6.9,No,Yes,Postgraduate,64.2,Good
STU_13895,7.0,76.8,64.0,73.4,,6.4,Yes,Yes,Graduate,77.1,Good
STU_13896,7.8,61.7,98.1,78.5,54.0,7.0,Yes,No,Graduate,74.4,Good
STU_13897,6.4,62.6,82.7,88.5,62.8,5.9,Yes,Yes,Postgraduate,80.6,Excellent
STU_13898,5.9,84.6,62.6,40.0,60.0,5.4,Yes,Yes,School,50.9,Average
STU_13899,,88.2,65.3,64.3,69.5,6.6,Yes,Yes,Postgraduate,68.4,Good
STU_13900,3.9,91.8,65.4,62.9,78.8,8.7,No,Yes,School,74.8,Good
STU_13901,4.7,50.0,48.0,58.7,52.2,7.7,No,Yes,Graduate,43.2,Average
STU_13902,8.3,50.0,57.8,49.0,48.0,8.5,No,No,Graduate,69.6,Good
STU_13903,3.1,70.3,56.6,66.9,30.0,6.3,Yes,Yes,Graduate,52.5,Average
STU_13904,8.2,53.3,68.5,79.9,64.9,6.0,Yes,Yes,Postgraduate,84.6,Excellent
STU_13905,4.4,50.0,52.8,52.6,59.3,6.4,No,Yes,School,60.7,Good
STU_13906,7.7,62.8,62.7,71.2,63.7,7.6,Yes,Yes,Graduate,71.9,Good
STU_13907,2.2,59.5,59.5,75.9,60.4,8.2,Yes,Yes,Postgraduate,64.5,Good
STU_13908,6.2,50.0,66.1,93.0,74.1,6.7,No,No,Postgraduate,84.0,Excellent
STU_13909,3.5,73.1,87.0,78.9,53.9,5.3,No,Yes,Postgraduate,63.5,Good
STU_13910,2.2,50.0,81.4,68.8,67.6,8.2,Yes,Yes,Graduate,65.7,Good
STU_13911,5.4,62.3,45.3,74.4,61.5,8.3,No,Yes,Graduate,57.9,Average
STU_13912,7.0,91.7,64.2,80.7,46.6,7.6,No,Yes,Graduate,63.9,Good
STU_13913,3.3,51.5,60.5,71.7,51.0,8.7,Yes,Yes,Graduate,66.4,Good
STU_13914,2.0,50.0,55.3,81.0,76.7,,No,Yes,School,62.7,Good
STU_13915,4.8,55.7,97.3,65.3,75.2,5.9,Yes,Yes,School,76.1,Good
STU_13916,4.8,62.4,57.1,86.8,73.8,7.0,No,Yes,School,69.4,Good
STU_13917,6.1,50.0,58.1,62.9,59.3,5.7,No,Yes,Graduate,65.7,Good
STU_13918,6.9,67.5,91.3,60.4,30.0,8.1,No,Yes,Graduate,63.9,Good
STU_13919,4.9,68.1,79.5,63.4,35.4,5.6,Yes,Yes,School,66.9,Good
STU_13920,8.7,79.6,58.4,56.4,57.8,8.6,Yes,No,School,64.4,Good
STU_13921,5.4,70.1,76.4,80.6,37.7,6.0,No,Yes,Graduate,64.8,Good
STU_13922,4.3,83.1,61.4,48.0,80.3,8.7,No,Yes,Postgraduate,64.7,Good
STU_13923,1.8,70.4,62.4,63.9,49.1,6.0,No,Yes,Graduate,54.4,Average
STU_13924,4.5,66.1,52.9,74.5,57.6,4.2,No,Yes,Graduate,62.2,Good
STU_13925,4.3,87.4,30.0,70.2,89.8,7.2,Yes,Yes,School,64.2,Good
STU_13926,6.9,86.0,43.6,69.4,78.5,7.8,No,Yes,Graduate,63.9,Good
STU_13927,5.9,66.6,48.4,68.0,67.5,5.8,No,No,Graduate,59.6,Average
STU_13928,2.6,54.6,71.3,72.3,65.5,8.9,Yes,No,School,59.7,Average
STU_13929,5.3,64.3,67.3,56.0,49.9,8.6,Yes,Yes,Postgraduate,62.5,Good
STU_13930,6.3,75.1,81.3,63.3,74.2,6.8,No,Yes,Postgraduate,63.9,Good
STU_13931,8.1,85.5,46.9,66.4,65.4,7.4,Yes,Yes,Postgraduate,74.7,Good
STU_13932,6.8,91.0,91.8,76.4,59.8,7.0,No,Yes,Graduate,76.6,Good
STU_13933,6.5,72.9,90.4,83.2,72.3,7.8,Yes,Yes,Postgraduate,84.7,Excellent
STU_13934,5.1,60.0,65.5,68.2,72.5,8.0,Yes,Yes,Graduate,71.7,Good
STU_13935,5.8,73.5,54.7,80.3,46.5,5.0,No,Yes,Graduate,55.5,Average
STU_13936,7.5,73.1,55.5,,76.7,9.0,Yes,Yes,Postgraduate,78.2,Good
STU_13937,2.3,84.8,68.0,69.0,60.6,8.4,No,Yes,School,55.6,Average
STU_13938,4.3,74.9,93.2,81.0,63.3,5.7,No,Yes,School,74.5,Good
STU_13939,3.5,65.2,63.6,49.7,40.9,8.7,Yes,Yes,School,42.5,Average
STU_13940,5.8,50.0,41.3,76.2,41.4,9.3,Yes,Yes,Graduate,43.4,Average
STU_13941,7.5,,93.4,60.4,38.7,4.9,No,Yes,Graduate,74.9,Good
STU_13942,3.8,64.6,59.0,84.5,100.0,7.8,,Yes,Graduate,78.8,Good
STU_13943,1.0,79.9,86.8,60.8,98.3,8.1,No,Yes,Graduate,72.1,Good
STU_13944,4.2,68.3,74.4,65.7,34.8,7.4,Yes,Yes,Postgraduate,61.4,Good
STU_13945,6.8,60.9,62.8,48.1,37.8,8.4,Yes,,Postgraduate,47.8,Average
STU_13946,6.1,50.0,,75.1,53.8,7.2,Yes,Yes,School,67.3,Good
STU_13947,5.9,70.3,54.0,64.2,79.7,7.6,No,Yes,Graduate,67.7,Good
STU_13948,4.4,73.6,60.6,62.5,72.0,4.7,No,Yes,Postgraduate,62.7,Good
STU_13949,2.4,91.9,57.0,70.4,96.7,6.2,Yes,Yes,Graduate,70.4,Good
STU_13950,6.0,55.3,62.0,46.6,57.1,8.5,No,No,,50.9,Average
STU_13951,3.3,81.2,73.2,60.3,50.8,6.2,Yes,Yes,Postgraduate,54.8,Average
STU_13952,9.4,80.3,73.1,67.4,62.9,6.9,No,Yes,Graduate,75.4,Good
STU_13953,6.1,59.9,41.7,90.5,59.2,5.6,Yes,No,Graduate,54.9,Average
STU_13954,3.8,50.0,57.0,72.6,,6.2,No,Yes,Graduate,62.2,Good
STU_13955,3.8,50.0,59.6,75.5,63.7,7.4,No,Yes,Postgraduate,65.0,Good
STU_13956,4.8,53.7,73.8,70.9,95.9,6.8,Yes,Yes,School,80.1,Excellent
STU_13957,,88.0,44.0,100.0,63.9,4.8,No,Yes,Graduate,68.7,Good
STU_13958,7.2,84.6,75.6,82.6,45.0,6.1,No,Yes,Postgraduate,90.1,Excellent
STU_13959,5.4,50.0,48.1,41.5,57.4,8.7,No,Yes,Graduate,51.1,Average
STU_13960,3.5,80.2,,73.1,73.6,8.3,No,Yes,Graduate,70.8,Good
STU_13961,8.8,78.8,81.7,85.3,71.6,7.0,No,No,Graduate,75.4,Good
STU_13962,5.1,58.4,46.6,49.7,70.7,7.4,No,Yes,Graduate,63.7,Good
STU_13963,6.5,85.2,68.6,71.5,34.8,6.2,No,Yes,Graduate,63.9,Good
STU_13964,3.8,61.5,62.2,62.5,37.0,8.7,No,Yes,Graduate,43.7,Average
STU_13965,5.7,50.0,50.3,58.0,59.9,6.7,No,Yes,Graduate,52.3,Average
STU_13966,5.6,73.6,46.6,88.7,69.1,5.5,No,Yes,Graduate,65.7,Good
STU_13967,1.2,50.7,54.4,60.7,48.7,5.0,No,Yes,School,39.9,Poor
STU_13968,9.0,78.4,52.8,60.8,85.9,4.9,Yes,Yes,Graduate,77.0,Good
STU_13969,7.6,89.9,61.9,57.4,70.7,6.0,No,Yes,Graduate,60.9,Good
STU_13970,4.2,72.7,58.6,54.8,53.7,9.0,Yes,Yes,Graduate,58.0,Average
STU_13971,2.8,50.0,71.4,62.3,100.0,10.0,Yes,Yes,Postgraduate,71.1,Good
STU_13972,5.7,88.1,77.1,61.7,54.6,8.3,No,Yes,School,72.1,Good
STU_13973,5.2,50.0,42.1,53.4,56.1,4.9,Yes,Yes,Graduate,52.3,Average
STU_13974,5.7,90.3,61.2,69.6,55.3,5.7,No,Yes,School,68.5,Good
STU_13975,5.4,61.7,50.8,40.0,62.7,5.7,No,Yes,Graduate,57.4,Average
STU_13976,6.0,72.6,48.7,71.4,44.8,6.7,Yes,Yes,Graduate,53.1,Average
STU_13977,7.9,50.0,41.5,83.7,73.8,6.0,Yes,Yes,Graduate,81.5,Excellent
STU_13978,6.1,65.8,40.4,62.6,76.0,7.7,No,Yes,School,67.1,Good
STU_13979,2.9,85.7,57.2,75.0,72.7,6.7,No,Yes,Postgraduate,60.7,Good
STU_13980,7.7,64.0,70.9,66.5,54.8,8.0,No,No,Graduate,59.2,Average
STU_13981,8.3,75.6,70.8,100.0,54.8,7.7,No,Yes,Graduate,83.5,Excellent
STU_13982,10.0,84.8,49.2,83.6,71.8,8.6,Yes,Yes,Graduate,82.3,Excellent
STU_13983,2.8,84.8,47.7,57.9,65.5,6.1,Yes,Yes,,62.5,Good
STU_13984,5.5,85.9,68.6,88.1,49.2,8.1,No,Yes,Postgraduate,64.5,Good
STU_13985,1.0,87.6,58.5,100.0,30.0,6.1,No,Yes,Graduate,53.1,Average
STU_13986,6.1,58.1,78.3,67.0,55.7,6.9,Yes,Yes,Graduate,75.8,Good
STU_13987,,83.9,48.3,76.8,70.4,6.0,Yes,Yes,Postgraduate,70.2,Good
STU_13988,8.8,94.5,37.1,84.2,69.9,7.4,Yes,Yes,Graduate,68.0,Good
STU_13989,3.5,57.5,74.2,54.3,37.8,8.6,No,Yes,Graduate,63.2,Good
STU_13990,1.6,65.7,36.6,44.3,75.4,8.4,No,No,Graduate,60.8,Good
STU_13991,4.1,68.6,43.3,72.2,91.6,7.4,Yes,Yes,School,63.1,Good
STU_13992,1.0,68.4,55.0,58.5,56.4,6.8,Yes,No,Postgraduate,49.5,Average
STU_13993,6.5,65.1,60.7,66.9,58.7,7.0,Yes,Yes,School,73.2,Good
STU_13994,1.0,72.7,74.0,84.3,53.6,8.8,No,Yes,Graduate,72.5,Good
STU_13995,5.1,71.0,49.8,77.9,56.3,6.0,No,Yes,School,69.5,Good
STU_13996,1.0,53.7,84.8,77.8,81.4,7.6,No,Yes,Postgraduate,72.7,Good
STU_13997,4.4,84.9,42.3,68.2,49.5,8.3,Yes,Yes,School,53.7,Average
STU_13998,8.3,50.0,59.4,61.0,65.9,7.0,Yes,Yes,School,71.2,Good
STU_13999,5.7,77.4,77.5,60.1,57.6,8.1,Yes,Yes,School,65.2,Good
STU_14000,3.3,59.9,78.2,94.4,65.1,9.7,No,Yes,Graduate,68.8,Good
STU_14001,4.9,75.1,30.0,100.0,57.4,6.9,Yes,Yes,Graduate,64.1,Good
STU_14002,5.0,68.8,100.0,85.1,75.1,6.7,No,Yes,School,78.5,Good
STU_14003,5.9,75.8,60.2,66.1,78.7,7.3,Yes,Yes,School,66.2,Good
STU_14004,2.3,85.8,69.2,54.4,68.0,7.6,No,Yes,,54.3,Average
STU_14005,6.2,73.9,60.0,100.0,58.6,8.6,No,Yes,Graduate,70.4,Good
STU_14006,1.0,59.3,97.0,76.3,74.6,8.5,No,No,School,63.5,Good
STU_14007,3.7,50.0,84.3,76.0,50.0,7.4,No,Yes,Graduate,56.1,Average
STU_14008,4.0,61.6,96.6,61.6,68.9,4.6,No,Yes,School,69.7,Good
STU_14009,6.3,92.5,72.1,79.6,53.8,5.3,Yes,Yes,Postgraduate,74.8,Good
STU_14010,5.0,69.8,78.7,67.1,65.4,8.2,Yes,Yes,Graduate,75.1,Good
STU_14011,2.2,50.0,49.3,55.2,46.6,6.2,No,Yes,Graduate,49.0,Average
STU_14012,3.0,75.1,61.0,65.3,80.9,8.3,Yes,Yes,,68.5,Good
STU_14013,5.4,76.2,78.7,75.6,41.9,8.0,No,Yes,Postgraduate,72.1,Good
STU_14014,4.8,83.3,69.8,91.5,59.9,6.8,No,Yes,Graduate,72.1,Good
STU_14015,3.8,86.4,66.6,48.0,38.4,6.0,No,No,Graduate,54.7,Average
STU_14016,4.0,50.0,53.4,52.7,80.6,6.8,No,Yes,School,61.8,Good
STU_14017,6.4,70.7,82.5,64.0,86.9,7.2,Yes,Yes,School,73.5,Good
STU_14018,4.0,50.0,82.3,56.9,42.9,5.3,No,Yes,Postgraduate,65.5,Good
STU_14019,4.8,70.0,80.6,70.0,67.2,8.1,No,Yes,Graduate,70.6,Good
STU_14020,9.3,69.9,69.4,63.1,57.3,7.8,No,Yes,Graduate,69.8,Good
STU_14021,2.2,73.8,65.2,71.7,70.2,7.2,Yes,Yes,Graduate,71.1,Good
STU_14022,1.3,78.0,81.9,72.3,87.2,7.2,No,No,Postgraduate,68.2,Good
STU_14023,6.6,80.6,79.1,51.0,68.2,8.7,No,Yes,Graduate,68.0,Good
STU_14024,3.6,89.1,51.6,67.1,49.8,6.1,No,Yes,School,59.3,Average
STU_14025,4.4,78.8,69.7,58.8,51.0,6.6,Yes,Yes,Graduate,64.1,Good
STU_14026,3.4,75.7,,85.9,56.3,7.1,Yes,Yes,School,87.7,Excellent
STU_14027,4.5,73.0,54.9,60.5,50.4,6.3,No,Yes,Graduate,63.6,Good
STU_14028,8.2,80.5,78.6,63.1,74.2,6.8,No,Yes,Postgraduate,63.5,Good
STU_14029,6.6,72.2,75.8,57.3,75.5,5.1,No,Yes,Postgraduate,74.4,Good
STU_14030,6.7,83.0,58.8,69.6,82.2,6.5,Yes,Yes,School,61.6,Good
STU_14031,2.2,68.1,,67.9,55.2,6.9,No,Yes,School,49.9,Average
STU_14032,2.7,89.4,73.8,90.7,80.5,6.1,Yes,Yes,Graduate,77.3,Good
STU_14033,1.0,61.9,,69.6,88.9,8.6,Yes,No,Graduate,69.8,Good
STU_14034,3.4,67.2,68.8,88.8,40.8,7.5,No,No,School,45.7,Average
STU_14035,6.9,70.5,74.6,91.5,54.2,6.9,Yes,Yes,Graduate,75.0,Good
STU_14036,6.0,55.9,,65.0,60.3,6.3,No,Yes,School,54.7,Average
STU_14037,4.6,50.0,64.3,67.5,75.2,5.2,No,Yes,Graduate,68.9,Good
STU_14038,5.0,50.0,63.3,62.0,83.4,6.2,No,Yes,Postgraduate,56.7,Average
STU_14039,3.6,79.9,51.7,52.8,34.3,7.1,No,Yes,Graduate,46.4,Average
STU_14040,5.4,50.0,71.6,100.0,51.3,6.9,Yes,Yes,School,73.9,Good
STU_14041,6.5,88.8,71.0,62.0,80.3,6.1,Yes,Yes,Postgraduate,63.5,Good
STU_14042,1.8,,60.6,57.4,48.4,9.0,Yes,No,Graduate,56.9,Average
STU_14043,5.6,77.2,64.8,55.1,74.8,,No,Yes,Graduate,62.9,Good
STU_14044,6.9,82.9,95.8,61.2,71.2,6.5,No,Yes,School,74.9,Good
STU_14045,4.2,75.8,55.7,65.7,74.4,7.7,Yes,Yes,School,58.1,Average
STU_14046,6.4,82.5,48.0,87.4,74.6,8.6,Yes,Yes,School,69.7,Good
STU_14047,10.0,80.2,47.7,95.4,55.2,7.4,No,Yes,Graduate,66.9,Good
STU_14048,4.8,84.4,,40.9,57.7,6.8,No,Yes,Graduate,53.3,Average
STU_14049,5.8,50.0,30.0,92.2,56.5,4.8,No,Yes,Graduate,63.3,Good
STU_14050,3.5,86.7,57.3,93.5,65.6,6.9,No,Yes,Postgraduate,69.3,Good
STU_14051,5.4,52.7,50.5,61.3,30.0,6.1,No,No,Postgraduate,51.7,Average
STU_14052,5.9,77.7,64.1,57.2,69.7,6.3,Yes,Yes,Graduate,68.5,Good
STU_14053,5.4,75.6,64.2,77.3,89.6,6.6,No,Yes,Graduate,82.4,Excellent
STU_14054,3.0,75.9,70.2,61.1,65.2,6.7,No,Yes,Graduate,65.6,Good
STU_14055,5.4,79.5,74.2,91.0,60.0,6.5,No,Yes,Graduate,76.0,Good
STU_14056,7.9,60.1,82.1,76.9,63.2,5.4,Yes,Yes,School,78.7,Good
STU_14057,5.9,83.2,59.7,59.4,70.5,4.9,No,Yes,Graduate,61.2,Good
STU_14058,6.9,72.0,55.0,74.1,80.3,8.0,No,Yes,Graduate,82.4,Excellent
STU_14059,4.5,50.0,77.8,71.0,60.9,9.0,No,Yes,Postgraduate,59.9,Average
STU_14060,6.5,81.7,40.1,43.1,59.3,7.1,No,Yes,Graduate,58.4,Average
STU_14061,5.6,,76.4,56.2,40.0,5.7,No,Yes,Graduate,63.6,Good
STU_14062,3.1,55.7,67.1,60.8,62.8,8.2,No,Yes,Graduate,74.7,Good
STU_14063,5.6,74.0,71.7,75.3,42.8,9.5,No,No,School,64.3,Good
STU_14064,3.0,69.8,70.5,77.9,53.2,8.5,No,No,,57.0,Average
STU_14065,,81.2,67.0,86.9,76.0,8.6,No,Yes,Graduate,68.6,Good
STU_14066,5.4,79.4,67.7,60.1,78.3,5.6,No,Yes,School,65.3,Good
STU_14067,5.6,66.0,48.3,49.3,69.4,6.3,No,Yes,Graduate,60.0,Good
STU_14068,2.6,83.3,55.2,58.1,81.4,8.4,Yes,Yes,School,64.7,Good
STU_14069,7.1,50.0,91.7,60.1,35.6,5.6,Yes,,Graduate,68.3,Good
STU_14070,6.1,56.6,75.1,58.8,88.0,6.3,Yes,Yes,School,72.6,Good
STU_14071,3.6,50.0,80.9,69.7,48.4,7.2,No,Yes,School,63.6,Good
STU_14072,1.9,70.7,59.8,79.8,66.8,7.6,Yes,Yes,School,56.1,Average
STU_14073,4.7,80.6,66.2,64.2,51.4,6.7,Yes,Yes,Graduate,54.4,Average
STU_14074,4.1,70.1,72.9,77.0,67.0,7.0,Yes,Yes,Graduate,76.9,Good
STU_14075,5.2,92.3,83.1,83.6,62.3,7.2,No,Yes,School,64.4,Good
STU_14076,4.3,55.6,62.7,69.9,80.2,6.7,Yes,No,Graduate,65.9,Good
STU_14077,1.0,81.9,72.2,54.1,100.0,6.4,Yes,Yes,Postgraduate,66.8,Good
STU_14078,4.2,72.2,75.7,66.1,76.1,6.9,Yes,Yes,Postgraduate,83.5,Excellent
STU_14079,4.4,73.2,79.0,84.3,60.1,6.4,Yes,Yes,Graduate,83.5,Excellent
STU_14080,6.3,99.2,62.0,78.8,86.5,8.1,No,Yes,Graduate,77.9,Good
STU_14081,3.6,59.0,84.2,55.1,34.8,7.4,No,No,Graduate,53.6,Average
STU_14082,8.4,81.8,43.7,86.5,52.7,6.9,No,No,School,62.4,Good
STU_14083,1.2,50.0,48.1,65.4,58.3,6.7,No,Yes,Postgraduate,54.3,Average
STU_14084,7.6,70.8,72.2,55.0,57.6,8.3,No,Yes,Graduate,72.6,Good
STU_14085,4.6,68.9,71.8,69.6,50.2,6.6,Yes,Yes,School,83.6,Excellent
STU_14086,6.7,50.0,61.5,48.7,73.1,7.9,Yes,Yes,School,57.6,Average
STU_14087,5.2,80.7,58.4,79.1,62.0,8.4,No,Yes,Graduate,68.8,Good
STU_14088,7.3,71.1,58.6,86.0,59.8,7.6,No,Yes,Graduate,69.3,Good
STU_14089,4.2,89.0,51.5,56.0,84.5,5.1,No,Yes,Graduate,62.1,Good
STU_14090,2.8,84.6,64.3,67.6,54.9,6.5,Yes,Yes,Graduate,60.0,Good
STU_14091,7.8,92.2,41.7,82.2,78.4,6.0,No,No,School,68.2,Good
STU_14092,4.8,50.0,82.0,51.4,57.6,5.6,No,Yes,,63.5,Good
STU_14093,5.4,50.8,70.7,52.9,58.0,,No,Yes,Postgraduate,65.3,Good
STU_14094,7.5,72.8,84.4,66.7,49.8,7.5,Yes,No,School,71.8,Good
STU_14095,2.9,70.2,67.4,,38.7,4.0,Yes,Yes,School,47.2,Average
STU_14096,6.2,88.0,64.4,,51.4,7.0,Yes,Yes,Postgraduate,65.4,Good
STU_14097,3.8,68.0,66.9,68.5,33.6,6.2,No,Yes,School,58.1,Average
STU_14098,4.7,82.6,54.5,51.4,66.1,8.1,Yes,Yes,School,69.9,Good
STU_14099,5.1,70.7,46.3,47.4,57.0,6.2,No,Yes,Postgraduate,59.4,Average
STU_14100,2.0,64.0,50.2,51.5,79.3,7.4,Yes,Yes,School,55.6,Average
STU_14101,3.4,93.2,58.6,77.0,50.4,7.4,Yes,Yes,School,65.3,Good
STU_14102,7.7,74.0,51.7,83.3,57.9,6.0,Yes,Yes,School,69.5,Good
STU_14103,6.8,87.4,85.2,68.8,81.5,5.8,Yes,Yes,Postgraduate,76.0,Good
STU_14104,4.9,85.4,54.4,79.9,76.2,9.4,Yes,Yes,Graduate,70.8,Good
STU_14105,5.5,53.4,70.9,61.5,64.2,7.5,Yes,Yes,Graduate,67.6,Good
STU_14106,4.4,63.1,73.8,64.9,45.4,7.1,Yes,No,Graduate,64.8,Good
STU_14107,7.7,85.5,83.6,82.9,71.4,8.5,Yes,Yes,School,89.6,Excellent
STU_14108,4.6,87.8,75.2,76.5,57.4,9.1,No,Yes,Postgraduate,82.1,Excellent
STU_14109,5.5,98.0,,72.5,53.7,8.8,Yes,Yes,Graduate,58.7,Average
STU_14110,7.3,92.8,90.6,67.9,83.3,5.4,Yes,Yes,School,81.0,Excellent
STU_14111,3.4,74.0,46.3,53.8,85.5,7.0,No,Yes,Postgraduate,71.9,Good
STU_14112,8.1,50.0,50.9,71.2,47.8,6.7,Yes,Yes,Postgraduate,68.9,Good
STU_14113,1.9,,68.3,74.3,89.5,9.3,No,Yes,Graduate,73.4,Good
STU_14114,8.3,,66.3,100.0,60.6,7.9,No,Yes,Postgraduate,76.1,Good
STU_14115,4.3,78.5,77.3,68.9,74.5,5.4,No,Yes,School,65.2,Good
STU_14116,4.5,94.2,67.4,64.8,91.3,4.8,Yes,Yes,Graduate,79.0,Good
STU_14117,1.2,56.1,70.5,73.9,59.4,8.9,Yes,Yes,School,57.5,Average
STU_14118,4.1,71.8,79.9,90.3,66.2,7.0,No,Yes,Graduate,66.4,Good
STU_14119,2.9,59.0,67.1,74.9,73.6,7.0,Yes,Yes,Postgraduate,69.3,Good
STU_14120,3.8,59.0,75.2,67.5,87.3,6.6,No,Yes,Graduate,69.7,Good
STU_14121,4.7,50.0,53.7,59.0,62.3,6.0,No,Yes,Graduate,63.1,Good
STU_14122,6.9,58.3,54.7,58.3,75.0,7.0,No,Yes,School,66.5,Good
STU_14123,5.4,88.2,78.2,80.9,49.6,8.0,No,Yes,Graduate,82.2,Excellent
STU_14124,5.6,74.4,66.8,66.0,38.3,7.0,Yes,,School,52.6,Average
STU_14125,2.8,79.2,67.5,98.1,51.1,8.3,No,Yes,School,65.7,Good
STU_14126,3.2,63.3,54.6,71.2,51.1,7.8,Yes,Yes,Graduate,62.1,Good
STU_14127,8.6,79.1,58.9,76.8,77.6,8.1,No,Yes,Graduate,79.0,Good
STU_14128,3.5,76.7,69.3,62.2,,7.2,Yes,Yes,,66.2,Good
STU_14129,8.3,85.9,60.5,58.5,52.2,6.8,No,No,Graduate,53.7,Average
STU_14130,4.5,50.5,52.1,80.7,47.8,5.6,No,Yes,Graduate,46.0,Average
STU_14131,5.0,75.0,52.2,86.7,55.3,8.2,No,Yes,Graduate,58.3,Average
STU_14132,7.1,64.6,55.4,,76.7,7.3,No,No,School,66.2,Good
STU_14133,7.5,74.1,59.9,59.7,47.8,6.7,Yes,Yes,Graduate,52.8,Average
STU_14134,4.8,87.4,60.9,60.8,60.0,5.6,No,Yes,Graduate,67.2,Good
STU_14135,4.2,76.0,88.5,79.5,55.9,8.5,No,Yes,Graduate,69.7,Good
STU_14136,4.9,81.4,78.9,75.1,67.7,7.0,No,Yes,Postgraduate,71.9,Good
STU_14137,5.7,93.2,69.5,68.6,91.5,9.3,Yes,Yes,Graduate,90.8,Excellent
STU_14138,6.8,71.0,,59.1,51.6,4.5,Yes,Yes,Postgraduate,83.6,Excellent
STU_14139,5.0,91.6,63.3,92.5,67.1,7.4,Yes,No,Postgraduate,70.1,Good
STU_14140,6.2,85.5,72.1,83.7,61.8,5.4,Yes,Yes,Graduate,79.1,Good
STU_14141,8.3,50.0,69.9,42.1,54.5,6.1,No,Yes,Graduate,62.2,Good
STU_14142,5.8,87.6,72.1,82.0,62.8,6.7,No,Yes,School,76.4,Good
STU_14143,5.6,60.4,53.8,66.0,91.1,7.7,Yes,Yes,Postgraduate,69.9,Good
STU_14144,2.0,,60.4,61.6,60.9,7.3,No,Yes,School,48.6,Average
STU_14145,1.0,73.4,52.8,80.7,60.9,6.3,Yes,Yes,School,58.2,Average
STU_14146,5.8,53.6,71.1,74.9,55.9,6.2,Yes,Yes,Postgraduate,73.7,Good
STU_14147,4.8,77.1,65.0,71.2,68.6,4.9,No,Yes,Graduate,66.4,Good
STU_14148,4.0,80.1,36.8,57.4,46.0,6.3,No,Yes,School,54.7,Average
STU_14149,5.5,54.2,72.7,84.2,63.9,6.1,No,Yes,Postgraduate,78.8,Good
STU_14150,4.9,66.2,68.3,52.7,69.1,8.4,No,Yes,Graduate,71.5,Good
STU_14151,7.3,,90.6,80.8,48.4,6.5,Yes,Yes,Graduate,77.8,Good
STU_14152,5.2,84.2,78.9,71.3,87.6,6.5,Yes,Yes,Graduate,70.8,Good
STU_14153,3.5,87.0,81.7,69.5,87.0,7.3,No,Yes,Graduate,63.5,Good
STU_14154,7.0,86.6,48.1,62.3,98.0,8.6,Yes,Yes,Graduate,78.8,Good
STU_14155,4.6,89.6,81.8,72.3,71.1,8.6,No,Yes,Graduate,78.9,Good
STU_14156,6.1,86.4,62.1,50.7,68.6,9.9,Yes,Yes,School,66.6,Good
STU_14157,4.0,73.9,54.6,87.3,60.8,5.3,No,Yes,Graduate,66.1,Good
STU_14158,3.7,50.0,30.0,64.4,63.1,7.2,No,Yes,Graduate,51.4,Average
STU_14159,5.2,64.5,84.7,60.3,76.8,6.9,No,No,Postgraduate,71.8,Good
STU_14160,5.0,85.1,60.7,67.2,62.3,4.8,No,Yes,Graduate,67.2,Good
STU_14161,6.0,63.9,63.2,64.8,59.6,5.6,Yes,Yes,School,69.4,Good
STU_14162,4.5,50.0,69.8,87.4,70.9,8.1,Yes,Yes,Graduate,72.1,Good
STU_14163,1.3,66.1,92.9,45.7,52.0,7.6,No,Yes,Graduate,59.4,Average
STU_14164,4.1,76.8,61.6,69.0,87.3,7.6,Yes,No,Graduate,68.9,Good
STU_14165,6.6,87.4,64.8,92.2,62.1,7.5,No,No,School,72.1,Good
STU_14166,4.4,88.5,,71.0,74.2,5.0,Yes,Yes,Graduate,62.3,Good
STU_14167,4.5,79.2,60.8,72.6,49.2,5.7,No,Yes,School,65.6,Good
STU_14168,7.0,92.4,,69.6,61.3,6.4,Yes,Yes,Graduate,67.6,Good
STU_14169,3.6,76.7,32.2,60.9,55.7,8.0,No,Yes,School,46.5,Average
STU_14170,1.9,91.1,85.0,77.6,56.4,7.2,Yes,Yes,Postgraduate,79.4,Good
STU_14171,4.7,58.1,68.6,67.3,43.8,8.1,Yes,Yes,Graduate,59.8,Average
STU_14172,4.0,78.9,73.2,72.0,78.9,9.3,Yes,Yes,Postgraduate,68.9,Good
STU_14173,3.1,74.0,57.7,77.7,69.8,5.1,No,,Postgraduate,70.2,Good
STU_14174,4.6,78.4,75.2,76.2,39.3,6.9,No,No,Graduate,59.0,Average
STU_14175,6.0,59.5,,71.4,58.6,6.9,Yes,Yes,Graduate,62.4,Good
STU_14176,5.0,81.9,67.4,82.6,58.5,6.0,Yes,Yes,Postgraduate,76.8,Good
STU_14177,5.6,93.1,66.6,84.2,68.4,7.5,Yes,Yes,School,79.6,Good
STU_14178,8.6,72.2,81.9,81.0,59.7,10.0,No,No,School,66.1,Good
STU_14179,4.3,73.5,74.7,84.8,79.4,5.9,No,Yes,Graduate,73.8,Good
STU_14180,5.6,86.5,55.6,89.0,77.4,7.7,Yes,Yes,School,64.8,Good
STU_14181,4.0,81.4,74.0,53.1,97.3,5.7,No,No,Graduate,67.9,Good
STU_14182,3.3,72.9,59.5,100.0,30.0,4.8,Yes,Yes,School,54.6,Average
STU_14183,3.8,56.9,52.8,72.2,83.9,6.3,Yes,Yes,School,71.4,Good
STU_14184,4.0,73.5,73.3,66.6,74.7,7.3,Yes,Yes,Graduate,63.9,Good
STU_14185,5.7,50.0,67.9,72.4,59.2,7.5,No,No,Graduate,66.4,Good
STU_14186,9.7,63.6,47.1,49.3,57.9,9.1,No,Yes,Graduate,61.0,Good
STU_14187,3.6,83.2,57.3,73.3,60.6,7.3,Yes,No,School,51.6,Average
STU_14188,4.2,94.8,76.2,58.9,66.0,7.0,No,Yes,Graduate,63.4,Good
STU_14189,4.9,87.6,70.8,71.0,53.3,8.0,Yes,Yes,School,59.0,Average
STU_14190,5.8,52.7,71.5,72.0,36.3,7.3,Yes,Yes,Graduate,57.2,Average
STU_14191,5.5,50.0,92.7,61.7,53.7,7.0,No,No,Postgraduate,60.9,Good
STU_14192,7.6,91.7,79.9,44.7,57.7,6.8,No,Yes,School,65.6,Good
STU_14193,1.0,76.3,63.2,73.8,71.1,7.8,No,Yes,School,67.2,Good
STU_14194,1.0,77.4,58.9,70.0,43.0,7.6,No,Yes,Graduate,49.0,Average
STU_14195,4.0,80.7,54.8,72.7,72.3,6.7,No,Yes,Graduate,58.8,Average
STU_14196,7.2,55.1,58.1,64.1,42.7,8.7,Yes,Yes,School,56.4,Average
STU_14197,1.9,,41.0,60.8,68.4,8.0,Yes,Yes,School,53.6,Average
STU_14198,1.0,71.9,46.8,67.0,70.8,8.2,Yes,Yes,Graduate,53.9,Average
STU_14199,6.1,90.1,74.9,71.9,59.9,5.9,No,Yes,Postgraduate,64.9,Good
STU_14200,5.5,68.2,88.0,79.4,62.7,6.4,No,Yes,Postgraduate,79.7,Good
STU_14201,2.8,71.1,65.8,58.7,73.2,8.8,Yes,Yes,Graduate,68.5,Good
STU_14202,3.0,61.0,54.5,81.1,52.7,8.2,Yes,Yes,Postgraduate,61.6,Good
STU_14203,3.1,92.6,30.0,79.2,66.9,5.3,No,Yes,School,66.4,Good
STU_14204,5.2,,90.6,77.3,56.4,7.4,No,Yes,School,86.7,Excellent
STU_14205,3.7,65.5,44.9,95.6,86.8,8.1,,Yes,School,76.1,Good
STU_14206,6.0,,42.9,45.4,70.7,5.8,Yes,Yes,Graduate,45.3,Average
STU_14207,1.0,54.3,60.5,97.3,45.3,8.2,No,No,Postgraduate,59.8,Average
STU_14208,3.3,56.1,64.4,60.8,91.1,7.1,Yes,Yes,School,62.2,Good
STU_14209,2.7,70.9,65.2,73.4,78.0,8.8,No,Yes,School,63.7,Good
STU_14210,4.5,83.2,52.2,70.6,42.7,6.8,No,No,Postgraduate,48.0,Average
STU_14211,3.9,88.5,71.2,51.3,37.6,5.3,No,Yes,Graduate,58.6,Average
STU_14212,6.6,57.9,57.2,77.4,42.4,7.6,Yes,No,Graduate,71.4,Good
STU_14213,1.3,80.4,57.5,82.1,46.3,5.7,No,Yes,Graduate,56.9,Average
STU_14214,5.1,96.7,60.8,75.9,64.4,6.3,No,Yes,School,73.5,Good
STU_14215,6.1,56.1,54.8,49.3,,4.8,No,Yes,Graduate,60.9,Good
STU_14216,8.7,81.1,46.2,52.6,73.8,6.0,No,Yes,Graduate,71.3,Good
STU_14217,4.0,60.8,47.2,60.2,57.0,8.6,Yes,Yes,School,42.2,Average
STU_14218,5.6,65.7,48.4,87.8,57.8,7.2,Yes,Yes,,70.0,Good
STU_14219,1.4,59.6,71.8,71.3,63.8,6.7,Yes,Yes,School,66.5,Good
STU_14220,,52.4,71.0,42.0,80.0,5.9,No,Yes,Graduate,68.1,Good
STU_14221,6.7,78.2,61.0,98.9,31.7,7.2,Yes,Yes,Graduate,59.0,Average
STU_14222,5.0,92.0,61.7,91.0,57.9,6.7,Yes,Yes,School,79.8,Good
STU_14223,7.4,51.7,82.5,54.8,83.1,9.9,No,Yes,School,71.1,Good
STU_14224,2.3,50.0,72.7,64.3,63.1,7.0,No,Yes,School,60.1,Good
STU_14225,6.0,87.0,88.5,66.0,57.3,7.5,Yes,Yes,Graduate,79.9,Good
STU_14226,8.7,56.6,56.3,77.3,49.0,6.2,No,Yes,School,69.6,Good
STU_14227,5.8,83.4,47.5,72.8,76.4,7.0,No,No,Postgraduate,57.0,Average
STU_14228,5.6,85.0,80.0,60.5,54.3,7.6,No,Yes,School,67.2,Good
STU_14229,5.0,83.3,64.7,,54.2,5.9,No,Yes,Graduate,61.9,Good
STU_14230,1.9,78.0,53.0,94.4,83.8,7.7,Yes,Yes,School,69.5,Good
STU_14231,7.7,76.4,72.3,69.3,,7.2,No,Yes,School,62.6,Good
STU_14232,3.8,57.9,54.4,62.0,88.1,4.3,No,No,School,50.6,Average
STU_14233,,94.4,75.3,92.3,64.7,8.0,Yes,No,Postgraduate,72.3,Good
STU_14234,1.9,50.0,72.3,40.0,62.4,7.6,No,Yes,School,56.8,Average
STU_14235,2.6,79.1,61.6,57.5,66.6,7.3,No,Yes,Graduate,62.8,Good
STU_14236,7.9,69.7,39.7,83.7,62.3,6.2,Yes,Yes,School,59.5,Average
STU_14237,4.3,50.0,51.2,89.5,53.6,10.0,Yes,Yes,Graduate,59.6,Average
STU_14238,7.9,83.5,87.8,65.5,67.5,6.3,Yes,Yes,Postgraduate,81.7,Excellent
STU_14239,4.8,93.5,91.2,100.0,54.2,,Yes,Yes,Graduate,80.6,Excellent
STU_14240,1.3,93.9,100.0,,68.8,7.6,Yes,Yes,Graduate,72.5,Good
STU_14241,6.8,75.1,71.0,85.3,99.0,6.8,Yes,Yes,Graduate,85.4,Excellent
STU_14242,3.8,76.8,48.6,71.2,72.6,,No,Yes,Postgraduate,67.8,Good
STU_14243,6.4,54.7,85.1,63.2,59.0,6.7,No,Yes,Graduate,68.5,Good
STU_14244,5.1,81.6,61.0,82.3,66.1,6.9,Yes,Yes,School,72.3,Good
STU_14245,1.9,65.0,54.8,64.5,56.9,6.1,No,Yes,School,63.3,Good
STU_14246,5.3,82.4,70.0,54.8,59.1,7.1,No,Yes,Graduate,74.1,Good
STU_14247,9.4,82.6,93.5,71.6,60.2,7.4,Yes,Yes,Graduate,82.2,Excellent
STU_14248,6.0,84.4,63.4,69.2,69.6,6.9,No,Yes,School,61.2,Good
STU_14249,4.9,84.4,65.3,59.1,76.5,5.9,No,Yes,Graduate,76.1,Good
STU_14250,7.2,57.9,42.0,62.0,95.7,7.6,No,Yes,Graduate,54.7,Average
STU_14251,5.4,56.1,66.6,64.2,72.4,5.1,Yes,Yes,Graduate,70.7,Good
STU_14252,5.4,91.1,75.0,47.2,44.5,7.5,Yes,Yes,Graduate,66.3,Good
STU_14253,2.8,50.7,63.7,46.3,41.5,7.4,Yes,Yes,Postgraduate,53.5,Average
STU_14254,5.5,82.1,64.8,83.1,60.9,6.7,Yes,Yes,School,72.1,Good
STU_14255,7.1,61.4,68.4,50.1,78.0,6.4,No,No,Graduate,58.6,Average
STU_14256,3.3,75.3,49.3,69.8,58.7,5.5,Yes,Yes,School,52.0,Average
STU_14257,7.8,88.6,30.8,43.8,58.9,6.4,Yes,Yes,School,49.2,Average
STU_14258,4.8,93.2,63.5,91.1,76.4,6.0,No,,Postgraduate,69.3,Good
STU_14259,3.2,92.4,61.6,66.2,61.6,5.8,No,Yes,Graduate,58.8,Average
STU_14260,7.0,73.6,73.6,85.6,78.6,5.6,Yes,Yes,Graduate,78.4,Good
STU_14261,4.4,82.7,100.0,99.6,37.9,8.6,No,Yes,Graduate,80.9,Excellent
STU_14262,6.5,84.6,84.4,52.0,69.6,7.9,No,Yes,School,82.8,Excellent
STU_14263,4.4,97.2,34.1,60.5,33.6,9.9,Yes,Yes,Graduate,47.9,Average
STU_14264,4.9,71.7,100.0,82.2,66.3,7.3,No,Yes,Graduate,77.4,Good
STU_14265,6.0,76.5,75.0,61.1,76.4,7.9,No,Yes,Graduate,72.8,Good
STU_14266,5.6,86.1,61.0,74.1,35.9,6.9,Yes,Yes,School,55.9,Average
STU_14267,1.0,79.1,87.1,71.4,,8.8,Yes,Yes,Graduate,57.4,Average
STU_14268,2.8,,30.0,40.0,75.6,6.9,Yes,Yes,Graduate,62.7,Good
STU_14269,6.9,77.3,56.8,83.2,,8.2,Yes,Yes,Postgraduate,82.0,Excellent
STU_14270,4.7,,68.0,68.1,44.4,7.2,No,Yes,Graduate,67.3,Good
STU_14271,4.0,82.0,66.0,53.3,65.9,9.2,No,Yes,Graduate,67.0,Good
STU_14272,2.3,69.4,87.7,91.7,53.3,6.4,,Yes,Graduate,75.7,Good
STU_14273,2.8,50.0,82.7,60.2,59.1,8.4,No,No,Graduate,62.5,Good
STU_14274,1.0,85.4,75.2,59.4,57.7,6.9,Yes,Yes,Graduate,71.5,Good
STU_14275,4.8,50.0,60.8,44.8,40.7,6.0,Yes,Yes,Graduate,35.5,Poor
STU_14276,3.8,59.0,,78.3,76.4,6.9,Yes,Yes,Graduate,66.4,Good
STU_14277,3.1,92.8,56.0,70.6,45.1,4.3,Yes,Yes,Graduate,50.5,Average
STU_14278,4.9,77.3,76.6,45.7,63.5,8.1,Yes,Yes,School,60.7,Good
STU_14279,5.7,84.5,54.1,73.4,72.4,7.8,No,Yes,Graduate,69.1,Good
STU_14280,9.2,89.0,69.4,81.6,48.7,9.3,Yes,Yes,Graduate,75.0,Good
STU_14281,2.0,91.8,43.2,76.5,57.6,5.8,No,Yes,Graduate,52.5,Average
STU_14282,7.3,70.0,80.5,88.5,53.9,6.1,Yes,Yes,Graduate,76.8,Good
STU_14283,6.9,,,61.5,89.6,5.5,No,Yes,Graduate,74.5,Good
STU_14284,3.4,77.5,44.5,94.7,76.6,7.4,No,,Graduate,70.6,Good
STU_14285,5.4,91.0,50.5,70.1,74.2,6.5,Yes,Yes,Graduate,73.6,Good
STU_14286,4.1,70.5,60.4,81.2,97.4,6.0,No,No,Graduate,68.1,Good
STU_14287,5.4,77.1,51.3,87.9,67.6,7.5,No,Yes,Postgraduate,76.0,Good
STU_14288,8.0,85.4,75.8,100.0,56.6,8.3,Yes,Yes,Graduate,80.3,Excellent
STU_14289,6.2,74.5,60.8,54.9,39.0,7.1,Yes,Yes,Graduate,64.0,Good
STU_14290,6.0,62.9,79.0,59.6,50.8,6.4,No,Yes,Postgraduate,62.5,Good
STU_14291,4.1,68.8,60.8,72.7,64.5,8.4,Yes,Yes,School,74.8,Good
STU_14292,2.0,78.0,75.8,64.8,76.9,6.7,Yes,Yes,Graduate,71.6,Good
STU_14293,4.6,79.0,65.1,58.8,51.5,6.7,No,Yes,School,60.1,Good
STU_14294,7.4,85.4,61.1,48.7,87.3,7.6,No,Yes,Postgraduate,66.1,Good
STU_14295,1.9,59.3,49.4,71.8,37.4,6.2,Yes,Yes,Graduate,57.9,Average
STU_14296,2.9,75.6,66.0,81.1,56.0,8.2,No,No,Graduate,55.7,Average
STU_14297,5.3,89.5,76.0,74.9,68.5,5.9,No,Yes,School,84.8,Excellent
STU_14298,3.0,87.1,54.7,47.2,64.1,6.3,Yes,Yes,Graduate,63.3,Good
STU_14299,3.4,50.0,64.8,47.5,69.6,5.6,No,Yes,Graduate,50.3,Average
STU_14300,4.2,76.7,56.7,70.9,64.1,8.0,Yes,No,Postgraduate,66.1,Good
STU_14301,2.3,57.8,94.0,66.7,72.4,8.6,No,Yes,School,80.1,Excellent
STU_14302,3.1,60.7,69.7,65.6,58.1,6.8,Yes,No,School,58.9,Average
STU_14303,6.4,64.0,66.3,66.1,57.2,7.5,Yes,No,Postgraduate,64.3,Good
STU_14304,2.4,73.2,57.7,63.0,48.8,7.4,No,No,Graduate,55.4,Average
STU_14305,1.8,96.6,78.3,72.1,96.8,7.4,No,Yes,Graduate,71.4,Good
STU_14306,3.7,75.9,65.0,85.4,60.7,5.6,Yes,Yes,Graduate,76.1,Good
STU_14307,6.5,71.8,64.0,56.9,69.0,6.2,No,Yes,Postgraduate,63.0,Good
STU_14308,4.6,50.0,63.9,76.3,58.6,7.9,No,Yes,Graduate,65.9,Good
STU_14309,4.1,65.3,48.4,71.2,87.5,8.5,No,,Graduate,74.0,Good
STU_14310,5.1,89.4,87.4,45.0,61.8,8.1,No,Yes,School,67.3,Good
STU_14311,1.5,53.6,78.8,60.8,67.2,7.0,No,Yes,Graduate,69.3,Good
STU_14312,6.0,61.9,,70.1,48.0,8.0,No,Yes,Postgraduate,63.4,Good
STU_14313,5.8,50.0,63.5,100.0,90.2,5.2,No,Yes,Postgraduate,71.7,Good
STU_14314,4.2,54.0,51.8,59.8,65.5,4.6,No,Yes,Postgraduate,63.6,Good
STU_14315,7.0,68.9,,61.5,90.7,5.3,No,Yes,Graduate,69.9,Good
STU_14316,2.7,64.9,51.8,75.8,52.4,10.0,No,Yes,Graduate,52.0,Average
STU_14317,7.3,93.6,82.2,68.4,54.9,9.5,No,Yes,Graduate,73.6,Good
STU_14318,5.3,50.0,59.2,52.3,53.6,5.1,Yes,Yes,Graduate,52.0,Average
STU_14319,4.3,89.0,81.2,45.7,57.5,6.7,Yes,Yes,Postgraduate,67.3,Good
STU_14320,5.0,50.1,64.5,43.9,72.7,6.5,No,Yes,Postgraduate,75.9,Good
STU_14321,4.8,,52.0,81.9,30.0,8.6,No,No,School,60.6,Good
STU_14322,7.4,71.4,54.0,55.6,61.2,7.8,No,Yes,Postgraduate,68.9,Good
STU_14323,,66.3,68.7,100.0,49.5,6.5,No,Yes,Postgraduate,68.0,Good
STU_14324,3.5,57.2,40.7,62.6,47.8,7.7,No,Yes,Graduate,57.3,Average
STU_14325,7.1,94.5,53.5,80.8,69.5,7.9,Yes,Yes,Postgraduate,76.0,Good
STU_14326,3.8,85.2,58.2,53.7,66.8,4.8,No,Yes,Graduate,50.2,Average
STU_14327,6.8,78.4,77.3,72.7,75.8,7.6,Yes,Yes,Graduate,69.7,Good
STU_14328,8.4,86.4,69.2,89.8,68.2,7.0,No,Yes,Graduate,75.5,Good
STU_14329,4.2,50.0,67.8,65.1,64.9,5.6,No,Yes,Graduate,59.9,Average
STU_14330,6.4,93.9,72.0,54.8,53.1,6.3,No,Yes,School,65.0,Good
STU_14331,2.7,95.0,80.5,64.8,47.2,7.3,,Yes,Postgraduate,73.9,Good
STU_14332,6.5,71.1,65.8,67.0,71.6,7.1,Yes,Yes,Postgraduate,75.2,Good
STU_14333,5.4,57.0,49.5,56.2,57.9,6.8,Yes,Yes,Postgraduate,61.2,Good
STU_14334,,56.5,67.8,93.1,68.4,6.6,No,No,School,62.2,Good
STU_14335,3.7,96.4,52.4,70.3,61.9,7.1,No,Yes,School,60.7,Good
STU_14336,1.7,50.0,,87.9,30.0,5.1,No,Yes,Graduate,42.2,Average
STU_14337,6.0,73.1,67.8,85.0,69.7,9.1,Yes,Yes,Postgraduate,70.3,Good
STU_14338,1.0,50.0,72.8,93.8,52.0,,No,Yes,Graduate,43.2,Average
STU_14339,4.4,92.8,70.2,52.4,75.8,7.6,No,Yes,Graduate,61.2,Good
STU_14340,6.9,50.0,72.6,79.0,32.3,8.9,Yes,Yes,Graduate,75.1,Good
STU_14341,5.4,89.4,81.7,62.9,92.4,8.4,No,Yes,School,84.2,Excellent
STU_14342,8.9,54.6,50.5,68.0,52.5,7.4,Yes,Yes,Graduate,59.9,Average
STU_14343,7.1,78.7,59.2,54.9,69.5,6.9,No,Yes,School,62.5,Good
STU_14344,3.7,73.2,45.7,100.0,50.6,7.0,Yes,Yes,School,77.3,Good
STU_14345,5.1,60.1,71.7,59.7,52.8,5.0,No,Yes,Graduate,75.8,Good
STU_14346,4.9,81.0,83.4,79.1,73.0,5.5,Yes,Yes,Graduate,78.0,Good
STU_14347,1.8,75.7,56.8,52.0,58.8,7.3,No,Yes,School,57.9,Average
STU_14348,3.1,58.8,75.8,66.4,59.9,6.5,Yes,Yes,,66.2,Good
STU_14349,3.9,80.1,53.5,84.8,75.6,5.2,No,Yes,School,64.5,Good
STU_14350,1.0,50.0,,74.9,65.0,7.3,Yes,No,Graduate,62.9,Good
STU_14351,5.1,60.2,31.5,56.8,69.2,7.9,Yes,Yes,School,59.5,Average
STU_14352,4.5,80.1,87.8,60.0,52.0,8.4,No,Yes,School,72.1,Good
STU_14353,1.7,,48.6,72.3,72.7,7.6,No,Yes,School,62.1,Good
STU_14354,5.8,88.1,67.5,69.8,63.8,6.2,No,Yes,Graduate,71.2,Good
STU_14355,6.4,81.6,86.1,51.6,,7.8,Yes,Yes,School,64.7,Good
STU_14356,5.5,89.1,47.5,64.7,67.8,7.3,No,Yes,Graduate,59.3,Average
STU_14357,4.4,97.0,91.4,68.0,80.1,5.9,No,No,Graduate,64.9,Good
STU_14358,6.2,65.6,96.5,78.0,70.1,5.8,Yes,Yes,Postgraduate,83.9,Excellent
STU_14359,6.4,79.8,75.3,84.2,43.4,8.0,No,Yes,Postgraduate,67.7,Good
STU_14360,5.6,72.0,65.3,79.4,52.5,7.4,No,Yes,Postgraduate,66.6,Good
STU_14361,3.4,68.6,62.2,74.8,65.6,7.3,No,Yes,Graduate,64.7,Good
STU_14362,5.6,86.5,73.6,75.1,68.4,,No,Yes,School,73.2,Good
STU_14363,7.4,93.5,76.2,76.7,40.8,7.7,No,Yes,Graduate,59.0,Average
STU_14364,3.8,77.2,34.8,83.4,46.1,6.4,No,Yes,Graduate,57.7,Average
STU_14365,9.2,68.1,60.7,93.7,79.5,6.8,No,Yes,Graduate,77.2,Good
STU_14366,3.9,62.1,56.2,56.4,93.5,7.9,Yes,Yes,Graduate,73.0,Good
STU_14367,5.1,75.6,54.1,63.7,35.5,7.0,No,Yes,Graduate,53.7,Average
STU_14368,3.7,91.9,54.4,84.1,66.1,6.1,No,Yes,Postgraduate,64.5,Good
STU_14369,5.4,51.7,45.6,56.1,62.8,6.2,Yes,No,Postgraduate,64.5,Good
STU_14370,1.5,63.8,88.2,51.9,78.2,7.1,No,No,Postgraduate,59.6,Average
STU_14371,3.9,60.7,56.2,61.0,69.9,4.0,No,Yes,School,55.6,Average
STU_14372,2.8,89.6,62.8,71.0,75.3,9.1,No,Yes,Postgraduate,63.6,Good
STU_14373,5.3,72.1,60.3,63.3,30.0,6.8,No,Yes,Graduate,52.8,Average
STU_14374,7.0,90.8,56.8,75.2,61.9,7.6,No,Yes,Graduate,79.8,Good
STU_14375,6.3,83.0,71.3,66.0,47.5,7.8,No,Yes,School,57.3,Average
STU_14376,1.0,75.9,60.3,65.2,47.9,7.3,Yes,Yes,Graduate,54.5,Average
STU_14377,9.1,77.5,74.1,46.6,42.4,5.4,No,Yes,Graduate,69.4,Good
STU_14378,5.6,64.8,88.6,78.4,65.7,5.7,Yes,Yes,School,72.7,Good
STU_14379,3.4,50.0,48.5,78.6,67.3,5.2,No,Yes,School,60.4,Good
STU_14380,5.3,65.8,69.8,67.4,72.1,8.3,Yes,Yes,Graduate,67.4,Good
STU_14381,5.4,90.6,69.4,72.1,55.6,5.1,Yes,Yes,Graduate,68.5,Good
STU_14382,3.7,53.3,47.4,72.1,84.1,6.2,No,Yes,School,60.2,Good
STU_14383,5.4,79.7,74.7,84.7,47.1,8.6,No,Yes,Graduate,68.0,Good
STU_14384,3.8,85.5,61.1,73.1,39.1,5.6,Yes,Yes,School,65.9,Good
STU_14385,4.2,63.7,88.7,51.3,65.5,7.2,Yes,Yes,Graduate,64.6,Good
STU_14386,3.6,69.0,80.0,96.7,51.0,7.9,No,Yes,School,70.2,Good
STU_14387,2.1,86.0,65.0,88.0,70.5,6.9,No,Yes,Postgraduate,75.7,Good
STU_14388,5.3,70.8,61.8,70.7,51.5,7.2,No,Yes,School,64.6,Good
STU_14389,6.2,81.0,91.0,72.2,52.7,7.6,Yes,No,Graduate,71.0,Good
STU_14390,6.0,68.4,56.3,74.1,51.4,9.1,No,No,School,68.0,Good
STU_14391,6.6,84.7,69.0,59.2,50.3,5.9,No,Yes,Graduate,66.0,Good
STU_14392,5.6,88.6,64.0,85.6,62.0,6.5,No,No,School,72.7,Good
STU_14393,3.9,87.1,82.9,84.1,65.8,7.8,Yes,No,Postgraduate,71.8,Good
STU_14394,6.7,50.0,84.1,68.8,50.3,6.8,No,Yes,School,69.6,Good
STU_14395,2.3,50.0,73.1,79.4,43.3,6.3,No,No,Graduate,60.5,Good
STU_14396,3.2,84.3,57.1,84.6,70.0,8.2,Yes,No,Graduate,62.4,Good
STU_14397,3.1,83.0,62.7,73.2,68.2,4.3,Yes,Yes,Graduate,74.5,Good
STU_14398,7.2,86.9,46.5,55.6,,8.4,Yes,Yes,Graduate,74.5,Good
STU_14399,6.9,82.9,68.7,79.6,45.3,8.9,No,Yes,School,64.1,Good
STU_14400,6.0,80.8,52.9,70.8,48.8,6.8,No,Yes,Graduate,53.4,Average
STU_14401,7.1,78.8,98.6,54.7,75.2,5.4,Yes,No,Postgraduate,77.7,Good
STU_14402,3.2,62.0,56.8,84.5,76.3,7.2,No,,Postgraduate,67.4,Good
STU_14403,5.7,57.2,,73.3,55.5,7.6,Yes,No,Graduate,64.2,Good
STU_14404,4.7,77.0,87.9,66.8,46.8,5.0,No,Yes,Graduate,63.7,Good
STU_14405,6.7,70.7,77.4,99.0,50.8,7.1,No,Yes,School,77.7,Good
STU_14406,4.8,59.7,57.4,62.4,46.6,9.3,No,No,Graduate,65.1,Good
STU_14407,4.2,66.8,,56.8,74.8,8.5,No,No,School,63.9,Good
STU_14408,6.1,73.5,100.0,72.2,73.4,7.6,No,Yes,School,85.7,Excellent
STU_14409,6.8,97.6,94.6,67.8,63.3,7.5,Yes,No,Graduate,77.9,Good
STU_14410,3.7,78.9,69.6,62.2,51.2,7.0,Yes,No,,50.1,Average
STU_14411,4.9,90.6,59.9,89.7,,7.2,No,No,School,59.8,Average
STU_14412,2.9,78.0,51.9,54.3,52.2,6.9,Yes,Yes,School,49.9,Average
STU_14413,1.0,70.3,55.7,74.3,47.8,7.2,No,No,Postgraduate,60.0,Good
STU_14414,5.4,72.8,75.7,71.2,65.6,5.0,No,Yes,,58.6,Average
STU_14415,6.2,64.6,99.7,69.8,74.2,4.4,Yes,No,Graduate,78.2,Good
STU_14416,,69.5,63.2,86.2,74.7,6.1,No,Yes,School,69.5,Good
STU_14417,1.1,86.6,83.0,98.8,47.9,8.2,No,Yes,Graduate,70.5,Good
STU_14418,4.3,70.9,78.5,70.0,52.4,7.7,Yes,No,Graduate,59.5,Average
STU_14419,1.0,85.0,60.6,82.4,53.1,8.0,Yes,,School,67.4,Good
STU_14420,7.7,82.4,80.0,70.6,78.3,7.1,No,Yes,Postgraduate,81.3,Excellent
STU_14421,2.8,50.0,80.5,71.1,40.7,8.5,No,No,Graduate,50.6,Average
STU_14422,7.5,82.3,78.8,76.3,,8.6,No,Yes,Postgraduate,71.2,Good
STU_14423,6.9,76.4,58.8,72.4,48.0,8.4,Yes,Yes,Graduate,63.7,Good
STU_14424,3.2,88.0,75.8,57.2,58.9,6.2,Yes,Yes,Graduate,68.5,Good
STU_14425,2.7,92.9,82.8,88.6,73.1,7.1,Yes,Yes,Graduate,72.3,Good
STU_14426,5.7,80.3,79.3,76.3,56.8,6.4,No,Yes,School,73.1,Good
STU_14427,3.3,89.0,81.2,69.3,49.9,8.8,Yes,Yes,Postgraduate,68.9,Good
STU_14428,5.2,50.0,62.0,61.2,74.0,8.3,No,Yes,Graduate,73.5,Good
STU_14429,4.0,70.4,,74.1,64.1,7.5,No,Yes,Graduate,66.0,Good
STU_14430,1.4,92.4,84.4,66.6,69.7,7.8,No,No,Graduate,66.3,Good
STU_14431,1.0,87.0,58.1,72.6,66.2,7.4,No,Yes,Graduate,66.4,Good
STU_14432,5.5,77.0,44.2,67.4,42.6,5.9,No,Yes,Graduate,51.1,Average
STU_14433,3.9,98.7,89.5,58.4,82.9,8.3,No,Yes,Graduate,70.5,Good
STU_14434,3.9,50.0,58.1,92.5,58.8,9.4,Yes,Yes,Postgraduate,60.5,Good
STU_14435,6.4,50.0,53.9,56.8,75.5,7.6,Yes,Yes,Postgraduate,70.2,Good
STU_14436,7.3,71.2,68.2,59.1,56.4,6.9,No,Yes,Graduate,57.6,Average
STU_14437,4.5,77.8,61.0,79.5,71.1,6.1,No,Yes,Graduate,70.2,Good
STU_14438,4.3,67.6,36.1,74.3,78.2,6.7,Yes,Yes,Graduate,59.1,Average
STU_14439,6.0,80.2,78.4,79.3,76.1,5.5,No,No,School,68.7,Good
STU_14440,2.3,50.0,78.0,77.0,63.7,5.9,Yes,Yes,Graduate,54.4,Average
STU_14441,5.4,59.6,49.5,59.5,56.6,6.8,No,No,Graduate,55.1,Average
STU_14442,6.1,82.5,64.6,79.4,39.5,7.4,No,Yes,School,58.7,Average
STU_14443,6.4,86.3,49.7,61.0,42.2,5.2,No,Yes,Postgraduate,58.4,Average
STU_14444,1.1,65.0,52.1,84.8,79.9,7.2,No,Yes,Graduate,62.2,Good
STU_14445,3.5,71.6,56.0,56.0,48.8,8.9,Yes,Yes,School,65.9,Good
STU_14446,3.2,90.2,72.9,58.9,74.9,7.5,No,Yes,School,60.9,Good
STU_14447,5.2,51.4,95.2,59.3,76.6,7.6,No,Yes,Postgraduate,77.7,Good
STU_14448,6.0,63.7,58.8,74.3,69.3,7.5,No,Yes,Graduate,65.6,Good
STU_14449,8.0,95.1,77.6,69.3,68.3,5.1,Yes,Yes,Postgraduate,83.1,Excellent
STU_14450,4.0,95.1,77.0,71.6,43.4,5.2,Yes,Yes,Graduate,65.1,Good
STU_14451,4.0,,33.1,,40.4,7.7,Yes,Yes,School,63.0,Good
STU_14452,7.3,76.1,44.2,69.3,51.5,7.9,No,No,Graduate,59.5,Average
STU_14453,5.6,72.8,95.7,63.3,88.4,8.3,No,Yes,School,79.0,Good
STU_14454,7.5,92.7,57.4,48.8,84.0,8.6,Yes,Yes,Postgraduate,81.4,Excellent
STU_14455,5.6,62.0,71.8,50.5,62.6,,No,Yes,Graduate,61.2,Good
STU_14456,2.7,57.6,70.1,58.8,82.7,8.2,No,Yes,Postgraduate,73.0,Good
STU_14457,2.3,71.2,33.1,65.5,47.0,8.1,Yes,Yes,Graduate,57.9,Average
STU_14458,1.9,78.7,54.8,90.5,56.1,8.8,No,Yes,School,57.4,Average
STU_14459,6.3,78.6,75.9,55.7,87.4,8.9,No,Yes,Graduate,79.8,Good
STU_14460,7.4,61.4,50.9,54.7,95.6,6.5,No,Yes,Graduate,64.2,Good
STU_14461,8.7,78.1,59.3,44.5,74.3,6.9,No,Yes,Postgraduate,71.1,Good
STU_14462,6.7,69.8,46.9,77.0,36.6,7.2,No,,Graduate,54.7,Average
STU_14463,7.3,50.0,52.4,67.0,83.6,6.0,No,Yes,Graduate,67.9,Good
STU_14464,3.8,94.2,57.1,51.9,57.7,8.3,No,Yes,School,62.4,Good
STU_14465,2.7,72.6,37.1,69.6,73.6,6.7,No,Yes,School,63.3,Good
STU_14466,6.7,91.4,82.6,61.8,63.6,8.4,Yes,Yes,Graduate,61.2,Good
STU_14467,5.8,89.2,44.2,88.1,78.1,8.8,No,Yes,Graduate,66.3,Good
STU_14468,5.2,72.8,62.4,60.6,,6.7,No,Yes,Graduate,71.8,Good
STU_14469,5.8,80.5,53.8,93.8,100.0,4.9,No,Yes,Graduate,78.7,Good
STU_14470,5.6,68.8,81.2,72.4,77.4,7.0,Yes,Yes,School,74.5,Good
STU_14471,7.6,81.8,46.5,64.5,41.9,8.6,Yes,Yes,Graduate,67.7,Good
STU_14472,7.6,68.5,53.3,66.4,35.1,8.6,No,Yes,School,43.1,Average
STU_14473,6.1,67.5,44.9,74.1,35.3,6.9,Yes,Yes,Graduate,51.5,Average
STU_14474,6.7,72.1,30.0,66.2,71.5,7.1,Yes,Yes,School,67.1,Good
STU_14475,6.0,79.6,72.6,57.0,77.4,6.8,No,Yes,Graduate,61.0,Good
STU_14476,4.1,75.5,65.5,78.8,,6.3,Yes,No,School,56.6,Average
STU_14477,,51.7,68.3,83.9,81.5,4.9,No,Yes,Postgraduate,63.0,Good
STU_14478,2.2,85.8,77.2,84.4,67.6,7.6,No,Yes,Graduate,67.1,Good
STU_14479,7.1,67.5,66.6,67.8,87.9,6.4,No,Yes,Graduate,81.5,Excellent
STU_14480,2.6,73.7,58.3,85.3,46.5,7.3,No,Yes,Postgraduate,50.2,Average
STU_14481,5.6,85.8,68.9,74.4,66.7,7.8,Yes,Yes,School,69.3,Good
STU_14482,3.3,76.4,57.4,65.9,66.5,8.1,No,Yes,Graduate,67.6,Good
STU_14483,6.1,84.1,81.7,62.1,49.6,6.2,No,Yes,Postgraduate,64.2,Good
STU_14484,4.9,,59.6,82.9,41.7,5.8,No,No,Graduate,62.3,Good
STU_14485,1.8,70.6,63.2,46.4,76.9,7.7,No,Yes,Graduate,70.4,Good
STU_14486,5.8,71.3,74.5,89.4,65.7,7.8,No,Yes,Graduate,78.6,Good
STU_14487,3.8,77.0,100.0,71.8,68.3,6.3,Yes,Yes,Graduate,77.7,Good
STU_14488,6.8,73.8,49.7,61.6,83.8,8.2,No,Yes,Graduate,78.5,Good
STU_14489,5.0,62.3,46.7,60.0,61.4,7.0,Yes,,School,58.9,Average
STU_14490,5.8,70.0,61.3,63.8,67.0,6.1,No,Yes,Graduate,64.8,Good
STU_14491,3.1,83.0,53.8,79.9,67.6,5.8,Yes,No,Graduate,57.4,Average
STU_14492,3.8,61.3,75.5,74.4,68.1,7.6,Yes,Yes,Graduate,74.6,Good
STU_14493,4.1,89.5,68.0,63.6,39.5,7.3,Yes,Yes,Graduate,73.8,Good
STU_14494,6.7,93.2,48.2,62.4,61.7,7.5,No,Yes,Postgraduate,53.4,Average
STU_14495,8.4,62.4,76.2,74.4,80.5,5.7,No,Yes,Graduate,72.8,Good
STU_14496,3.4,76.0,92.7,100.0,60.0,4.3,Yes,Yes,Graduate,76.4,Good
STU_14497,7.2,70.1,53.0,100.0,54.4,7.7,No,No,School,61.3,Good
STU_14498,1.0,73.4,69.9,84.7,77.5,8.4,No,Yes,School,71.5,Good
STU_14499,2.6,69.4,32.1,59.2,62.2,5.1,Yes,Yes,Postgraduate,57.7,Average
STU_14500,3.1,88.7,59.5,80.6,51.9,6.5,Yes,Yes,Graduate,66.5,Good
STU_14501,2.3,88.3,69.6,59.6,48.2,10.0,No,Yes,Postgraduate,72.2,Good
STU_14502,1.8,86.0,62.9,66.8,61.1,7.7,Yes,Yes,Graduate,64.5,Good
STU_14503,5.8,53.6,66.7,89.1,51.4,8.6,No,Yes,Graduate,63.8,Good
STU_14504,4.6,87.5,53.3,66.6,76.4,9.0,Yes,Yes,Graduate,61.7,Good
STU_14505,5.8,69.4,83.9,66.0,49.8,6.4,No,No,Graduate,68.2,Good
STU_14506,6.4,95.0,58.8,62.9,66.5,9.8,No,Yes,Graduate,62.2,Good
STU_14507,5.5,64.4,46.6,58.6,68.7,4.9,Yes,Yes,School,64.4,Good
STU_14508,6.3,69.7,64.4,66.3,72.1,7.6,No,No,Postgraduate,65.8,Good
STU_14509,4.9,88.0,78.8,80.4,87.1,7.4,Yes,Yes,Graduate,68.3,Good
STU_14510,2.6,53.1,73.3,79.5,40.4,5.7,Yes,No,Graduate,64.1,Good
STU_14511,,80.5,57.2,74.1,71.7,6.1,Yes,Yes,School,74.2,Good
STU_14512,3.8,86.2,91.6,86.5,72.0,6.3,No,Yes,Postgraduate,83.9,Excellent
STU_14513,3.1,61.6,63.9,45.9,44.6,5.3,Yes,Yes,Postgraduate,45.6,Average
STU_14514,4.6,66.9,39.3,70.7,66.2,5.3,No,Yes,Graduate,66.9,Good
STU_14515,3.2,92.7,73.9,60.1,55.3,6.6,No,Yes,Graduate,74.7,Good
STU_14516,4.2,67.8,62.9,97.8,84.4,6.4,Yes,Yes,Graduate,70.2,Good
STU_14517,5.7,56.5,63.9,66.4,52.9,6.2,No,Yes,Graduate,64.1,Good
STU_14518,5.7,66.2,78.3,80.4,58.6,8.0,No,Yes,Postgraduate,70.1,Good
STU_14519,3.2,59.9,61.1,84.0,55.9,6.1,No,Yes,Postgraduate,60.9,Good
STU_14520,4.0,81.0,60.6,64.8,48.6,7.3,Yes,Yes,,62.8,Good
STU_14521,7.1,60.1,46.2,83.0,37.2,7.0,No,Yes,Graduate,55.8,Average
STU_14522,6.0,88.9,57.1,84.6,48.7,6.6,Yes,Yes,Graduate,66.9,Good
STU_14523,,,68.7,81.1,64.3,5.4,No,Yes,Graduate,88.0,Excellent
STU_14524,7.4,93.4,56.2,62.7,66.5,6.8,No,No,Graduate,59.1,Average
STU_14525,7.3,52.1,40.0,50.0,75.0,6.2,Yes,Yes,School,62.0,Good
STU_14526,2.2,64.2,,99.9,78.8,8.2,Yes,Yes,School,87.4,Excellent
STU_14527,6.5,81.0,75.4,65.9,68.4,7.8,Yes,No,Graduate,72.2,Good
STU_14528,4.9,50.0,75.5,84.1,74.7,6.3,No,Yes,School,74.6,Good
STU_14529,3.9,95.0,51.1,63.5,70.4,5.9,No,No,School,55.4,Average
STU_14530,5.3,61.0,64.7,,44.4,5.9,No,Yes,Graduate,60.9,Good
STU_14531,6.9,67.6,68.6,63.0,68.1,6.7,Yes,Yes,Postgraduate,64.0,Good
STU_14532,6.0,68.5,73.9,71.4,62.2,8.3,No,Yes,Graduate,70.3,Good
STU_14533,3.2,58.7,74.3,100.0,53.0,8.4,Yes,No,Graduate,78.6,Good
STU_14534,6.5,89.7,,47.6,62.2,4.0,No,Yes,Postgraduate,64.6,Good
STU_14535,3.7,82.4,90.8,86.9,67.7,8.8,Yes,Yes,School,77.5,Good
STU_14536,5.4,66.3,46.9,69.6,58.8,6.9,Yes,Yes,Graduate,59.3,Average
STU_14537,4.4,73.3,40.5,79.9,77.9,5.3,Yes,Yes,Postgraduate,64.4,Good
STU_14538,4.6,,30.0,65.1,67.5,6.9,Yes,Yes,School,52.8,Average
STU_14539,6.5,86.2,75.5,92.9,76.0,6.0,Yes,No,Postgraduate,76.5,Good
STU_14540,2.9,69.2,86.7,58.6,82.1,9.0,Yes,No,Graduate,73.5,Good
STU_14541,8.9,50.0,55.5,70.5,55.7,6.3,Yes,Yes,School,79.9,Good
STU_14542,1.4,71.6,38.5,83.1,54.9,5.9,No,Yes,Postgraduate,60.9,Good
STU_14543,3.8,94.2,78.1,58.5,80.5,9.5,Yes,No,Graduate,68.8,Good
STU_14544,5.7,73.8,45.5,71.8,49.7,7.5,Yes,No,Graduate,54.4,Average
STU_14545,6.2,67.3,74.3,55.6,60.4,6.4,No,No,Graduate,58.9,Average
STU_14546,4.8,68.1,51.1,64.4,54.2,9.2,Yes,No,Graduate,72.3,Good
STU_14547,4.9,69.2,,100.0,46.1,8.6,Yes,Yes,School,71.5,Good
STU_14548,,79.8,69.8,88.8,70.0,6.3,Yes,Yes,Graduate,78.4,Good
STU_14549,4.5,81.2,69.9,79.3,57.7,6.0,,Yes,Graduate,74.5,Good
STU_14550,7.8,50.0,66.6,75.2,47.2,7.1,Yes,Yes,Graduate,71.2,Good
STU_14551,6.7,61.3,87.1,48.1,76.8,6.8,Yes,Yes,Graduate,60.4,Good
STU_14552,6.7,56.8,90.7,67.4,40.8,6.1,No,Yes,Postgraduate,62.4,Good
STU_14553,3.1,61.2,91.9,82.9,59.6,,Yes,,School,77.4,Good
STU_14554,4.8,91.4,62.4,63.8,76.2,9.1,No,Yes,Postgraduate,84.1,Excellent
STU_14555,4.4,87.9,66.6,75.0,76.6,8.3,Yes,No,School,77.8,Good
STU_14556,3.0,80.6,85.7,56.0,68.8,7.5,Yes,Yes,Postgraduate,70.5,Good
STU_14557,5.7,75.1,55.2,54.8,47.9,6.6,Yes,Yes,Postgraduate,64.1,Good
STU_14558,3.9,,58.6,100.0,64.6,6.8,No,Yes,Graduate,61.2,Good
STU_14559,6.3,60.3,65.3,,67.7,7.8,No,Yes,Graduate,76.8,Good
STU_14560,2.9,87.7,64.7,68.8,54.9,7.7,Yes,Yes,Graduate,65.3,Good
STU_14561,8.4,62.6,60.7,59.1,68.0,7.1,Yes,Yes,Postgraduate,71.2,Good
STU_14562,3.2,50.0,51.0,56.8,38.4,8.3,Yes,Yes,School,53.2,Average
STU_14563,5.4,63.9,77.8,75.6,33.9,5.6,Yes,Yes,Graduate,64.9,Good
STU_14564,6.6,57.1,59.2,97.1,51.7,8.2,Yes,Yes,Graduate,52.8,Average
STU_14565,3.9,64.1,67.3,,73.1,7.7,No,Yes,Postgraduate,62.7,Good
STU_14566,6.7,57.9,64.9,72.8,75.8,5.3,Yes,No,School,64.4,Good
STU_14567,2.5,58.5,75.1,72.1,41.5,6.2,No,Yes,Graduate,57.3,Average
STU_14568,7.9,68.9,71.8,93.3,85.5,8.8,No,Yes,Graduate,84.3,Excellent
STU_14569,5.0,72.0,61.2,73.9,63.4,7.6,Yes,Yes,Postgraduate,71.6,Good
STU_14570,3.8,85.1,58.8,50.5,37.2,6.9,No,No,Graduate,50.3,Average
STU_14571,4.4,74.1,63.3,80.5,66.9,7.4,No,Yes,Postgraduate,68.8,Good
STU_14572,6.6,78.7,48.4,72.4,82.4,7.0,Yes,Yes,School,56.1,Average
STU_14573,3.8,94.0,52.9,57.9,54.2,7.4,Yes,Yes,School,65.2,Good
STU_14574,3.5,84.0,73.0,84.8,77.6,8.1,Yes,Yes,Graduate,76.3,Good
STU_14575,4.6,72.8,69.5,65.6,85.1,9.2,Yes,Yes,School,70.7,Good
STU_14576,2.6,82.4,50.5,74.7,62.6,5.8,No,No,Graduate,56.5,Average
STU_14577,8.6,76.1,63.2,72.0,50.1,8.4,No,Yes,Postgraduate,61.4,Good
STU_14578,3.9,78.1,41.6,65.8,80.7,6.6,No,Yes,Graduate,74.4,Good
STU_14579,6.7,69.1,67.0,58.6,,5.5,Yes,Yes,Postgraduate,69.6,Good
STU_14580,5.4,57.4,60.0,77.8,41.9,8.6,No,,Graduate,51.0,Average
STU_14581,3.0,75.8,96.4,52.9,60.4,6.2,Yes,Yes,Postgraduate,68.8,Good
STU_14582,5.0,96.4,73.8,83.0,73.5,8.2,Yes,Yes,School,76.3,Good
STU_14583,6.6,88.0,50.7,58.0,74.4,8.3,No,Yes,Postgraduate,75.4,Good
STU_14584,4.6,58.4,50.5,53.7,57.4,,No,Yes,School,53.9,Average
STU_14585,7.4,53.0,74.6,89.6,46.7,8.5,Yes,Yes,Graduate,70.2,Good
STU_14586,7.0,53.1,78.2,71.3,87.1,8.6,No,Yes,Graduate,72.4,Good
STU_14587,6.8,57.3,92.9,43.3,63.4,8.4,No,Yes,Postgraduate,61.8,Good
STU_14588,4.1,59.5,82.3,69.8,59.1,7.3,No,Yes,Graduate,58.8,Average
STU_14589,2.8,82.4,72.2,78.6,52.6,8.6,Yes,Yes,Graduate,69.8,Good
STU_14590,3.8,52.2,86.3,78.9,58.8,6.7,Yes,Yes,Postgraduate,73.9,Good
STU_14591,5.4,50.0,66.1,59.2,36.8,6.3,No,Yes,Postgraduate,63.0,Good
STU_14592,6.1,61.7,65.5,61.2,78.0,7.7,No,Yes,,66.3,Good
STU_14593,1.0,71.4,,72.3,57.7,8.5,Yes,Yes,Postgraduate,66.9,Good
STU_14594,5.0,76.6,87.6,84.5,30.0,6.8,No,No,Graduate,59.1,Average
STU_14595,5.3,90.3,67.0,51.6,46.2,6.5,No,Yes,Postgraduate,59.6,Average
STU_14596,4.4,92.5,63.5,52.4,77.3,5.3,Yes,Yes,School,65.7,Good
STU_14597,7.6,60.9,53.1,89.2,,6.0,No,Yes,School,66.3,Good
STU_14598,5.8,70.7,83.4,87.0,49.4,6.2,No,Yes,Graduate,66.5,Good
STU_14599,7.6,54.2,79.8,56.8,64.1,8.5,No,Yes,School,62.3,Good
STU_14600,4.6,50.0,51.5,64.6,57.2,6.5,Yes,Yes,Graduate,44.5,Average
STU_14601,6.9,77.2,72.7,99.5,63.8,7.6,No,Yes,Graduate,86.9,Excellent
STU_14602,8.3,62.1,76.9,82.3,67.1,5.2,No,No,Graduate,74.0,Good
STU_14603,7.6,64.4,46.3,69.3,48.9,8.6,Yes,Yes,,60.5,Good
STU_14604,2.8,71.5,74.6,86.0,52.8,7.3,No,Yes,Graduate,61.0,Good
STU_14605,4.5,,71.6,63.2,50.2,5.4,No,Yes,Graduate,62.1,Good
STU_14606,4.3,86.2,74.3,72.2,50.7,6.4,Yes,Yes,School,64.9,Good
STU_14607,6.0,50.3,94.8,65.7,52.0,6.1,No,,Postgraduate,80.8,Excellent
STU_14608,6.4,50.4,100.0,79.9,57.4,7.3,No,Yes,Postgraduate,73.9,Good
STU_14609,3.3,50.0,83.5,79.8,,6.6,Yes,No,School,61.1,Good
STU_14610,5.1,83.8,68.9,73.1,64.6,6.6,Yes,Yes,Postgraduate,76.8,Good
STU_14611,1.0,,74.6,77.1,57.0,6.0,No,Yes,School,66.0,Good
STU_14612,7.9,83.9,71.5,85.9,50.7,5.5,No,Yes,Graduate,65.6,Good
STU_14613,4.0,56.6,100.0,76.5,31.2,8.0,Yes,Yes,Graduate,70.0,Good
STU_14614,5.1,50.0,67.1,73.2,47.6,8.2,No,Yes,Graduate,68.8,Good
STU_14615,,59.1,58.8,76.0,56.2,6.2,Yes,Yes,School,70.2,Good
STU_14616,7.3,66.7,73.2,87.0,77.3,7.6,No,No,Postgraduate,70.2,Good
STU_14617,1.0,50.0,96.3,,60.9,5.9,Yes,Yes,Postgraduate,65.0,Good
STU_14618,5.0,66.7,50.5,75.8,37.8,7.9,No,Yes,Postgraduate,51.8,Average
STU_14619,4.8,89.5,54.9,43.6,63.6,6.8,Yes,Yes,School,64.9,Good
STU_14620,4.1,50.0,,66.0,54.8,6.1,Yes,Yes,Postgraduate,60.5,Good
STU_14621,8.5,97.0,47.0,96.4,71.1,5.8,Yes,Yes,Graduate,84.9,Excellent
STU_14622,3.2,80.7,50.7,58.9,38.6,8.3,No,Yes,Graduate,55.8,Average
STU_14623,6.5,74.6,79.1,47.2,81.4,5.3,No,Yes,Postgraduate,67.6,Good
STU_14624,5.7,86.0,68.3,56.8,69.2,6.9,No,Yes,Graduate,68.6,Good
STU_14625,7.5,87.2,45.6,80.0,58.7,4.7,No,Yes,Graduate,62.2,Good
STU_14626,3.7,83.8,75.3,68.2,37.3,5.8,Yes,Yes,Graduate,55.7,Average
STU_14627,3.5,89.4,70.2,55.9,38.6,5.5,No,Yes,Graduate,54.4,Average
STU_14628,7.2,52.4,79.3,86.9,73.0,4.1,Yes,Yes,Postgraduate,80.2,Excellent
STU_14629,5.9,50.3,55.9,76.0,74.9,6.4,Yes,Yes,Postgraduate,64.1,Good
STU_14630,1.9,70.9,46.6,,78.7,6.6,No,Yes,Graduate,57.9,Average
STU_14631,3.9,52.8,75.2,66.9,88.7,5.6,Yes,Yes,School,62.3,Good
STU_14632,5.8,86.3,77.4,99.9,74.0,6.3,Yes,Yes,Graduate,70.3,Good
STU_14633,6.7,69.0,48.4,65.7,68.5,6.7,No,Yes,Graduate,75.2,Good
STU_14634,3.6,77.8,68.6,46.3,100.0,4.7,Yes,Yes,School,66.8,Good
STU_14635,1.0,84.0,55.8,76.6,,7.0,No,Yes,Graduate,56.5,Average
STU_14636,,90.2,79.6,75.4,60.4,7.7,No,No,Postgraduate,70.8,Good
STU_14637,2.6,77.9,74.9,88.7,37.3,7.4,No,No,Graduate,63.9,Good
STU_14638,1.0,72.4,83.3,64.5,72.0,7.4,Yes,Yes,Postgraduate,69.8,Good
STU_14639,1.0,75.0,52.4,76.2,58.7,6.8,Yes,Yes,Graduate,64.1,Good
STU_14640,6.6,89.7,54.7,73.5,52.1,7.4,No,Yes,Graduate,67.3,Good
STU_14641,5.3,79.8,59.4,69.9,52.4,8.3,Yes,Yes,,64.8,Good
STU_14642,4.5,50.0,57.0,74.5,49.3,10.0,No,Yes,Graduate,65.3,Good
STU_14643,7.8,85.8,70.5,78.4,59.3,5.8,No,No,Graduate,69.1,Good
STU_14644,6.3,53.4,48.8,77.7,38.9,6.0,No,Yes,Graduate,56.9,Average
STU_14645,8.2,92.1,87.8,82.9,40.4,5.8,No,Yes,School,72.1,Good
STU_14646,2.2,71.6,91.2,40.0,44.3,8.5,No,Yes,School,64.7,Good
STU_14647,4.9,70.6,81.6,49.1,52.1,8.9,Yes,Yes,Postgraduate,68.4,Good
STU_14648,1.8,72.6,72.5,73.0,54.6,7.9,No,No,,58.7,Average
STU_14649,4.5,88.4,63.2,71.6,30.0,5.4,Yes,Yes,Graduate,46.5,Average
STU_14650,,77.4,67.8,55.8,53.8,6.6,Yes,Yes,Postgraduate,66.3,Good
STU_14651,6.3,78.0,53.7,65.3,48.5,7.4,Yes,Yes,Postgraduate,68.4,Good
STU_14652,5.1,99.3,67.4,58.4,74.5,7.4,No,Yes,School,74.1,Good
STU_14653,6.2,86.0,70.0,78.2,47.6,9.3,No,Yes,Postgraduate,69.1,Good
STU_14654,6.4,52.8,52.6,57.5,78.1,,No,Yes,Graduate,68.5,Good
STU_14655,9.3,79.2,89.3,73.0,89.9,,Yes,Yes,Graduate,91.1,Excellent
STU_14656,4.4,74.4,63.7,84.4,80.7,6.5,No,Yes,Graduate,60.0,Good
STU_14657,3.1,71.0,49.6,57.8,46.3,7.5,Yes,Yes,Postgraduate,62.4,Good
STU_14658,5.5,86.5,61.9,51.2,70.3,5.0,No,Yes,School,62.5,Good
STU_14659,3.4,82.3,56.0,59.3,,7.1,No,Yes,Postgraduate,59.0,Average
STU_14660,8.0,50.0,52.4,57.8,48.8,7.2,Yes,Yes,School,55.4,Average
STU_14661,4.4,50.0,88.6,70.6,49.9,5.5,Yes,Yes,Graduate,70.9,Good
STU_14662,3.9,50.0,65.1,46.2,64.2,6.6,Yes,No,School,57.7,Average
STU_14663,4.1,81.2,80.4,92.5,48.0,8.8,Yes,Yes,Graduate,62.1,Good
STU_14664,6.4,82.9,71.2,52.4,62.6,7.0,No,Yes,School,61.5,Good
STU_14665,4.7,83.5,,51.1,82.2,7.7,Yes,Yes,Graduate,79.6,Good
STU_14666,3.7,64.2,64.8,70.9,44.4,9.9,Yes,Yes,School,64.2,Good
STU_14667,8.3,88.1,58.5,68.3,36.3,6.5,No,Yes,Postgraduate,63.3,Good
STU_14668,3.3,57.6,84.5,89.2,51.8,8.0,No,Yes,School,64.7,Good
STU_14669,5.1,50.0,74.8,66.2,84.8,6.8,No,Yes,Graduate,65.7,Good
STU_14670,6.3,67.1,62.3,66.0,73.0,8.3,Yes,Yes,Graduate,65.3,Good
STU_14671,1.7,70.6,79.9,,48.3,6.9,Yes,No,School,61.9,Good
STU_14672,6.0,76.3,87.7,83.3,45.3,8.3,Yes,Yes,Graduate,83.5,Excellent
STU_14673,2.9,76.6,70.5,42.8,67.2,8.6,Yes,Yes,Graduate,60.3,Good
STU_14674,6.6,61.2,88.3,70.9,63.6,6.8,No,Yes,Graduate,73.6,Good
STU_14675,3.1,76.2,57.8,100.0,72.0,8.3,Yes,Yes,Postgraduate,68.9,Good
STU_14676,6.4,79.3,51.5,61.3,43.5,4.9,Yes,Yes,School,57.7,Average
STU_14677,7.2,77.4,59.9,72.1,60.7,7.2,Yes,Yes,Postgraduate,73.5,Good
STU_14678,6.7,62.3,65.6,84.3,76.3,8.6,No,Yes,Postgraduate,87.1,Excellent
STU_14679,5.5,67.2,88.3,76.8,80.1,9.9,Yes,Yes,School,85.4,Excellent
STU_14680,4.5,89.5,59.3,55.3,42.2,5.5,No,Yes,Graduate,64.1,Good
STU_14681,3.8,50.0,70.8,69.1,60.6,5.6,No,Yes,Graduate,59.5,Average
STU_14682,7.9,76.5,81.5,52.6,57.4,6.4,No,Yes,Graduate,64.4,Good
STU_14683,3.6,65.3,72.0,55.0,48.6,7.2,Yes,No,Graduate,57.9,Average
STU_14684,2.9,50.0,57.6,,50.2,6.2,Yes,Yes,,56.3,Average
STU_14685,6.3,58.7,45.8,82.0,71.1,8.1,No,No,Graduate,61.8,Good
STU_14686,3.4,71.4,83.3,95.0,49.7,6.7,No,Yes,School,69.8,Good
STU_14687,3.1,84.5,49.2,82.9,60.0,6.1,No,Yes,Graduate,65.9,Good
STU_14688,2.1,60.5,59.3,68.0,69.8,5.7,No,Yes,Postgraduate,68.7,Good
STU_14689,4.0,87.4,65.5,55.8,90.0,7.1,No,Yes,School,71.6,Good
STU_14690,4.8,50.9,84.0,89.6,66.8,7.6,No,Yes,Graduate,74.2,Good
STU_14691,5.5,50.0,80.0,78.8,73.5,8.1,No,Yes,Graduate,68.0,Good
STU_14692,6.9,50.0,67.2,81.2,66.2,6.5,Yes,Yes,Graduate,78.8,Good
STU_14693,6.1,97.1,83.2,78.0,58.7,7.6,Yes,Yes,Graduate,81.5,Excellent
STU_14694,4.6,50.0,86.5,86.6,58.4,8.9,No,,School,67.1,Good
STU_14695,4.6,64.6,57.8,48.7,60.1,8.5,Yes,Yes,Graduate,64.8,Good
STU_14696,6.0,60.6,59.1,53.0,30.0,6.5,Yes,Yes,Graduate,55.2,Average
STU_14697,7.5,75.1,76.2,57.8,56.8,7.8,No,Yes,Graduate,75.8,Good
STU_14698,5.3,73.7,90.5,75.1,69.0,6.8,No,Yes,School,72.5,Good
STU_14699,4.1,58.9,54.6,63.6,50.2,6.5,Yes,Yes,,54.9,Average
STU_14700,3.0,50.0,37.4,85.8,85.2,5.9,No,No,Graduate,50.8,Average
STU_14701,2.1,91.1,74.7,69.8,64.0,9.1,Yes,Yes,,63.9,Good
STU_14702,6.3,85.0,85.5,100.0,,6.2,,Yes,Graduate,89.3,Excellent
STU_14703,6.2,87.9,66.9,94.0,75.4,6.8,Yes,Yes,Postgraduate,96.7,Excellent
STU_14704,6.2,,100.0,71.9,71.0,4.7,Yes,Yes,School,79.1,Good
STU_14705,4.7,50.0,52.4,51.0,80.1,8.3,No,Yes,Graduate,58.0,Average
STU_14706,7.8,85.1,53.9,79.6,83.2,7.0,No,Yes,Graduate,74.0,Good
STU_14707,4.0,60.3,,54.4,85.4,8.4,Yes,Yes,School,63.0,Good
STU_14708,6.9,51.8,66.3,56.4,69.3,7.4,No,Yes,Graduate,64.1,Good
STU_14709,4.9,56.2,66.7,64.5,45.4,7.2,No,Yes,Graduate,63.9,Good
STU_14710,3.8,83.8,53.5,64.2,58.2,8.0,Yes,Yes,Graduate,53.6,Average
STU_14711,6.2,,81.9,77.7,88.2,7.0,Yes,No,School,77.4,Good
STU_14712,5.8,53.9,69.0,74.6,,4.8,No,Yes,School,77.0,Good
STU_14713,5.7,65.8,49.5,55.9,55.1,7.3,Yes,Yes,School,64.1,Good
STU_14714,5.2,81.2,74.2,65.9,53.3,8.3,Yes,Yes,Postgraduate,81.8,Excellent
STU_14715,4.9,70.3,58.7,51.0,44.8,6.0,No,No,School,51.2,Average
STU_14716,9.8,73.2,66.5,75.6,76.7,4.5,Yes,Yes,Graduate,75.2,Good
STU_14717,7.4,79.2,78.3,44.0,54.8,6.1,Yes,Yes,Graduate,69.5,Good
STU_14718,6.4,90.6,80.0,66.7,46.3,7.4,No,No,Graduate,62.3,Good
STU_14719,5.2,75.2,78.7,61.0,48.1,5.6,,No,Graduate,60.5,Good
STU_14720,7.0,51.7,65.7,77.6,30.0,6.9,No,Yes,Graduate,59.1,Average
STU_14721,6.0,66.4,50.4,58.7,73.3,7.5,Yes,Yes,Postgraduate,74.0,Good
STU_14722,5.1,77.5,60.2,58.1,58.2,5.9,No,Yes,School,65.7,Good
STU_14723,4.4,50.0,65.3,75.5,,8.5,Yes,Yes,School,62.3,Good
STU_14724,,59.0,88.2,76.3,84.2,7.8,Yes,Yes,Postgraduate,80.5,Excellent
STU_14725,1.0,78.7,57.1,55.4,62.7,5.8,Yes,No,Postgraduate,66.9,Good
STU_14726,5.4,91.9,68.0,78.2,30.0,7.8,No,Yes,Graduate,65.5,Good
STU_14727,4.0,63.5,46.5,100.0,73.5,6.0,No,Yes,Postgraduate,63.4,Good
STU_14728,8.2,94.8,70.1,63.4,45.8,6.4,Yes,No,Graduate,69.1,Good
STU_14729,5.0,66.6,64.3,52.8,71.5,7.1,Yes,Yes,Graduate,59.8,Average
STU_14730,2.6,97.4,63.1,70.8,70.1,8.0,Yes,Yes,Postgraduate,66.5,Good
STU_14731,4.9,68.9,77.7,50.7,64.2,6.9,No,Yes,Graduate,73.4,Good
STU_14732,2.9,92.1,54.7,66.4,42.0,7.5,Yes,Yes,Postgraduate,61.3,Good
STU_14733,5.9,80.8,86.0,62.9,42.3,8.7,No,Yes,Graduate,68.0,Good
STU_14734,5.6,59.5,53.6,79.7,61.2,7.3,No,Yes,Graduate,65.9,Good
STU_14735,6.9,91.2,85.5,45.4,46.9,6.2,No,Yes,Graduate,66.3,Good
STU_14736,3.4,79.1,41.1,47.9,81.5,7.8,No,Yes,Graduate,46.0,Average
STU_14737,5.1,76.7,69.6,75.3,60.4,6.3,Yes,Yes,Graduate,73.9,Good
STU_14738,2.3,82.8,74.2,77.6,45.9,6.7,No,Yes,Graduate,66.5,Good
STU_14739,6.4,73.6,59.6,40.0,78.0,7.7,Yes,No,Graduate,65.4,Good
STU_14740,6.0,81.1,69.2,91.3,31.4,7.7,No,Yes,School,60.3,Good
STU_14741,6.0,84.6,59.5,82.3,59.9,6.8,Yes,Yes,Postgraduate,82.7,Excellent
STU_14742,5.0,54.9,71.7,60.6,70.9,6.6,Yes,Yes,Graduate,64.6,Good
STU_14743,5.8,86.1,68.8,71.3,45.5,9.2,Yes,Yes,Graduate,62.7,Good
STU_14744,8.2,57.6,98.3,42.4,55.1,4.4,No,Yes,Graduate,70.1,Good
STU_14745,4.4,50.0,44.3,79.9,51.2,7.4,No,Yes,Graduate,61.1,Good
STU_14746,5.3,78.2,68.0,58.2,44.0,7.0,Yes,Yes,Graduate,65.2,Good
STU_14747,2.8,50.0,58.7,65.0,63.2,6.5,Yes,Yes,Postgraduate,64.2,Good
STU_14748,3.3,96.1,66.9,68.5,75.6,7.3,Yes,Yes,Postgraduate,79.4,Good
STU_14749,5.2,58.7,63.0,86.9,94.1,5.8,Yes,Yes,Graduate,78.5,Good
STU_14750,7.2,64.6,59.8,76.5,74.2,5.4,,Yes,Graduate,79.0,Good
STU_14751,4.5,79.4,57.2,65.0,57.7,8.2,No,Yes,Graduate,65.0,Good
STU_14752,4.5,70.4,75.7,61.8,79.8,6.2,No,Yes,Graduate,69.6,Good
STU_14753,4.2,71.7,59.4,73.2,43.9,6.9,No,Yes,Postgraduate,58.0,Average
STU_14754,3.9,88.9,64.7,68.8,53.4,4.3,Yes,Yes,Postgraduate,74.0,Good
STU_14755,5.6,50.0,67.8,66.6,77.2,4.9,,Yes,Graduate,71.7,Good
STU_14756,2.0,80.0,54.1,70.1,51.5,7.3,No,Yes,Graduate,54.8,Average
STU_14757,7.6,59.3,74.1,66.2,62.9,8.3,No,Yes,Postgraduate,69.3,Good
STU_14758,3.7,,50.6,48.1,50.8,6.2,No,Yes,Postgraduate,49.3,Average
STU_14759,6.4,93.2,72.4,69.2,58.5,9.0,No,Yes,Graduate,81.4,Excellent
STU_14760,2.5,91.0,71.0,69.7,60.9,8.5,No,Yes,Graduate,68.3,Good
STU_14761,6.3,64.6,63.0,71.9,69.5,8.1,Yes,Yes,Postgraduate,80.8,Excellent
STU_14762,6.3,50.0,48.6,56.0,64.7,8.3,Yes,Yes,School,72.2,Good
STU_14763,5.8,72.1,65.1,58.8,73.4,8.6,No,Yes,School,77.7,Good
STU_14764,3.0,50.0,49.5,92.9,68.3,6.4,Yes,Yes,School,60.2,Good
STU_14765,5.5,,63.3,59.6,58.8,6.4,No,Yes,School,79.1,Good
STU_14766,2.6,52.3,76.8,77.1,52.3,7.8,No,Yes,Postgraduate,68.4,Good
STU_14767,4.5,50.0,,58.8,47.4,5.5,No,Yes,School,48.0,Average
STU_14768,7.1,61.9,83.8,43.5,30.0,7.4,Yes,Yes,Graduate,62.4,Good
STU_14769,6.6,61.2,69.4,68.5,60.2,7.6,Yes,Yes,Postgraduate,71.2,Good
STU_14770,5.0,50.0,76.6,78.6,43.7,7.8,No,Yes,Postgraduate,67.9,Good
STU_14771,3.1,50.0,75.8,65.3,48.0,7.7,No,Yes,Graduate,60.9,Good
STU_14772,6.3,83.6,86.1,42.1,57.2,5.5,No,Yes,Graduate,70.7,Good
STU_14773,5.0,74.3,45.4,40.0,53.7,5.0,No,No,Graduate,46.3,Average
STU_14774,1.0,71.2,57.2,86.2,70.8,7.1,Yes,Yes,School,65.1,Good
STU_14775,6.6,77.9,65.4,69.8,59.3,9.9,Yes,Yes,School,66.3,Good
STU_14776,5.0,50.0,77.0,78.5,88.0,5.8,No,Yes,School,74.1,Good
STU_14777,7.4,86.0,67.5,73.2,97.1,6.6,Yes,,Graduate,81.2,Excellent
STU_14778,2.8,84.8,64.9,53.9,57.1,7.4,Yes,Yes,School,56.9,Average
STU_14779,1.0,89.6,80.5,66.4,48.4,6.4,No,No,,63.7,Good
STU_14780,5.6,50.0,59.9,46.2,33.8,7.8,No,Yes,Postgraduate,56.1,Average
STU_14781,5.6,73.4,59.2,83.2,91.2,7.9,No,No,Graduate,76.1,Good
STU_14782,,88.2,72.8,74.5,50.4,8.8,Yes,,Graduate,61.5,Good
STU_14783,3.0,83.1,100.0,80.4,53.4,7.7,No,No,Postgraduate,75.7,Good
STU_14784,10.0,83.4,64.7,88.1,50.8,6.6,Yes,Yes,School,74.8,Good
STU_14785,4.4,54.6,55.3,65.0,56.8,8.0,Yes,Yes,Graduate,57.7,Average
STU_14786,6.5,99.9,56.5,59.6,54.4,7.0,No,Yes,School,69.2,Good
STU_14787,3.7,91.9,59.5,68.5,75.2,6.5,Yes,Yes,Graduate,73.7,Good
STU_14788,1.0,81.7,84.9,87.7,30.0,6.5,Yes,Yes,Graduate,44.6,Average
STU_14789,4.7,75.7,59.5,48.1,59.0,6.4,No,Yes,School,44.7,Average
STU_14790,4.5,79.1,69.6,70.3,73.5,8.3,No,Yes,School,78.0,Good
STU_14791,4.2,51.5,63.6,81.3,51.0,8.3,No,Yes,Postgraduate,56.0,Average
STU_14792,4.8,59.3,45.3,74.3,71.4,7.3,Yes,Yes,Graduate,56.1,Average
STU_14793,5.5,74.9,60.1,85.0,63.4,6.5,Yes,No,Graduate,67.4,Good
STU_14794,4.7,97.6,30.0,48.5,50.5,7.2,Yes,Yes,Graduate,55.0,Average
STU_14795,2.5,66.6,67.6,85.2,33.0,6.1,No,Yes,Postgraduate,56.2,Average
STU_14796,6.0,86.2,72.3,61.3,68.5,6.9,Yes,No,School,50.0,Average
STU_14797,1.1,93.3,52.3,40.7,67.1,5.2,Yes,Yes,Graduate,56.2,Average
STU_14798,1.0,95.3,56.9,65.4,50.1,6.9,No,Yes,Postgraduate,68.4,Good
STU_14799,6.5,96.0,44.9,58.3,74.2,8.0,No,Yes,Graduate,58.0,Average
STU_14800,6.0,96.1,31.8,67.7,54.2,6.4,Yes,No,Graduate,68.1,Good
STU_14801,4.9,80.0,42.4,48.7,78.6,8.2,No,Yes,Postgraduate,60.7,Good
STU_14802,2.2,76.6,74.8,68.3,66.8,7.7,Yes,Yes,Graduate,77.7,Good
STU_14803,3.6,96.1,60.3,62.0,85.7,7.5,No,Yes,Postgraduate,74.5,Good
STU_14804,4.5,64.6,68.1,97.8,67.8,6.3,No,Yes,,67.0,Good
STU_14805,1.8,85.9,95.6,72.4,62.4,5.9,No,Yes,Postgraduate,75.5,Good
STU_14806,3.5,52.0,80.0,73.2,31.8,8.2,Yes,Yes,Graduate,68.0,Good
STU_14807,6.3,50.0,73.1,66.8,62.9,5.6,Yes,Yes,Graduate,59.4,Average
STU_14808,7.9,68.1,57.7,87.5,,6.5,No,No,Postgraduate,70.4,Good
STU_14809,4.2,84.6,88.4,76.8,87.8,7.3,,Yes,Postgraduate,88.7,Excellent
STU_14810,6.5,62.2,83.5,91.2,65.4,9.9,No,Yes,School,73.9,Good
STU_14811,1.2,63.9,78.4,84.8,74.5,7.9,No,Yes,Postgraduate,62.5,Good
STU_14812,6.3,81.6,64.9,64.6,84.5,6.2,Yes,Yes,School,85.2,Excellent
STU_14813,3.4,90.3,51.1,80.2,83.4,7.0,No,No,School,54.7,Average
STU_14814,5.6,64.7,87.8,81.4,60.6,6.7,No,No,School,68.0,Good
STU_14815,4.5,90.0,78.1,83.2,96.1,7.4,Yes,Yes,Postgraduate,83.9,Excellent
STU_14816,7.6,83.8,61.9,75.6,53.9,8.2,Yes,,Graduate,83.5,Excellent
STU_14817,3.3,74.5,60.8,51.2,83.3,6.3,Yes,Yes,School,50.4,Average
STU_14818,6.3,80.5,46.7,69.6,50.1,7.2,No,Yes,Graduate,60.8,Good
STU_14819,4.4,63.2,76.4,71.6,75.8,8.2,Yes,Yes,School,67.0,Good
STU_14820,4.7,69.7,67.6,71.0,46.6,5.6,No,Yes,Graduate,57.8,Average
STU_14821,4.6,97.2,71.0,,71.9,6.8,Yes,Yes,Graduate,85.7,Excellent
STU_14822,3.3,76.2,79.0,61.0,48.3,6.6,Yes,Yes,School,55.9,Average
STU_14823,5.0,74.8,75.8,71.9,45.4,7.0,No,Yes,Postgraduate,58.9,Average
STU_14824,4.9,66.8,51.9,69.0,46.5,4.3,Yes,Yes,Graduate,51.4,Average
STU_14825,5.5,60.1,65.3,79.6,70.0,6.2,No,Yes,Graduate,70.0,Good
STU_14826,5.2,56.5,71.2,95.3,69.9,4.5,Yes,No,Graduate,71.8,Good
STU_14827,6.6,50.0,72.3,78.7,69.8,5.7,No,Yes,Graduate,69.5,Good
STU_14828,6.8,68.3,41.1,77.8,65.5,7.2,No,No,Graduate,59.3,Average
STU_14829,2.9,90.7,49.9,,54.3,7.5,No,Yes,School,63.0,Good
STU_14830,6.7,52.3,74.9,48.4,50.5,6.5,Yes,Yes,Graduate,51.1,Average
STU_14831,2.6,90.4,74.6,73.6,45.4,4.5,No,Yes,Graduate,69.5,Good
STU_14832,6.2,,89.1,67.4,44.5,6.3,No,Yes,Graduate,61.3,Good
STU_14833,6.2,50.0,,76.4,81.4,5.5,No,Yes,Postgraduate,73.2,Good
STU_14834,1.2,50.0,78.5,61.4,45.1,6.7,Yes,Yes,Graduate,61.5,Good
STU_14835,5.2,50.0,70.6,89.6,47.1,7.1,Yes,Yes,Postgraduate,72.2,Good
STU_14836,4.1,86.5,49.2,53.3,46.0,5.1,No,Yes,Graduate,53.5,Average
STU_14837,3.5,82.1,38.5,67.3,40.8,6.5,Yes,Yes,Graduate,50.8,Average
STU_14838,7.7,57.1,79.1,64.5,66.9,4.4,Yes,No,School,70.4,Good
STU_14839,3.7,88.5,50.2,85.4,53.4,6.8,No,Yes,Graduate,69.3,Good
STU_14840,3.4,81.2,45.3,66.8,59.4,6.8,No,No,Graduate,54.0,Average
STU_14841,5.2,73.7,71.8,61.9,60.1,5.2,Yes,Yes,Graduate,63.8,Good
STU_14842,6.4,87.0,64.9,71.1,66.6,5.3,No,Yes,School,68.5,Good
STU_14843,4.7,50.0,73.6,59.0,63.6,9.1,Yes,Yes,School,62.4,Good
STU_14844,7.3,72.4,71.5,69.7,80.9,7.4,No,Yes,,73.1,Good
STU_14845,6.1,50.0,100.0,,51.3,6.2,Yes,Yes,Graduate,82.1,Excellent
STU_14846,1.0,76.1,75.9,100.0,52.5,6.6,Yes,Yes,School,61.7,Good
STU_14847,3.9,76.9,74.9,63.5,60.6,5.6,No,Yes,Postgraduate,74.1,Good
STU_14848,3.9,50.0,51.8,68.7,60.8,7.3,No,No,Postgraduate,63.1,Good
STU_14849,6.0,71.5,88.4,73.1,38.3,6.9,Yes,Yes,Postgraduate,62.0,Good
STU_14850,1.0,74.4,57.4,73.8,36.8,7.9,Yes,No,Graduate,47.9,Average
STU_14851,10.0,84.7,51.3,84.6,59.7,8.2,No,Yes,Graduate,73.4,Good
STU_14852,6.1,70.6,,96.9,84.2,8.6,Yes,Yes,Postgraduate,80.4,Excellent
STU_14853,5.3,78.3,71.6,58.8,85.8,8.0,Yes,Yes,Graduate,70.7,Good
STU_14854,7.4,50.0,58.1,76.1,44.1,6.7,No,Yes,School,66.6,Good
STU_14855,9.7,,51.9,67.7,55.1,5.4,Yes,Yes,Graduate,69.2,Good
STU_14856,6.7,50.0,51.5,74.6,64.6,6.6,No,Yes,Graduate,64.6,Good
STU_14857,6.9,55.9,68.1,85.5,66.9,6.9,No,Yes,Graduate,79.8,Good
STU_14858,5.3,63.8,73.4,92.8,,7.5,No,Yes,School,62.4,Good
STU_14859,4.7,84.7,74.6,82.2,89.2,6.3,No,Yes,Graduate,74.5,Good
STU_14860,4.0,92.4,41.7,74.4,52.9,5.6,No,Yes,Graduate,56.3,Average
STU_14861,3.3,68.9,52.5,84.4,67.9,7.3,Yes,Yes,School,55.8,Average
STU_14862,3.6,50.0,79.0,58.2,56.7,9.9,No,Yes,Graduate,61.8,Good
STU_14863,2.3,86.5,58.6,59.8,56.8,8.7,No,Yes,Graduate,62.3,Good
STU_14864,4.8,50.0,68.0,72.4,74.1,8.4,Yes,No,School,58.2,Average
STU_14865,1.6,72.8,100.0,86.3,77.8,6.6,Yes,Yes,School,70.2,Good
STU_14866,5.4,53.2,31.2,65.9,72.9,6.1,No,Yes,Graduate,57.9,Average
STU_14867,4.9,76.4,63.1,67.3,47.9,7.9,No,Yes,Postgraduate,65.2,Good
STU_14868,5.3,72.9,75.6,42.2,40.5,8.5,Yes,Yes,Graduate,58.3,Average
STU_14869,4.0,78.8,50.3,100.0,100.0,6.7,Yes,Yes,School,74.3,Good
STU_14870,10.0,91.9,63.0,66.8,66.9,6.3,No,No,Graduate,81.2,Excellent
STU_14871,7.7,56.5,47.0,40.0,47.6,6.4,Yes,No,Graduate,50.0,Average
STU_14872,2.5,72.9,73.7,72.3,77.1,7.3,No,Yes,Graduate,77.6,Good
STU_14873,5.5,84.6,54.9,76.6,47.5,6.9,Yes,Yes,Graduate,61.0,Good
STU_14874,3.8,73.4,58.5,66.8,93.5,7.0,Yes,No,Graduate,72.3,Good
STU_14875,3.0,50.0,78.5,57.3,55.5,8.5,Yes,Yes,School,56.6,Average
STU_14876,2.3,72.5,73.3,82.6,75.7,8.0,No,Yes,School,65.9,Good
STU_14877,5.9,70.2,79.6,81.0,61.3,6.8,Yes,Yes,School,68.7,Good
STU_14878,3.6,77.4,91.4,77.4,37.6,7.0,No,Yes,Postgraduate,72.0,Good
STU_14879,6.9,69.0,66.1,59.3,,8.2,No,Yes,School,71.0,Good
STU_14880,7.0,82.1,96.8,61.5,49.7,7.6,No,Yes,School,72.2,Good
STU_14881,7.7,68.3,67.9,65.1,51.0,9.0,No,Yes,Postgraduate,62.1,Good
STU_14882,3.3,78.9,84.8,64.2,65.0,7.8,No,Yes,School,70.8,Good
STU_14883,6.0,58.7,64.6,,30.0,7.3,No,Yes,School,67.0,Good
STU_14884,6.3,68.3,77.6,64.5,65.1,6.4,No,Yes,Graduate,75.2,Good
STU_14885,4.1,61.5,58.6,56.7,30.4,5.1,Yes,Yes,School,42.4,Average
STU_14886,3.5,50.0,85.1,75.9,67.7,8.3,No,Yes,Graduate,65.5,Good
STU_14887,8.2,83.5,82.3,100.0,49.2,8.3,No,Yes,Graduate,74.2,Good
STU_14888,5.5,86.9,61.8,59.0,64.2,8.6,No,No,School,62.7,Good
STU_14889,6.3,82.3,67.3,60.1,40.7,5.5,Yes,Yes,Postgraduate,68.0,Good
STU_14890,3.4,66.2,50.8,68.3,51.9,7.5,No,No,Graduate,61.1,Good
STU_14891,2.6,72.4,79.0,80.6,30.0,6.2,Yes,Yes,Graduate,63.5,Good
STU_14892,3.9,96.4,77.6,77.9,42.1,6.9,Yes,Yes,Postgraduate,78.3,Good
STU_14893,4.8,66.4,46.5,68.3,84.4,5.1,No,Yes,Postgraduate,77.6,Good
STU_14894,2.9,90.0,97.6,63.9,84.8,6.2,No,Yes,Graduate,85.4,Excellent
STU_14895,5.0,76.3,71.0,99.4,42.1,6.9,Yes,Yes,Postgraduate,67.5,Good
STU_14896,1.6,50.4,61.5,,56.6,7.5,Yes,Yes,Graduate,65.2,Good
STU_14897,2.8,67.9,83.0,94.3,69.3,7.9,Yes,Yes,Graduate,78.2,Good
STU_14898,6.3,71.9,57.2,79.8,63.3,8.9,No,No,Graduate,77.8,Good
STU_14899,6.2,71.0,84.6,68.7,52.8,6.9,No,No,Graduate,86.5,Excellent
STU_14900,4.2,50.0,47.4,75.6,37.1,6.4,No,Yes,Graduate,50.4,Average
STU_14901,3.0,54.9,61.7,95.3,76.0,7.4,No,Yes,Graduate,70.3,Good
STU_14902,2.9,,63.7,77.2,53.9,7.4,No,Yes,Graduate,61.6,Good
STU_14903,4.3,79.4,56.8,45.9,35.7,5.7,Yes,Yes,Graduate,60.6,Good
STU_14904,6.3,89.6,53.9,89.6,61.3,5.5,Yes,No,School,67.6,Good
STU_14905,6.9,68.3,57.7,91.0,56.5,9.8,No,Yes,Graduate,74.4,Good
STU_14906,4.0,74.8,57.0,87.3,53.9,7.3,No,Yes,School,63.1,Good
STU_14907,2.7,84.1,58.0,51.2,64.0,8.0,Yes,Yes,School,50.0,Average
STU_14908,5.5,50.0,86.5,75.4,58.6,7.7,No,Yes,Graduate,70.3,Good
STU_14909,3.4,50.0,71.5,84.4,79.9,7.6,Yes,Yes,School,71.9,Good
STU_14910,4.0,82.7,63.7,70.2,47.4,8.5,No,Yes,Graduate,63.8,Good
STU_14911,7.7,52.9,76.5,75.3,49.7,9.7,Yes,Yes,Graduate,77.6,Good
STU_14912,6.7,94.8,63.6,77.8,74.3,7.7,No,Yes,School,71.5,Good
STU_14913,5.3,63.9,53.1,58.4,100.0,7.1,Yes,Yes,School,63.8,Good
STU_14914,2.5,97.4,40.9,76.6,99.4,8.2,Yes,Yes,School,78.5,Good
STU_14915,5.4,55.8,79.8,56.2,73.7,6.7,No,No,Graduate,64.3,Good
STU_14916,7.1,87.0,31.6,68.6,56.4,5.6,No,Yes,Postgraduate,63.2,Good
STU_14917,4.2,60.2,42.4,61.9,53.5,7.8,Yes,Yes,Graduate,56.6,Average
STU_14918,7.7,71.5,72.6,82.3,55.8,5.9,Yes,Yes,School,63.7,Good
STU_14919,7.6,76.8,64.7,79.4,34.1,6.1,No,Yes,School,72.6,Good
STU_14920,8.3,76.2,86.9,77.9,72.9,5.5,Yes,No,School,80.9,Excellent
STU_14921,5.6,84.5,55.3,73.9,83.1,4.0,No,Yes,Postgraduate,76.5,Good
STU_14922,6.2,66.9,76.5,76.1,59.8,5.4,No,No,School,74.8,Good
STU_14923,7.8,71.3,62.4,98.1,95.5,7.1,Yes,Yes,School,83.0,Excellent
STU_14924,5.9,,73.2,88.5,100.0,8.4,Yes,Yes,Graduate,88.8,Excellent
STU_14925,4.0,65.4,67.5,56.5,76.2,6.4,Yes,Yes,Graduate,68.1,Good
STU_14926,4.1,72.1,72.6,62.5,51.3,6.2,Yes,Yes,Graduate,68.8,Good
STU_14927,5.5,87.8,,67.1,48.3,6.9,No,Yes,Graduate,63.3,Good
STU_14928,2.4,84.0,69.4,66.6,74.4,6.9,No,Yes,Graduate,76.7,Good
STU_14929,4.7,50.3,48.7,58.4,78.9,6.9,No,Yes,Graduate,54.8,Average
STU_14930,7.2,50.0,66.1,78.2,51.5,8.3,No,Yes,Graduate,75.4,Good
STU_14931,1.0,50.0,74.0,69.1,43.4,6.6,No,Yes,School,62.8,Good
STU_14932,8.1,93.0,64.2,73.0,34.6,6.4,No,Yes,Postgraduate,70.0,Good
STU_14933,7.2,90.3,63.5,46.1,45.3,7.0,Yes,Yes,,61.8,Good
STU_14934,4.1,53.5,36.8,48.0,55.3,7.8,Yes,Yes,Graduate,60.0,Good
STU_14935,,62.7,88.0,62.4,79.4,10.0,Yes,Yes,Graduate,83.6,Excellent
STU_14936,5.0,75.6,44.5,78.5,52.8,9.1,No,Yes,Graduate,56.6,Average
STU_14937,7.5,67.8,55.7,76.7,30.0,7.3,No,Yes,Graduate,64.1,Good
STU_14938,7.0,74.8,53.2,84.1,51.5,6.4,No,Yes,Graduate,65.3,Good
STU_14939,2.2,68.2,69.5,60.2,56.7,6.9,Yes,Yes,Postgraduate,65.2,Good
STU_14940,6.2,63.3,70.1,79.6,56.3,6.2,Yes,Yes,Graduate,74.0,Good
STU_14941,4.6,52.4,74.9,91.4,30.0,7.3,,No,Graduate,57.4,Average
STU_14942,5.2,77.4,75.6,83.0,56.5,7.4,Yes,Yes,Graduate,64.3,Good
STU_14943,,75.8,90.9,,83.1,7.7,Yes,Yes,Graduate,70.8,Good
STU_14944,8.5,50.0,60.4,85.5,54.5,4.6,Yes,Yes,Postgraduate,79.4,Good
STU_14945,7.1,54.0,52.5,74.6,51.2,5.9,Yes,Yes,Graduate,64.8,Good
STU_14946,3.5,73.5,61.5,76.4,49.6,8.7,Yes,Yes,Graduate,71.2,Good
STU_14947,2.3,50.0,,100.0,64.5,5.7,Yes,Yes,Postgraduate,75.9,Good
STU_14948,4.2,72.3,59.8,73.5,37.6,6.1,No,Yes,Graduate,59.1,Average
STU_14949,5.9,71.1,41.7,78.8,43.9,6.6,No,Yes,Graduate,61.9,Good
STU_14950,5.5,77.4,52.5,71.3,80.0,8.7,No,Yes,Graduate,74.8,Good
STU_14951,7.5,89.5,39.7,66.6,72.7,7.8,Yes,Yes,Graduate,57.1,Average
STU_14952,6.6,78.4,83.1,75.1,53.3,6.7,Yes,,Graduate,70.4,Good
STU_14953,6.9,83.5,66.7,63.9,,6.4,Yes,Yes,School,71.1,Good
STU_14954,5.7,72.6,93.2,72.0,47.3,6.2,Yes,Yes,Postgraduate,80.6,Excellent
STU_14955,2.2,65.4,81.7,65.8,47.1,5.5,No,,Graduate,52.0,Average
STU_14956,4.6,60.1,83.1,40.9,46.8,6.0,Yes,Yes,Graduate,65.3,Good
STU_14957,7.1,61.2,62.9,63.1,36.9,9.1,No,Yes,School,56.2,Average
STU_14958,4.9,55.1,72.4,83.4,60.5,,No,No,Graduate,70.4,Good
STU_14959,6.0,64.4,51.6,77.3,93.8,6.6,No,Yes,Postgraduate,72.3,Good
STU_14960,4.4,,57.0,66.7,30.0,6.4,No,Yes,School,49.4,Average
STU_14961,2.9,60.3,65.2,71.4,89.0,8.4,No,Yes,Graduate,66.6,Good
STU_14962,4.8,84.5,38.9,58.7,30.0,6.3,No,Yes,School,46.6,Average
STU_14963,5.6,81.2,57.4,60.2,70.0,7.8,No,Yes,Postgraduate,75.4,Good
STU_14964,3.7,55.1,76.9,70.1,32.3,5.7,No,Yes,Graduate,51.8,Average
STU_14965,4.5,,57.6,67.0,70.2,7.2,Yes,Yes,Graduate,59.4,Average
STU_14966,3.1,90.3,54.0,59.5,49.0,6.4,Yes,Yes,Graduate,51.5,Average
STU_14967,7.2,50.0,59.2,69.1,73.5,7.6,Yes,Yes,Graduate,67.2,Good
STU_14968,4.4,88.1,76.2,54.4,49.1,8.5,Yes,Yes,Graduate,64.7,Good
STU_14969,7.9,92.6,70.4,92.0,69.9,6.3,,Yes,Graduate,81.4,Excellent
STU_14970,8.1,52.8,61.6,82.5,58.5,5.7,Yes,Yes,,71.8,Good
STU_14971,4.8,71.7,65.3,40.0,81.3,6.6,Yes,Yes,School,61.0,Good
STU_14972,3.0,50.0,77.9,81.7,58.9,8.6,Yes,No,Graduate,77.6,Good
STU_14973,1.0,51.5,84.6,64.8,65.3,7.2,No,No,School,63.2,Good
STU_14974,2.1,,57.9,62.3,62.9,6.9,Yes,Yes,Graduate,56.7,Average
STU_14975,2.3,78.9,63.8,80.5,76.0,8.4,Yes,Yes,,70.1,Good
STU_14976,7.8,92.3,83.7,68.0,76.9,7.6,No,Yes,Graduate,87.2,Excellent
STU_14977,5.2,58.3,72.8,64.6,62.6,9.8,No,Yes,Graduate,63.7,Good
STU_14978,5.8,62.6,44.0,51.4,34.2,5.7,No,Yes,,50.5,Average
STU_14979,1.0,98.4,51.6,82.8,46.3,7.0,,Yes,School,54.2,Average
STU_14980,2.6,91.1,52.1,84.5,74.5,5.3,No,Yes,Postgraduate,75.4,Good
STU_14981,6.8,92.8,58.8,72.3,37.2,5.7,Yes,Yes,Graduate,67.6,Good
STU_14982,5.6,71.4,70.5,53.7,50.2,8.6,Yes,Yes,Graduate,60.3,Good
STU_14983,4.7,60.1,93.3,74.2,52.2,5.9,No,Yes,School,81.3,Excellent
STU_14984,6.1,74.4,63.8,79.0,58.2,8.9,Yes,Yes,Postgraduate,66.3,Good
STU_14985,8.3,99.5,74.9,69.6,55.9,5.7,Yes,Yes,Graduate,76.0,Good
STU_14986,4.6,66.5,82.0,82.3,62.5,6.9,No,Yes,Graduate,79.2,Good
STU_14987,5.1,50.0,87.3,72.4,44.8,5.6,No,Yes,Graduate,65.0,Good
STU_14988,5.4,79.7,82.0,74.3,48.0,7.8,No,Yes,Graduate,67.6,Good
STU_14989,9.8,50.0,53.8,90.7,90.3,7.2,Yes,No,Postgraduate,83.5,Excellent
STU_14990,1.0,85.7,43.2,63.1,84.3,8.5,Yes,Yes,Postgraduate,64.8,Good
STU_14991,6.4,85.6,55.6,48.0,70.1,8.0,No,Yes,Graduate,60.4,Good
STU_14992,4.8,77.7,67.5,67.6,71.7,7.1,Yes,Yes,Graduate,75.0,Good
STU_14993,6.1,50.0,53.9,62.1,66.1,7.1,Yes,Yes,Graduate,59.1,Average
STU_14994,3.7,50.0,40.6,50.1,60.9,5.5,No,Yes,Graduate,43.2,Average
STU_14995,4.9,78.0,46.8,78.7,47.8,7.5,No,No,Graduate,59.8,Average
STU_14996,6.4,74.2,100.0,70.0,84.9,6.9,No,Yes,Postgraduate,79.5,Good
STU_14997,10.0,92.2,61.7,44.5,91.6,7.8,No,No,Graduate,75.9,Good
STU_14998,6.6,82.1,92.0,91.6,52.8,7.9,Yes,Yes,Graduate,82.7,Excellent
STU_14999,3.3,95.1,61.5,59.8,79.2,6.2,No,Yes,School,67.1,Good
